{
  "atom_type": [
    "La",
    "Mn",
    "Ni",
    "O"
  ],
  "atoms_per_type": [
    6,
    2,
    4,
    18
  ],
  "coord_mode": "direct",
  "relaxed_forces": [
    [-0.00010529, 0.0019622, -2.964e-05],
    [0.05130633, 0.04088016, -0.04029395],
    [-0.05360193, 0.04176281, 0.03877952],
    [-0.00010529, -0.0019622, -2.964e-05],
    [0.05130633, -0.04088016, -0.04029395],
    [-0.05360193, -0.04176281, 0.03877952],
    [-0.06955441, 0.0, 0.03741715],
    [0.07093218, 0.0, -0.03813464],
    [0.00050141, 0.0, -0.0002673],
    [-0.00639862, 0.0, 0.01503701],
    [-0.00073344, 0.0, 0.0009058],
    [0.00630606, 0.0, -0.01301156],
    [-0.01357476, 0.0, -0.01139129],
    [0.01789448, 0.0, 0.01170289],
    [0.00882735, 0.0, -0.00214343],
    [-0.01216942, 0.0, -0.01276643],
    [0.01435821, 0.0, 0.01582447],
    [-0.00933555, 0.0, 0.00260289],
    [-0.01014917, 0.0001241, -0.00985269],
    [0.00227142, -0.01485496, -0.00091929],
    [0.0065081, -0.00234118, 0.01039827],
    [-0.01014917, -0.0001241, -0.00985269],
    [0.00227142, 0.01485496, -0.00091929],
    [0.0065081, 0.00234118, 0.01039827],
    [-0.00073659, 0.0, -0.00190236],
    [0.01962678, 0.0, -0.02195163],
    [0.00170686, 0.0, -0.01430642],
    [0.0006877, 0.0, 0.0010332],
    [-0.00272424, 0.0, 0.01448986],
    [-0.01807292, 0.0, 0.02069737]
  ],
  "relaxed_lattice": [
    [3.85949603, -3.87362315, 3.8659278],
    [3.85949603, 3.87362315, 3.8659278],
    [-3.85800414, 0.0, 7.73036463]
  ],
  "relaxed_basis": [
    [0.1666732, 0.16666007, 0.33332785],
    [0.33226998, 0.33653326, 0.66321569],
    [0.49681383, 0.50106275, 0.00344908],
    [0.66666007, 0.6666732, 0.33332785],
    [0.83653326, 0.83226998, 0.66321569],
    [0.00106275, 0.99681383, 0.00344908],
    [0.83389115, 0.33389115, 0.6667748],
    [0.49943421, 0.99943421, 0.99990042],
    [0.66666669, 0.16666669, 0.33333529],
    [0.33327763, 0.83327763, 0.666593],
    [0.1666663, 0.6666663, 0.33333521],
    [5.262e-05, 0.50005262, 6.719e-05],
    [0.75153144, 0.25153144, 0.50427063],
    [0.58181041, 0.08181041, 0.16238566],
    [0.41781497, 0.91781497, 0.83528394],
    [0.24892468, 0.74892468, 0.49905869],
    [0.08442199, 0.58442199, 0.16762103],
    [0.91550802, 0.41550802, 0.8313894],
    [0.0777592, 0.08847798, 0.66702322],
    [0.91773388, 0.91560962, 0.33332367],
    [0.74486078, 0.75554727, 0.99965713],
    [0.58847798, 0.5777592, 0.66702322],
    [0.41560962, 0.41773388, 0.33332367],
    [0.25554727, 0.24486078, 0.99965713],
    [0.66666508, 0.16666508, 0.8333266],
    [0.50024132, 0.00024132, 0.49997739],
    [0.33754733, 0.83754733, 0.16203757],
    [0.16666408, 0.66666408, 0.83332314],
    [0.99578627, 0.49578627, 0.50463095],
    [0.833094, 0.333094, 0.16669581]
  ],
  "relaxed_energy": -213.97205479,
  "relaxed_magmom": 11.9999,
  "relaxed_mag_basis": [
    0.01,
    0.01,
    0.013,
    0.01,
    0.013,
    0.01,
    3.249,
    3.249,
    1.503,
    1.537,
    1.465,
    1.537,
    -0.017,
    -0.017,
    -0.016,
    -0.069,
    -0.069,
    -0.016,
    -0.011,
    -0.066,
    -0.007,
    -0.007,
    -0.066,
    -0.011,
    -0.011,
    -0.07,
    -0.029,
    -0.08,
    -0.029,
    -0.07
  ]
}