{
  "atom_type": [
    "La",
    "Mn",
    "Ni",
    "O"
  ],
  "atoms_per_type": [
    4,
    1,
    3,
    12
  ],
  "coord_mode": "direct",
  "relaxed_forces": [
    [-0.0, -0.09132229, 0.09132229],
    [-0.0, 0.09132229, -0.09132229],
    [-0.0, -0.09132229, -0.09132229],
    [-0.0, 0.09132229, 0.09132229],
    [-0.0, 0.0, -0.0],
    [-0.0, 0.0, -0.0],
    [0.0, 0.0, -0.0],
    [0.0, 0.0, -0.0],
    [0.0, 0.0, 0.03297452],
    [-0.0, 0.0, -0.01822508],
    [-0.0, 0.0, -0.03297452],
    [-0.0, 0.0, 0.01822508],
    [-0.0, 0.03297452, -0.0],
    [0.0, -0.03297452, -0.0],
    [-0.0, -0.01822508, -0.0],
    [-0.0, 0.01822508, -0.0],
    [-0.0, 0.0, -0.0],
    [-0.0, 0.0, -0.0],
    [-0.0, 0.0, -0.0],
    [-0.0, 0.0, -0.0]
  ],
  "relaxed_lattice": [
    [3.8511409, 0.0, 0.0],
    [0.0, 7.72719334, 0.0],
    [0.0, 0.0, 7.72719334]
  ],
  "relaxed_basis": [
    [0.0, 0.49613326, 0.00386674],
    [0.0, 0.00386674, 0.49613326],
    [0.0, 0.49613326, 0.49613326],
    [0.0, 0.00386674, 0.00386674],
    [0.5, 0.75, 0.75],
    [0.5, 0.25, 0.25],
    [0.5, 0.75, 0.25],
    [0.5, 0.25, 0.75],
    [0.5, 0.75, 0.50497365],
    [0.5, 0.25, 0.49947608],
    [0.5, 0.75, 0.99502635],
    [0.5, 0.25, 0.00052392],
    [0.5, 0.50497365, 0.75],
    [0.5, 0.99502635, 0.75],
    [0.5, 0.49947608, 0.25],
    [0.5, 0.00052392, 0.25],
    [0.0, 0.75, 0.75],
    [0.0, 0.25, 0.75],
    [0.0, 0.75, 0.25],
    [0.0, 0.25, 0.25]
  ],
  "relaxed_energy": -140.16870927,
  "relaxed_magmom": 7.0011,
  "relaxed_mag_basis": [
    0.009,
    0.009,
    0.009,
    0.009,
    3.26,
    1.374,
    1.494,
    1.479,
    -0.015,
    -0.079,
    -0.015,
    -0.079,
    -0.022,
    -0.022,
    -0.07,
    -0.07,
    -0.044,
    -0.064,
    -0.066,
    -0.082
  ]
}