{
  "atom_type": [
    "La",
    "Mn",
    "Ni",
    "O"
  ],
  "atoms_per_type": [
    6,
    4,
    2,
    18
  ],
  "coord_mode": "direct",
  "relaxed_forces": [
    [0.0, 0.0, -0.0],
    [0.0, -0.08220481, 0.05846304],
    [0.0, -0.08220481, -0.05846304],
    [0.0, 0.0, -0.0],
    [0.0, 0.08220481, 0.05846304],
    [0.0, 0.08220481, -0.05846304],
    [0.0, 0.0, -0.05195201],
    [0.0, 0.0, -0.04403506],
    [0.0, 0.0, 0.05195201],
    [0.0, 0.0, 0.04403506],
    [-0.0, 0.0, -0.00656266],
    [-0.0, 0.0, 0.00656266],
    [-0.0, 0.0, 0.13705128],
    [0.0, 0.0, 0.16012842],
    [-0.0, 0.0, 0.00311896],
    [-0.0, 0.0, -0.00311896],
    [0.0, 0.0, -0.16012842],
    [-0.0, 0.0, -0.13705128],
    [0.0, 0.0, -0.0],
    [0.0, 0.0005722, -0.00859531],
    [0.0, 0.0005722, 0.00859531],
    [0.0, 0.0, -0.0],
    [0.0, -0.0005722, -0.00859531],
    [0.0, -0.0005722, 0.00859531],
    [0.0, 0.0, -0.06760117],
    [0.0, 0.0, -0.02955722],
    [0.0, 0.0, 0.02955722],
    [0.0, 0.0, 0.06760117],
    [0.0, 0.0, 0.04726641],
    [0.0, 0.0, -0.04726641]
  ],
  "relaxed_lattice": [
    [3.91742958, 0.0, 0.0],
    [0.0, 7.80247661, 0.0],
    [0.0, 0.0, 11.65984037]
  ],
  "relaxed_basis": [
    [0.0, 0.5, 0.3333333],
    [0.0, 0.99151847, 0.66100505],
    [0.0, 0.49151847, 0.00566165],
    [0.0, 0.0, 0.3333333],
    [0.0, 0.50848153, 0.66100505],
    [0.0, 0.00848153, 0.00566165],
    [0.5, 0.25, 0.50021732],
    [0.5, 0.75, 0.83425199],
    [0.5, 0.75, 0.16644938],
    [0.5, 0.25, 0.83241461],
    [0.5, 0.75, 0.49908069],
    [0.5, 0.25, 0.16758601],
    [0.5, 0.75, 0.66997338],
    [0.5, 0.25, 0.33668142],
    [0.5, 0.75, 5.447e-05],
    [0.5, 0.25, 0.66661223],
    [0.5, 0.75, 0.32998518],
    [0.5, 0.25, 0.99669332],
    [0.5, 0.5, 0.8333333],
    [0.5, 0.00621283, 0.50098491],
    [0.5, 0.50621283, 0.16568179],
    [0.5, 0.0, 0.8333333],
    [0.5, 0.49378717, 0.50098491],
    [0.5, 0.99378717, 0.16568179],
    [0.0, 0.75, 0.83243892],
    [0.0, 0.25, 0.50092613],
    [0.0, 0.75, 0.16574057],
    [0.0, 0.25, 0.83422768],
    [0.0, 0.75, 0.50211739],
    [0.0, 0.25, 0.16454931]
  ],
  "relaxed_energy": -226.66206117,
  "relaxed_magmom": 18.0021,
  "relaxed_mag_basis": [
    0.013,
    0.016,
    0.016,
    0.013,
    0.016,
    0.016,
    3.528,
    3.681,
    3.528,
    3.682,
    1.714,
    1.714,
    -0.027,
    -0.017,
    -0.018,
    -0.018,
    -0.017,
    -0.027,
    -0.027,
    -0.002,
    -0.002,
    -0.027,
    -0.002,
    -0.002,
    -0.038,
    -0.04,
    -0.04,
    -0.038,
    0.03,
    0.03
  ]
}