{
  "atom_type": [
    "La",
    "Mn",
    "Ni",
    "O"
  ],
  "atoms_per_type": [
    6,
    4,
    2,
    18
  ],
  "coord_mode": "direct",
  "relaxed_forces": [
    [0.0, -0.0, -0.14969029],
    [0.0, 0.0, -0.0],
    [0.0, -0.0, 0.14969029],
    [0.0, -0.0, -0.14969029],
    [0.0, 0.0, -0.0],
    [0.0, -0.0, 0.14969029],
    [0.0, 0.0, -0.0],
    [0.0, -0.0, -0.0900419],
    [0.0, 0.0, 0.0900419],
    [0.0, 0.0, -0.0],
    [0.0, -0.0, -0.00606725],
    [0.0, -0.0, 0.00606725],
    [0.0, 0.0, -0.0],
    [0.0, 0.0, 0.05480552],
    [0.0, 0.0, -0.27136611],
    [0.0, 0.0, -0.0],
    [0.0, 0.0, 0.27136611],
    [0.0, -0.0, -0.05480552],
    [0.0, -0.04817264, 0.04155192],
    [0.0, 0.08366933, -0.0],
    [0.0, -0.04817264, -0.04155192],
    [0.0, 0.04817264, 0.04155192],
    [0.0, -0.08366933, -0.0],
    [0.0, 0.04817264, -0.04155192],
    [-0.04817264, 0.0, 0.04155192],
    [0.08366933, 0.0, -0.0],
    [-0.04817264, 0.0, -0.04155192],
    [0.04817264, 0.0, 0.04155192],
    [-0.08366933, 0.0, -0.0],
    [0.04817264, 0.0, -0.04155192]
  ],
  "relaxed_lattice": [
    [3.89168698, 3.89168698, 0.0],
    [3.89168698, -3.89168698, 0.0],
    [0.0, 0.0, -11.7094014]
  ],
  "relaxed_basis": [
    [0.5, 0.5, 0.33767558],
    [0.0, 0.0, 0.6666667],
    [0.5, 0.5, 0.99565772],
    [0.0, 0.0, 0.33767558],
    [0.5, 0.5, 0.6666667],
    [0.0, 0.0, 0.99565772],
    [0.5, 0.0, 0.1666667],
    [0.0, 0.5, 0.49958471],
    [0.0, 0.5, 0.83374859],
    [0.0, 0.5, 0.1666667],
    [0.5, 0.0, 0.50045249],
    [0.5, 0.0, 0.83288081],
    [0.0, 0.5, 0.6666667],
    [0.5, 0.0, 0.33021607],
    [0.0, 0.5, 0.00028493],
    [0.5, 0.0, 0.6666667],
    [0.0, 0.5, 0.33304837],
    [0.5, 0.0, 0.00311723],
    [0.75554085, 0.74445915, 0.49849908],
    [0.25059453, 0.24940547, 0.1666667],
    [0.75554085, 0.74445915, 0.83483422],
    [0.24445915, 0.25554085, 0.49849908],
    [0.74940547, 0.75059453, 0.1666667],
    [0.24445915, 0.25554085, 0.83483422],
    [0.75554085, 0.25554085, 0.49849908],
    [0.25059453, 0.75059453, 0.1666667],
    [0.75554085, 0.25554085, 0.83483422],
    [0.24445915, 0.74445915, 0.49849908],
    [0.74940547, 0.24940547, 0.1666667],
    [0.24445915, 0.74445915, 0.83483422]
  ],
  "relaxed_energy": -226.816057,
  "relaxed_magmom": 17.9998,
  "relaxed_mag_basis": [
    0.018,
    0.01,
    0.018,
    0.018,
    0.01,
    0.018,
    3.567,
    3.484,
    3.484,
    3.809,
    1.718,
    1.718,
    -0.048,
    -0.008,
    -0.032,
    0.052,
    -0.032,
    -0.008,
    -0.002,
    -0.029,
    -0.002,
    -0.002,
    -0.03,
    -0.002,
    0.002,
    -0.042,
    0.002,
    0.002,
    -0.043,
    0.002
  ]
}