{
  "atom_type": [
    "La",
    "Mn",
    "Ni",
    "O"
  ],
  "atoms_per_type": [
    6,
    3,
    3,
    18
  ],
  "coord_mode": "direct",
  "relaxed_forces": [
    [0.0, -0.05991856, -0.0400367],
    [0.0, -0.01779045, 0.03916324],
    [0.0, 0.0601812, 0.03786305],
    [0.0, -0.00100864, -0.01656907],
    [0.0, -0.00084585, -0.03455363],
    [0.0, 0.04323221, 0.04643553],
    [0.0, -0.03308378, -0.05695087],
    [0.0, -0.00232511, 0.02705294],
    [0.0, 0.03369838, 0.01377314],
    [0.0, 0.00317952, -0.02246327],
    [0.0, -0.00823208, 0.01698363],
    [0.0, 0.00534263, 0.009526],
    [0.0, 0.00884257, -0.02015448],
    [0.0, -0.03696755, 0.05692438],
    [0.0, -0.01749493, 0.02085736],
    [0.0, -0.00249473, -0.01735544],
    [0.0, 0.00611118, -0.02037849],
    [0.0, 0.00976775, -0.02266616],
    [0.0, -0.01090912, 0.00313968],
    [0.0, 0.00736828, -0.0133657],
    [0.0, -0.0087156, -0.00085113],
    [0.0, -0.02542978, -0.0030291],
    [0.0, 0.01242169, -0.00836698],
    [0.0, 0.02211445, -0.00983021],
    [0.0, -0.0269285, -0.01977016],
    [0.0, 0.00086554, 0.00508135],
    [0.0, -0.02089327, -0.01124653],
    [0.0, 0.00552829, -0.00073562],
    [0.0, 0.05155933, 0.03993383],
    [0.0, 0.00282494, 0.00158939]
  ],
  "relaxed_lattice": [
    [-3.88036356, 0.0, 0.0],
    [0.0, 3.88431912, 7.76369406],
    [0.0, 7.77157525, -7.76516288]
  ],
  "relaxed_basis": [
    [0.0, 0.66576348, 0.16793161],
    [0.0, 0.32165364, 0.33025738],
    [0.0, 0.01244388, 0.49392597],
    [0.0, 0.65611599, 0.66254182],
    [0.0, 0.33198335, 0.8332777],
    [0.0, 0.01306502, 0.01221756],
    [0.5, 0.99937287, 0.74981922],
    [0.5, 0.66758751, 0.9170308],
    [0.5, 0.66696956, 0.41659413],
    [0.5, 0.33440123, 0.5844322],
    [0.5, 0.99719843, 0.24917947],
    [0.5, 0.33537528, 0.08295231],
    [0.5, 0.5039038, 0.99741203],
    [0.5, 0.8315038, 0.83197967],
    [0.5, 0.16255493, 0.67005275],
    [0.5, 0.50672412, 0.50039327],
    [0.5, 0.82907233, 0.33469259],
    [0.5, 0.16531571, 0.16448481],
    [0.5, 0.50414601, 0.75365666],
    [0.5, 0.83219056, 0.58421395],
    [0.5, 0.16514569, 0.41776544],
    [0.5, 0.50634164, 0.25432536],
    [0.5, 0.82878178, 0.07950946],
    [0.5, 0.16215244, 0.91109213],
    [0.0, 0.66566653, 0.91576917],
    [0.0, 0.99938334, 0.74992112],
    [0.0, 0.33448839, 0.58532426],
    [0.0, 0.66827253, 0.41772128],
    [0.0, 0.99927761, 0.24962167],
    [0.0, 0.33314857, 0.0819042]
  ],
  "relaxed_energy": -220.48282081,
  "relaxed_magmom": 14.9997,
  "relaxed_mag_basis": [
    0.015,
    0.005,
    0.01,
    0.016,
    0.015,
    0.01,
    3.418,
    3.415,
    3.398,
    1.648,
    1.619,
    1.644,
    -0.035,
    -0.014,
    -0.037,
    -0.006,
    -0.01,
    -0.005,
    -0.014,
    -0.012,
    0.001,
    -0.031,
    -0.012,
    -0.034,
    -0.056,
    -0.055,
    -0.005,
    -0.056,
    -0.016,
    -0.008
  ]
}