{
  "atom_type": [
    "La",
    "Mn",
    "Ni",
    "O"
  ],
  "atoms_per_type": [
    6,
    4,
    2,
    18
  ],
  "coord_mode": "direct",
  "relaxed_forces": [
    [0.02185866, 0.04773379, 0.02185866],
    [-0.02185866, 0.04773379, -0.02185866],
    [-0.0, 0.0, -0.0],
    [0.02185866, -0.04773379, 0.02185866],
    [-0.02185866, -0.04773379, -0.02185866],
    [-0.0, 0.0, -0.0],
    [0.02324027, -0.0, 0.02324027],
    [0.00632515, -0.0, 0.00632515],
    [-0.02324027, 0.0, -0.02324027],
    [-0.00632515, 0.0, -0.00632515],
    [0.02711882, -0.0, 0.02711882],
    [-0.02711882, 0.0, -0.02711882],
    [0.04841012, -0.0, -0.03959252],
    [-0.0, 0.0, -0.0],
    [-0.04841012, 0.0, 0.03959252],
    [-0.02517022, 0.0, 0.0156804],
    [-0.0, 0.0, -0.0],
    [0.02517022, -0.0, -0.0156804],
    [-0.0, 0.0, -0.0],
    [-0.00706219, -0.00186445, -0.00706219],
    [0.00706219, -0.00186445, 0.00706219],
    [-0.0, 0.0, -0.0],
    [-0.00706219, 0.00186445, -0.00706219],
    [0.00706219, 0.00186445, 0.00706219],
    [-0.03959252, -0.0, 0.04841012],
    [-0.0, 0.0, -0.0],
    [0.03959252, 0.0, -0.04841012],
    [0.0156804, 0.0, -0.02517022],
    [-0.0, 0.0, -0.0],
    [-0.0156804, -0.0, 0.02517022]
  ],
  "relaxed_lattice": [
    [3.9019196, 0.0, -3.9019196],
    [0.0, 7.78210815, 0.0],
    [3.90462667, -3.89105408, 7.80654626]
  ],
  "relaxed_basis": [
    [0.6704707, 0.18158526, 0.34094131],
    [0.3295293, 0.34064385, 0.65905869],
    [0.0, 0.5, 0.0],
    [0.6704707, 0.65935615, 0.34094131],
    [0.3295293, 0.81841474, 0.65905869],
    [0.0, 0.0, 0.0],
    [0.83372192, 0.08372192, 0.66744394],
    [0.49987549, 0.24987549, 0.99975099],
    [0.16627808, 0.91627808, 0.33255606],
    [0.50012451, 0.75012451, 0.00024901],
    [0.83444031, 0.58444031, 0.66888072],
    [0.16555969, 0.41555969, 0.33111928],
    [0.66693582, 0.16855165, 0.8371032],
    [0.0, 0.0, 0.5],
    [0.33306418, 0.83144835, 0.1628968],
    [0.66400604, 0.66834198, 0.83668387],
    [0.0, 0.5, 0.5],
    [0.33599396, 0.33165802, 0.16331613],
    [0.5, 0.0, 0.0],
    [0.83394605, 0.83992763, 0.66789219],
    [0.16605395, 0.67203553, 0.33210781],
    [0.5, 0.5, 0.0],
    [0.83394605, 0.32796447, 0.66789219],
    [0.16605395, 0.16007237, 0.33210781],
    [0.17016748, 0.16855165, 0.8371032],
    [0.5, 0.0, 0.5],
    [0.82983252, 0.83144835, 0.1628968],
    [0.17267793, 0.66834198, 0.83668387],
    [0.5, 0.5, 0.5],
    [0.82732207, 0.33165802, 0.16331613]
  ],
  "relaxed_energy": -226.68174226,
  "relaxed_magmom": 18.0009,
  "relaxed_mag_basis": [
    0.013,
    0.013,
    0.018,
    0.013,
    0.013,
    0.018,
    3.66,
    3.544,
    3.66,
    3.544,
    1.708,
    1.708,
    -0.023,
    -0.044,
    -0.023,
    -0.016,
    0.043,
    -0.016,
    -0.043,
    -0.002,
    -0.001,
    -0.042,
    -0.001,
    -0.002,
    -0.022,
    -0.05,
    -0.022,
    -0.018,
    0.045,
    -0.018
  ]
}