{
  "atom_type": [
    "La",
    "Mn",
    "Ni",
    "O"
  ],
  "atoms_per_type": [
    6,
    2,
    4,
    18
  ],
  "coord_mode": "direct",
  "relaxed_forces": [
    [0.01803619, 0.01803619, 0.01803619],
    [0.01379072, 0.01379072, 0.01379072],
    [-0.0, -0.0, -0.0],
    [-0.01379072, -0.01379072, -0.01379072],
    [-0.01803619, -0.01803619, -0.01803619],
    [-0.0, -0.0, -0.0],
    [-0.02057883, -0.02057883, -0.02057883],
    [0.02057883, 0.02057883, 0.02057883],
    [-0.00034911, -0.00034911, -0.00034911],
    [-0.01509957, -0.01509957, -0.01509957],
    [0.00034911, 0.00034911, 0.00034911],
    [0.01509957, 0.01509957, 0.01509957],
    [-0.00016726, -0.00016726, -0.01498336],
    [-0.0, -0.0, -0.0],
    [0.00016726, 0.00016726, 0.01498336],
    [0.0262866, 0.0262866, 0.01312713],
    [-0.0, -0.0, -0.0],
    [-0.0262866, -0.0262866, -0.01312713],
    [-0.00016726, -0.01498336, -0.00016726],
    [-0.0, -0.0, -0.0],
    [0.00016726, 0.01498336, 0.00016726],
    [0.0262866, 0.01312713, 0.0262866],
    [-0.0, -0.0, -0.0],
    [-0.0262866, -0.01312713, -0.0262866],
    [-0.01498336, -0.00016726, -0.00016726],
    [-0.0, -0.0, -0.0],
    [0.01498336, 0.00016726, 0.00016726],
    [0.01312713, 0.0262866, 0.0262866],
    [-0.0, -0.0, -0.0],
    [-0.01312713, -0.0262866, -0.0262866]
  ],
  "relaxed_lattice": [
    [3.86314553, 0.0, -3.86314553],
    [-3.86314553, 3.86314553, 0.0],
    [7.7523581, 7.7523581, 7.7523581]
  ],
  "relaxed_basis": [
    [0.6666667, 0.3333333, 0.84243347],
    [0.3333333, 0.6666667, 0.67912044],
    [0.0, 0.0, 0.5],
    [0.6666667, 0.3333333, 0.32087956],
    [0.3333333, 0.6666667, 0.15756653],
    [0.0, 0.0, 0.0],
    [0.6666667, 0.3333333, 0.58393196],
    [0.3333333, 0.6666667, 0.41606804],
    [0.3333333, 0.6666667, 0.91643618],
    [0.0, 0.0, 0.7496556],
    [0.6666667, 0.3333333, 0.08356382],
    [0.0, 0.0, 0.2503444],
    [0.66156767, 0.83078379, 0.33722185],
    [0.0, 0.5, 0.5],
    [0.33843233, 0.16921621, 0.66277815],
    [0.66383816, 0.83191903, 0.83269067],
    [0.0, 0.5, 0.0],
    [0.33616184, 0.16808097, 0.16730933],
    [0.16921621, 0.33843233, 0.33722185],
    [0.5, 0.0, 0.5],
    [0.83078379, 0.66156767, 0.66277815],
    [0.16808097, 0.33616184, 0.83269067],
    [0.5, 0.0, 0.0],
    [0.83191903, 0.66383816, 0.16730933],
    [0.16921621, 0.83078379, 0.33722185],
    [0.5, 0.5, 0.5],
    [0.83078379, 0.16921621, 0.66277815],
    [0.16808097, 0.83191903, 0.83269067],
    [0.5, 0.5, 0.0],
    [0.83191903, 0.16808097, 0.16730933]
  ],
  "relaxed_energy": -213.74951201,
  "relaxed_magmom": 12.0001,
  "relaxed_mag_basis": [
    0.007,
    0.014,
    0.02,
    0.014,
    0.007,
    0.004,
    3.251,
    3.251,
    1.423,
    1.614,
    1.423,
    1.614,
    -0.033,
    -0.007,
    -0.033,
    -0.007,
    -0.036,
    -0.007,
    -0.042,
    -0.016,
    -0.042,
    -0.044,
    -0.063,
    -0.044,
    -0.043,
    -0.012,
    -0.043,
    -0.072,
    -0.086,
    -0.072
  ]
}