{
  "atom_type": [
    "La",
    "Mn",
    "Ni",
    "O"
  ],
  "atoms_per_type": [
    6,
    2,
    4,
    18
  ],
  "coord_mode": "direct",
  "relaxed_forces": [
    [0.0, -0.03630205, 0.0083377],
    [-0.0, 0.03630205, -0.0083377],
    [-0.0, -0.14619143, 0.0],
    [-0.0, 0.03630205, 0.0083377],
    [0.0, -0.03630205, -0.0083377],
    [-0.0, 0.14619143, 0.0],
    [-0.0, 0.0, 0.02499441],
    [-0.0, -0.0, -0.02499441],
    [-0.0, 0.0, 0.0],
    [-0.0, -0.0, -0.00594035],
    [-0.0, 0.0, 0.0],
    [-0.0, -0.0, 0.00594035],
    [0.0, 0.0, 0.0513576],
    [0.0, -0.0, 0.08797233],
    [-0.0, -0.0, 0.0],
    [0.0, -0.0, -0.08797233],
    [0.0, 0.0, -0.0513576],
    [-0.0, -0.0, 0.0],
    [-0.0, 0.06549046, 0.00339059],
    [-0.0, -0.02894047, 0.0],
    [-0.0, 0.06549046, -0.00339059],
    [-0.0, -0.06549046, 0.00339059],
    [-0.0, 0.02894047, 0.0],
    [-0.0, -0.06549046, -0.00339059],
    [0.0, -0.0, 0.03358131],
    [-0.0, 0.0, 0.0],
    [0.0, 0.0, -0.03358131],
    [-0.0, -0.0, 0.00107371],
    [-0.0, 0.0, 0.0],
    [-0.0, -0.0, -0.00107371]
  ],
  "relaxed_lattice": [
    [3.86348563, 0.0, 0.0],
    [0.0, 7.74978496, 0.0],
    [0.0, 0.0, 11.58140428]
  ],
  "relaxed_basis": [
    [0.0, 0.49486866, 0.33752335],
    [0.0, 0.00513134, 0.66247665],
    [0.0, 0.48968314, 0.0],
    [0.0, 0.00513134, 0.33752335],
    [0.0, 0.49486866, 0.66247665],
    [0.0, 0.01031686, 0.0],
    [0.5, 0.75, 0.83267974],
    [0.5, 0.75, 0.16732026],
    [0.5, 0.25, 0.5],
    [0.5, 0.25, 0.83269284],
    [0.5, 0.75, 0.5],
    [0.5, 0.25, 0.16730716],
    [0.5, 0.75, 0.67072225],
    [0.5, 0.25, 0.3340651],
    [0.5, 0.75, 0.0],
    [0.5, 0.25, 0.6659349],
    [0.5, 0.75, 0.32927775],
    [0.5, 0.25, 0.0],
    [0.5, 0.50505343, 0.83424083],
    [0.5, 0.00129185, 0.5],
    [0.5, 0.50505343, 0.16575917],
    [0.5, 0.99494657, 0.83424083],
    [0.5, 0.49870815, 0.5],
    [0.5, 0.99494657, 0.16575917],
    [0.0, 0.75, 0.83453079],
    [0.0, 0.25, 0.5],
    [0.0, 0.75, 0.16546921],
    [0.0, 0.25, 0.83418489],
    [0.0, 0.75, 0.5],
    [0.0, 0.25, 0.16581511]
  ],
  "relaxed_energy": -213.76646682,
  "relaxed_magmom": 11.9995,
  "relaxed_mag_basis": [
    0.01,
    0.01,
    0.013,
    0.01,
    0.01,
    0.012,
    3.344,
    3.344,
    1.391,
    1.526,
    1.539,
    1.526,
    -0.037,
    -0.07,
    -0.016,
    -0.07,
    -0.037,
    -0.058,
    -0.016,
    -0.065,
    -0.016,
    -0.016,
    -0.065,
    -0.016,
    -0.054,
    -0.047,
    -0.054,
    -0.047,
    -0.054,
    -0.047
  ]
}