{
  "atom_type": [
    "La",
    "Mn",
    "Ni",
    "O"
  ],
  "atoms_per_type": [
    6,
    1,
    5,
    18
  ],
  "coord_mode": "direct",
  "relaxed_forces": [
    [0.0, 0.0, 0.09023923],
    [0.0, 0.0, -0.09023923],
    [0.0, 0.0, 0.0],
    [0.0, 0.0, 0.09023923],
    [0.0, 0.0, -0.09023923],
    [0.0, 0.0, 0.0],
    [0.0, 0.0, 0.0],
    [0.0, 0.0, 0.01239045],
    [0.0, 0.0, -0.00497646],
    [0.0, 0.0, 0.0],
    [0.0, 0.0, 0.00497646],
    [0.0, 0.0, -0.01239045],
    [0.0, 0.0, -0.04798411],
    [0.0, 0.0, 0.08080516],
    [0.0, 0.0, 0.0],
    [0.0, 0.0, -0.08080516],
    [0.0, 0.0, 0.04798411],
    [0.0, 0.0, 0.0],
    [0.0, -0.00220599, -0.0],
    [0.0, 0.00175065, -0.00984336],
    [0.0, -0.00175065, 0.00984336],
    [0.0, 0.00220599, 0.0],
    [0.0, -0.00175065, -0.00984336],
    [0.0, 0.00175065, 0.00984336],
    [-0.00220599, 0.0, -0.0],
    [0.00175065, 0.0, -0.00984336],
    [-0.00175065, 0.0, 0.00984336],
    [0.00220599, 0.0, 0.0],
    [-0.00175065, 0.0, -0.00984336],
    [0.00175065, 0.0, 0.00984336]
  ],
  "relaxed_lattice": [
    [3.85164975, 3.85164975, 0.0],
    [3.85164975, -3.85164975, 0.0],
    [0.0, 0.0, -11.57585122]
  ],
  "relaxed_basis": [
    [0.5, 0.5, 0.33103924],
    [0.0, 0.0, 0.66896076],
    [0.5, 0.5, 0.0],
    [0.0, 0.0, 0.33103924],
    [0.5, 0.5, 0.66896076],
    [0.0, 0.0, 0.0],
    [0.0, 0.5, 0.5],
    [0.5, 0.0, 0.16661966],
    [0.0, 0.5, 0.83375894],
    [0.5, 0.0, 0.5],
    [0.0, 0.5, 0.16624106],
    [0.5, 0.0, 0.83338034],
    [0.0, 0.5, 0.66452696],
    [0.5, 0.0, 0.33218863],
    [0.0, 0.5, 0.0],
    [0.5, 0.0, 0.66781137],
    [0.0, 0.5, 0.33547304],
    [0.5, 0.0, 0.0],
    [0.75418431, 0.74581569, 0.5],
    [0.24957545, 0.25042455, 0.16700753],
    [0.75042455, 0.74957545, 0.83299247],
    [0.24581569, 0.25418431, 0.5],
    [0.75042455, 0.74957545, 0.16700753],
    [0.24957545, 0.25042455, 0.83299247],
    [0.75418431, 0.25418431, 0.5],
    [0.24957545, 0.74957545, 0.16700753],
    [0.75042455, 0.25042455, 0.83299247],
    [0.24581569, 0.74581569, 0.5],
    [0.75042455, 0.25042455, 0.16700753],
    [0.24957545, 0.74957545, 0.83299247]
  ],
  "relaxed_energy": -206.94986652,
  "relaxed_magmom": 8.9987,
  "relaxed_mag_basis": [
    0.011,
    0.011,
    0.008,
    0.011,
    0.011,
    0.008,
    3.235,
    1.352,
    1.392,
    1.572,
    1.392,
    1.352,
    -0.031,
    -0.085,
    -0.119,
    -0.085,
    -0.031,
    -0.081,
    -0.016,
    -0.091,
    -0.091,
    -0.016,
    -0.091,
    -0.091,
    -0.026,
    -0.096,
    -0.096,
    -0.026,
    -0.096,
    -0.096
  ]
}