{
  "atom_type": [
    "La",
    "Mn",
    "Ni",
    "O"
  ],
  "atoms_per_type": [
    6,
    3,
    3,
    18
  ],
  "coord_mode": "direct",
  "relaxed_forces": [
    [-0.0, 0.0, 0.02449306],
    [-0.0, 0.0, 0.01555863],
    [-0.0, 0.0, -0.01888619],
    [-0.0, 0.0, 0.02449306],
    [-0.0, 0.0, 0.01555863],
    [-0.0, 0.0, -0.01888619],
    [0.0, 0.0, 0.03663099],
    [-0.0, 0.0, -0.02231867],
    [-0.0, 0.0, -0.00448462],
    [-0.0, 0.0, 0.01217764],
    [-0.0, 0.0, -0.01318721],
    [-0.0, 0.0, 0.01379599],
    [-0.0, 0.0, 0.00941466],
    [-0.0, 0.0, -0.02291756],
    [-0.0, 0.0, -0.00544126],
    [-0.0, 0.0, 0.02754002],
    [-0.0, 0.0, 0.00994781],
    [0.0, 0.0, -0.04203411],
    [-0.0, 0.0257461, -0.01506919],
    [-0.0, 0.00951528, 0.01807095],
    [-0.0, -0.02513236, -0.01336543],
    [-0.0, -0.0257461, -0.01506919],
    [-0.0, -0.00951528, 0.01807095],
    [-0.0, 0.02513236, -0.01336543],
    [0.0257461, 0.0, -0.01506919],
    [0.00951528, 0.0, 0.01807095],
    [-0.02513236, 0.0, -0.01336543],
    [-0.0257461, 0.0, -0.01506919],
    [-0.00951528, 0.0, 0.01807095],
    [0.02513236, 0.0, -0.01336543]
  ],
  "relaxed_lattice": [
    [3.87849014, -3.87849014, 0.0],
    [3.87849014, 3.87849014, 0.0],
    [-3.87849014, 0.0, 11.66981978]
  ],
  "relaxed_basis": [
    [0.16423873, 0.16423873, 0.32847735],
    [0.33046556, 0.33046556, 0.66093122],
    [0.50534615, 0.50534615, 0.01069229],
    [0.66423873, 0.66423873, 0.32847735],
    [0.83046556, 0.83046556, 0.66093122],
    [0.00534615, 0.00534615, 0.01069229],
    [0.74982279, 0.24982279, 0.49964557],
    [0.91741285, 0.41741285, 0.8348256],
    [0.416534, 0.916534, 0.83306789],
    [0.58290639, 0.08290639, 0.16581288],
    [0.24980524, 0.74980524, 0.49961048],
    [0.08365462, 0.58365462, 0.16730933],
    [0.8337431, 0.3337431, 0.6674863],
    [0.66908141, 0.16908141, 0.33816271],
    [0.49724479, 0.99724479, 0.99448959],
    [0.33491689, 0.83491689, 0.66983388],
    [0.16653329, 0.66653329, 0.33306648],
    [0.99854827, 0.49854827, 0.99709653],
    [0.16487837, 0.1668823, 0.83176057],
    [0.99591639, 0.00726842, 0.50318481],
    [0.82982058, 0.8350817, 0.16490238],
    [0.6668823, 0.66487837, 0.83176057],
    [0.50726842, 0.49591639, 0.50318481],
    [0.3350817, 0.32982058, 0.16490238],
    [0.6668823, 0.1668823, 0.83176057],
    [0.50726842, 0.00726842, 0.50318481],
    [0.3350817, 0.8350817, 0.16490238],
    [0.16487837, 0.66487837, 0.83176057],
    [0.99591639, 0.49591639, 0.50318481],
    [0.82982058, 0.32982058, 0.16490238]
  ],
  "relaxed_energy": -220.46906925,
  "relaxed_magmom": 14.9947,
  "relaxed_mag_basis": [
    0.006,
    0.017,
    0.012,
    0.006,
    0.017,
    0.012,
    3.254,
    3.5,
    3.511,
    1.524,
    1.703,
    1.61,
    -0.018,
    -0.028,
    -0.003,
    -0.008,
    0.021,
    -0.05,
    -0.039,
    -0.001,
    -0.028,
    -0.041,
    -0.0,
    -0.03,
    -0.043,
    -0.001,
    -0.032,
    -0.041,
    -0.002,
    -0.024
  ]
}