{
  "atom_type": [
    "La",
    "Mn",
    "Ni",
    "O"
  ],
  "atoms_per_type": [
    5,
    2,
    3,
    15
  ],
  "coord_mode": "direct",
  "relaxed_forces": [
    [0.0, -0.05792176, 0.07107893],
    [0.0, -0.04360887, 0.14479964],
    [0.0, 0.0, -0.0],
    [0.0, 0.04360887, -0.14479964],
    [0.0, 0.05792176, -0.07107893],
    [0.0, -0.02396124, 0.02167662],
    [0.0, 0.02396124, -0.02167662],
    [0.0, -0.0162995, 0.02394862],
    [0.0, 0.0, -0.0],
    [0.0, 0.0162995, -0.02394862],
    [0.0, -0.00984547, 0.08496524],
    [0.0, -0.00472427, 0.06611395],
    [0.0, 0.00472427, -0.06611395],
    [0.0, 0.00984547, -0.08496524],
    [0.0, 0.0, -0.0],
    [0.0, 0.0, -0.0],
    [0.0, 0.13209629, -0.01164886],
    [0.0, -0.03139175, 4.278e-05],
    [0.0, 0.03139175, -4.278e-05],
    [0.0, -0.13209629, 0.01164886],
    [0.0, -0.01579723, 0.03530047],
    [0.0, 0.01579723, -0.03530047],
    [0.0, -0.01618194, 0.03879208],
    [0.0, 0.0, -0.0],
    [0.0, 0.01618194, -0.03879208]
  ],
  "relaxed_lattice": [
    [-3.86953292, 0.0, 0.0],
    [0.0, 7.73195709, 3.88068556],
    [0.0, 3.86980727, -7.76902069]
  ],
  "relaxed_basis": [
    [0.0, 0.39615598, 0.19154471],
    [0.0, 0.80416125, 0.38906109],
    [0.0, 0.2, 0.6],
    [0.0, 0.59583875, 0.81093891],
    [0.0, 0.00384402, 0.00845529],
    [0.5, 0.50015699, 0.49981297],
    [0.5, 0.89984301, 0.70018703],
    [0.5, 0.10077821, 0.30152508],
    [0.5, 0.7, 0.1],
    [0.5, 0.29922179, 0.89847492],
    [0.5, 0.80132437, 0.89474003],
    [0.5, 0.40130335, 0.6964029],
    [0.5, 0.99869665, 0.5035971],
    [0.5, 0.59867563, 0.30525997],
    [0.5, 0.2, 0.1],
    [0.5, 0.7, 0.6],
    [0.5, 0.30409477, 0.40383578],
    [0.5, 0.89728056, 0.20013103],
    [0.5, 0.50271944, 0.99986897],
    [0.5, 0.09590523, 0.79616422],
    [0.0, 0.90018892, 0.69857186],
    [0.0, 0.49981108, 0.50142814],
    [0.0, 0.09895985, 0.30018372],
    [0.0, 0.7, 0.1],
    [0.0, 0.30104015, 0.89981628]
  ],
  "relaxed_energy": -180.42523941,
  "relaxed_magmom": 11.0025,
  "relaxed_mag_basis": [
    0.008,
    0.012,
    0.015,
    0.012,
    0.008,
    3.371,
    3.371,
    1.573,
    1.5,
    1.573,
    -0.014,
    -0.019,
    -0.019,
    -0.014,
    -0.058,
    -0.012,
    -0.037,
    -0.048,
    -0.048,
    -0.037,
    -0.057,
    -0.057,
    -0.031,
    -0.044,
    -0.031
  ]
}