{
  "atom_type": [
    "La",
    "Mn",
    "Ni",
    "O"
  ],
  "atoms_per_type": [
    6,
    4,
    2,
    18
  ],
  "coord_mode": "direct",
  "relaxed_forces": [
    [0.0, -0.01734574, 0.01734574],
    [0.0, -0.00715345, 0.00715345],
    [0.0, 0.01830912, -0.01830912],
    [0.0, -0.01830912, 0.01830912],
    [0.0, 0.00715345, -0.00715345],
    [0.0, 0.01734574, -0.01734574],
    [0.0, -0.01334401, 0.01334401],
    [0.0, 0.07871941, -0.07871941],
    [0.0, 0.01334401, -0.01334401],
    [0.0, -0.07871941, 0.07871941],
    [0.0, -0.00422648, 0.00422648],
    [0.0, 0.00422648, -0.00422648],
    [0.0, 0.05961314, -0.07697942],
    [0.0, 0.0, -0.0],
    [0.0, -0.05961314, 0.07697942],
    [0.0, -0.02754814, -0.00868274],
    [0.0, 0.0, -0.0],
    [0.0, 0.02754814, 0.00868274],
    [0.0, -0.00868274, -0.02754814],
    [0.0, 0.07697942, -0.05961314],
    [0.0, 0.0, -0.0],
    [0.0, -0.07697942, 0.05961314],
    [0.0, 0.00868274, 0.02754814],
    [0.0, 0.0, -0.0],
    [0.0, 0.00402029, -0.00402029],
    [0.0, 0.0297322, -0.0297322],
    [0.0, -0.0297322, 0.0297322],
    [0.0, -0.00402029, 0.00402029],
    [0.0, 0.04204031, -0.04204031],
    [0.0, -0.04204031, 0.04204031]
  ],
  "relaxed_lattice": [
    [3.89479557, 0.0, 0.0],
    [0.0, 3.91088648, 3.91088648],
    [0.0, -11.76096139, 11.76096139]
  ],
  "relaxed_basis": [
    [0.0, 0.5, 0.15484201],
    [0.0, 0.0, 0.32074504],
    [0.0, 0.5, 0.49716928],
    [0.0, 0.0, 0.66949742],
    [0.0, 0.5, 0.84592156],
    [0.0, 0.0, 0.01182469],
    [0.5, 0.5, 0.66726467],
    [0.5, 0.0, 0.83402419],
    [0.5, 0.0, 0.49940203],
    [0.5, 0.5, 0.33264241],
    [0.5, 0.0, 0.16761013],
    [0.5, 0.5, 0.99905657],
    [0.5, 0.7568956, 0.74927422],
    [0.5, 0.25, 0.5833333],
    [0.5, 0.7431044, 0.41739248],
    [0.5, 0.25076572, 0.25382349],
    [0.5, 0.75, 0.0833333],
    [0.5, 0.24923428, 0.91284321],
    [0.5, 0.75076572, 0.91284321],
    [0.5, 0.2431044, 0.74927422],
    [0.5, 0.75, 0.5833333],
    [0.5, 0.2568956, 0.41739248],
    [0.5, 0.74923428, 0.25382349],
    [0.5, 0.25, 0.0833333],
    [0.0, 0.0, 0.83024235],
    [0.0, 0.5, 0.66526723],
    [0.0, 0.0, 0.50139947],
    [0.0, 0.5, 0.33642425],
    [0.0, 0.0, 0.1687309],
    [0.0, 0.5, 0.9979358]
  ],
  "relaxed_energy": -226.38585189,
  "relaxed_magmom": 17.9903,
  "relaxed_mag_basis": [
    0.003,
    0.017,
    0.022,
    0.022,
    0.017,
    0.003,
    3.781,
    3.546,
    3.78,
    3.545,
    1.678,
    1.678,
    -0.032,
    -0.06,
    -0.032,
    -0.021,
    0.038,
    -0.021,
    -0.021,
    -0.032,
    -0.06,
    -0.032,
    -0.021,
    0.038,
    -0.05,
    -0.042,
    -0.042,
    -0.05,
    0.005,
    0.004
  ]
}