{
  "atom_type": [
    "La",
    "Mn",
    "Ni",
    "O"
  ],
  "atoms_per_type": [
    6,
    2,
    4,
    18
  ],
  "coord_mode": "direct",
  "relaxed_forces": [
    [-0.00679827, 0.00679827, -0.00251604],
    [0.00679827, -0.00679827, 0.00251604],
    [-0.02965318, 0.02965318, -0.04658459],
    [-0.03500841, 0.03500841, 0.03136822],
    [0.03500841, -0.03500841, -0.03136822],
    [0.02965318, -0.02965318, 0.04658459],
    [-0.0424749, 0.0424749, 0.00638867],
    [0.0424749, -0.0424749, -0.00638867],
    [0.0, 0.0, -0.0],
    [0.00902068, -0.00902068, 0.03063848],
    [0.0, 0.0, -0.0],
    [-0.00902068, 0.00902068, -0.03063848],
    [0.00417339, -0.00417339, 0.00720999],
    [-0.00417339, 0.00417339, -0.00720999],
    [8.206e-05, -8.206e-05, -0.00515207],
    [0.00333407, -0.00333407, -0.0096969],
    [-0.00333407, 0.00333407, 0.0096969],
    [-8.206e-05, 8.206e-05, 0.00515207],
    [-0.00654257, -0.02979356, 0.01054204],
    [-0.00808364, -0.00211003, 0.01182224],
    [0.0, 0.0, -0.0],
    [0.00808364, 0.00211003, -0.01182224],
    [0.00654257, 0.02979356, -0.01054204],
    [0.0, 0.0, -0.0],
    [0.0, 0.0, -0.0],
    [-0.00211003, -0.00808364, -0.01182224],
    [-0.02979356, -0.00654257, -0.01054204],
    [0.0, 0.0, -0.0],
    [0.02979356, 0.00654257, 0.01054204],
    [0.00211003, 0.00808364, 0.01182224]
  ],
  "relaxed_lattice": [
    [3.85876675, 3.85876675, -0.0],
    [-3.85384782, 7.71261455, 1.22e-06],
    [0.00163589, 3.85713086, 7.77085886]
  ],
  "relaxed_basis": [
    [0.83521379, 0.8353493, 0.49422301],
    [0.66478621, 0.6646507, 0.00577699],
    [0.50071284, 0.50675529, 0.49181903],
    [0.32856715, 0.33475755, 0.00810806],
    [0.17143285, 0.16524245, 0.49189194],
    [0.99928716, 0.99324471, 0.00818097],
    [0.58383978, 0.08213837, 0.75018198],
    [0.91616022, 0.41786163, 0.74981802],
    [0.75, 0.25, 0.25],
    [0.0836762, 0.58299771, 0.2496498],
    [0.25, 0.75, 0.75],
    [0.4163238, 0.91700229, 0.2503502],
    [0.66458011, 0.16499849, 0.50584139],
    [0.83541989, 0.33500151, 0.99415861],
    [0.99883622, 0.49837492, 0.50395265],
    [0.16698545, 0.66711748, 0.99891172],
    [0.33301455, 0.83288252, 0.50108828],
    [0.50116378, 0.00162508, 0.99604735],
    [0.41970843, 0.92074385, 0.75007685],
    [0.58364634, 0.08426037, 0.24970861],
    [0.75, 0.25, 0.75],
    [0.91635366, 0.41573963, 0.25029139],
    [0.08029157, 0.57925615, 0.74992315],
    [0.25, 0.75, 0.25],
    [0.25, 0.25, 0.75],
    [0.41761542, 0.41573963, 0.25029139],
    [0.59052903, 0.57925615, 0.74992315],
    [0.75, 0.75, 0.25],
    [0.90947097, 0.92074385, 0.75007685],
    [0.08238458, 0.08426037, 0.24970861]
  ],
  "relaxed_energy": -213.90112328,
  "relaxed_magmom": 12.0002,
  "relaxed_mag_basis": [
    0.01,
    0.01,
    0.011,
    0.011,
    0.011,
    0.011,
    3.271,
    3.271,
    1.499,
    1.489,
    1.588,
    1.489,
    -0.022,
    -0.022,
    -0.023,
    -0.045,
    -0.045,
    -0.023,
    -0.041,
    -0.057,
    -0.017,
    -0.057,
    -0.041,
    -0.065,
    -0.015,
    -0.055,
    -0.04,
    -0.057,
    -0.04,
    -0.055
  ]
}