{
  "atom_type": [
    "La",
    "Mn",
    "Ni",
    "O"
  ],
  "atoms_per_type": [
    5,
    3,
    2,
    15
  ],
  "coord_mode": "direct",
  "relaxed_forces": [
    [0.0, -0.01018941, -0.01018941],
    [0.0, 0.01018941, 0.01018941],
    [0.0, 0.01172024, 0.01172024],
    [0.0, -0.0, -0.0],
    [0.0, -0.01172024, -0.01172024],
    [0.0, -0.0, -0.0],
    [0.0, 0.00533031, 0.00533031],
    [0.0, -0.00533031, -0.00533031],
    [0.0, -0.00146708, -0.00146708],
    [0.0, 0.00146708, 0.00146708],
    [0.0, -0.02330856, -0.04778295],
    [0.0, 0.02330856, 0.04778295],
    [0.0, 0.03855, 0.01477437],
    [0.0, -0.0, -0.0],
    [0.0, -0.03855, -0.01477437],
    [0.0, -0.04778295, -0.02330856],
    [0.0, 0.04778295, 0.02330856],
    [0.0, 0.01477437, 0.03855],
    [0.0, -0.0, -0.0],
    [0.0, -0.01477437, -0.03855],
    [0.0, -0.02201995, -0.02201995],
    [0.0, -0.0, -0.0],
    [0.0, 0.02201995, 0.02201995],
    [0.0, -0.00237943, -0.00237943],
    [0.0, 0.00237943, 0.00237943]
  ],
  "relaxed_lattice": [
    [3.87771482, 0.0, 0.0],
    [0.0, 3.89904047, -3.89904047],
    [0.0, 7.81999167, 11.71903214]
  ],
  "relaxed_basis": [
    [0.0, 0.60657836, 0.21315672],
    [0.0, 0.19342164, 0.38684328],
    [0.0, 0.79353372, 0.58706743],
    [0.0, 0.4, 0.8],
    [0.0, 0.00646628, 0.01293257],
    [0.5, 0.9, 0.8],
    [0.5, 0.50005225, 0.00010451],
    [0.5, 0.29994775, 0.59989549],
    [0.5, 0.7005857, 0.4011714],
    [0.5, 0.0994143, 0.1988286],
    [0.5, 0.69552931, 0.89895963],
    [0.5, 0.10447069, 0.70104037],
    [0.5, 0.50154528, 0.50452243],
    [0.5, 0.9, 0.3],
    [0.5, 0.29845472, 0.09547757],
    [0.5, 0.20343032, 0.89895963],
    [0.5, 0.59656968, 0.70104037],
    [0.5, 0.00297715, 0.50452243],
    [0.5, 0.4, 0.3],
    [0.5, 0.79702285, 0.09547757],
    [0.0, 0.49850638, 0.99701277],
    [0.0, 0.9, 0.8],
    [0.0, 0.30149362, 0.60298723],
    [0.0, 0.70081225, 0.4016245],
    [0.0, 0.09918775, 0.1983755]
  ],
  "relaxed_energy": -186.59144339,
  "relaxed_magmom": 13.98,
  "relaxed_mag_basis": [
    0.003,
    0.003,
    0.018,
    0.023,
    0.018,
    3.691,
    3.54,
    3.54,
    1.655,
    1.655,
    -0.039,
    -0.039,
    -0.029,
    0.033,
    -0.029,
    -0.04,
    -0.04,
    -0.028,
    0.028,
    -0.028,
    -0.054,
    -0.048,
    -0.054,
    -0.003,
    -0.003
  ]
}