{
  "atom_type": [
    "La",
    "Mn",
    "Ni",
    "O"
  ],
  "atoms_per_type": [
    6,
    2,
    4,
    18
  ],
  "coord_mode": "direct",
  "relaxed_forces": [
    [0.0, -0.04196475, -0.04836735],
    [0.0, -0.0, 0.0],
    [0.0, 0.04196475, 0.04836735],
    [0.0, -0.00340118, 0.01946697],
    [0.0, -0.0, 0.0],
    [0.0, 0.00340118, -0.01946697],
    [0.0, 0.01847695, 0.00509903],
    [0.0, -0.01847695, -0.00509903],
    [0.0, -0.02181463, -0.01357283],
    [0.0, -0.01558972, 0.02445488],
    [0.0, 0.02181463, 0.01357283],
    [0.0, 0.01558972, -0.02445488],
    [0.0, -0.00430616, -0.00208057],
    [0.0, -0.0, 0.0],
    [0.0, 0.00430616, 0.00208057],
    [0.0, -0.01637816, -0.04354122],
    [0.0, -0.0, 0.0],
    [0.0, 0.01637816, 0.04354122],
    [0.0, 0.01142667, 0.012428],
    [0.0, 0.02533296, -0.00109836],
    [0.0, 0.00612441, -0.02822738],
    [0.0, -0.00612441, 0.02822738],
    [0.0, -0.02533296, 0.00109836],
    [0.0, -0.01142667, -0.012428],
    [0.0, -0.02329618, -0.00089192],
    [0.0, 0.02329618, 0.00089192],
    [0.0, -0.03757762, 0.01856881],
    [0.0, -0.03741058, 0.00382311],
    [0.0, 0.03741058, -0.00382311],
    [0.0, 0.03757762, -0.01856881]
  ],
  "relaxed_lattice": [
    [-3.87106305, 0.0, 0.0],
    [0.0, 3.87054958, 7.71988157],
    [0.0, 7.7503456, -7.7245019]
  ],
  "relaxed_basis": [
    [0.0, 0.66487832, 0.17500269],
    [0.0, 0.3333333, 0.3333333],
    [0.0, 0.00178838, 0.49166401],
    [0.0, 0.656922, 0.65571159],
    [0.0, 0.3333333, 0.8333333],
    [0.0, 0.0097447, 0.01095511],
    [0.5, 0.99928991, 0.74976944],
    [0.5, 0.66737679, 0.91689726],
    [0.5, 0.66804154, 0.41719998],
    [0.5, 0.33252071, 0.58395042],
    [0.5, 0.99862516, 0.24946672],
    [0.5, 0.33414589, 0.08271618],
    [0.5, 0.50269711, 0.99627706],
    [0.5, 0.8333333, 0.8333333],
    [0.5, 0.16396959, 0.67038964],
    [0.5, 0.50345737, 0.5008696],
    [0.5, 0.8333333, 0.3333333],
    [0.5, 0.16320933, 0.1657971],
    [0.5, 0.50249216, 0.75284439],
    [0.5, 0.83567705, 0.58684836],
    [0.5, 0.16533192, 0.41714182],
    [0.5, 0.50133478, 0.24952488],
    [0.5, 0.83098955, 0.07981824],
    [0.5, 0.16417454, 0.91382231],
    [0.0, 0.66605981, 0.91554599],
    [0.0, 0.00060689, 0.75112071],
    [0.0, 0.33430068, 0.58408875],
    [0.0, 0.6674582, 0.41677387],
    [0.0, 0.9992085, 0.24989283],
    [0.0, 0.33236592, 0.08257785]
  ],
  "relaxed_energy": -213.71579801,
  "relaxed_magmom": 12.0011,
  "relaxed_mag_basis": [
    0.009,
    0.003,
    0.009,
    0.012,
    0.016,
    0.012,
    3.368,
    3.368,
    1.458,
    1.537,
    1.458,
    1.537,
    -0.038,
    -0.012,
    -0.038,
    -0.061,
    -0.074,
    -0.061,
    -0.025,
    -0.02,
    -0.069,
    -0.069,
    -0.02,
    -0.025,
    -0.057,
    -0.057,
    -0.054,
    -0.05,
    -0.05,
    -0.054
  ]
}