{
  "atom_type": [
    "La",
    "Mn",
    "Ni",
    "O"
  ],
  "atoms_per_type": [
    6,
    2,
    4,
    18
  ],
  "coord_mode": "direct",
  "relaxed_forces": [
    [0.03117874, 0.00343518, 0.03117874],
    [0.0, 0.00237674, 0.0],
    [-0.03117874, 0.00343518, -0.03117874],
    [0.03117874, -0.00343518, 0.03117874],
    [-0.0, -0.00237674, -0.0],
    [-0.03117874, -0.00343518, -0.03117874],
    [-0.04622152, 0.0, -0.04622152],
    [0.04622152, -0.0, 0.04622152],
    [0.0, 0.0, 0.0],
    [0.01617222, -0.0, 0.01617222],
    [0.0, -0.0, 0.0],
    [-0.01617222, 0.0, -0.01617222],
    [0.01011464, -0.0, 0.01244747],
    [-0.01011464, 0.0, -0.01244747],
    [-0.02760886, 0.0, -0.02586022],
    [-0.01536163, 0.0, -0.04055426],
    [0.01536163, -0.0, 0.04055426],
    [0.02760886, -0.0, 0.02586022],
    [-0.02976012, -0.01648867, -0.02976012],
    [-0.0, -0.03987984, -0.0],
    [0.02976012, -0.01648867, 0.02976012],
    [-0.02976012, 0.01648867, -0.02976012],
    [0.0, 0.03987984, 0.0],
    [0.02976012, 0.01648867, 0.02976012],
    [0.01244747, -0.0, 0.01011464],
    [-0.01244747, 0.0, -0.01011464],
    [-0.02586022, 0.0, -0.02760886],
    [-0.04055426, 0.0, -0.01536163],
    [0.04055426, -0.0, 0.01536163],
    [0.02586022, -0.0, 0.02760886]
  ],
  "relaxed_lattice": [
    [3.86579414, 0.0, -3.86579414],
    [0.0, 7.73277882, 0.0],
    [3.86635344, -3.86638941, 7.73214757]
  ],
  "relaxed_basis": [
    [0.66845266, 0.17064087, 0.33690522],
    [0.3333333, 0.33765211, 0.6666667],
    [0.99821404, 0.50040226, 0.99642808],
    [0.66845266, 0.66626444, 0.33690522],
    [0.3333333, 0.82901449, 0.6666667],
    [0.99821404, 0.99602583, 0.99642808],
    [0.50009405, 0.25009405, 0.0001881],
    [0.16657265, 0.91657265, 0.3331452],
    [0.8333333, 0.0833333, 0.6666667],
    [0.5003411, 0.7503411, 0.0006822],
    [0.8333333, 0.5833333, 0.6666667],
    [0.1663256, 0.4163256, 0.3326511],
    [0.66465566, 0.16823651, 0.83647291],
    [0.00201104, 0.99843019, 0.49686039],
    [0.32960718, 0.83465633, 0.16931276],
    [0.67057808, 0.66471299, 0.82942589],
    [0.99608862, 0.50195371, 0.50390741],
    [0.33705942, 0.33201027, 0.16402064],
    [0.4998667, 0.00398446, 0.99973341],
    [0.8333333, 0.82740101, 0.6666667],
    [0.1668, 0.67091776, 0.33359989],
    [0.4998667, 0.49574894, 0.99973341],
    [0.8333333, 0.33926559, 0.6666667],
    [0.1668, 0.16268224, 0.33359989],
    [0.17181735, 0.16823651, 0.83647291],
    [0.49484935, 0.99843019, 0.49686039],
    [0.83970547, 0.83465633, 0.16931276],
    [0.15884791, 0.66471299, 0.82942589],
    [0.50781879, 0.50195371, 0.50390741],
    [0.82696113, 0.33201027, 0.16402064]
  ],
  "relaxed_energy": -214.17701426,
  "relaxed_magmom": 11.9991,
  "relaxed_mag_basis": [
    0.011,
    0.008,
    0.011,
    0.011,
    0.008,
    0.011,
    3.217,
    3.217,
    1.645,
    1.651,
    0.924,
    1.651,
    -0.01,
    -0.01,
    -0.007,
    -0.057,
    -0.057,
    -0.007,
    -0.012,
    -0.054,
    -0.012,
    -0.012,
    -0.054,
    -0.012,
    -0.008,
    -0.008,
    -0.004,
    -0.056,
    -0.056,
    -0.004
  ]
}