{
  "atom_type": [
    "La",
    "Mn",
    "Ni",
    "O"
  ],
  "atoms_per_type": [
    6,
    3,
    3,
    18
  ],
  "coord_mode": "direct",
  "relaxed_forces": [
    [0.0, -0.00465367, 0.0],
    [-0.07348661, 0.17301187, 0.07348661],
    [0.07348661, -0.17301187, -0.07348661],
    [0.0, 0.00465367, 0.0],
    [-0.07348661, -0.17301187, 0.07348661],
    [0.07348661, 0.17301187, -0.07348661],
    [0.0, -0.0, 0.0],
    [0.01574551, -0.0, -0.01574551],
    [-0.01574551, -0.0, 0.01574551],
    [0.02265456, -0.0, -0.02265456],
    [0.0, -0.0, 0.0],
    [-0.02265456, -0.0, 0.02265456],
    [0.03284018, -0.0, 0.07296658],
    [-0.00444461, -0.0, 0.05294898],
    [0.0, -0.0, 0.0],
    [0.00444461, 0.0, -0.05294898],
    [-0.03284018, -0.0, -0.07296658],
    [0.0, -0.0, 0.0],
    [0.00098281, 0.02893058, -0.00098281],
    [0.0, -0.01281359, 0.0],
    [-0.00098281, 0.02893058, 0.00098281],
    [0.00098281, -0.02893058, -0.00098281],
    [0.0, 0.01281359, 0.0],
    [-0.00098281, -0.02893058, 0.00098281],
    [0.0, 0.0, 0.0],
    [0.05294898, -0.0, -0.00444461],
    [0.07296658, -0.0, 0.03284018],
    [0.0, 0.0, 0.0],
    [-0.07296658, -0.0, -0.03284018],
    [-0.05294898, -0.0, 0.00444461]
  ],
  "relaxed_lattice": [
    [3.87549667, 0.0, 3.87549667],
    [0.0, -7.7661824, 0.0],
    [3.87894585, 0.0, -7.75444251]
  ],
  "relaxed_basis": [
    [0.3333333, 0.50104447, 0.6666667],
    [0.66521751, 0.99153894, 0.33043492],
    [0.00144919, 0.50846106, 0.00289838],
    [0.3333333, 0.99895553, 0.6666667],
    [0.66521751, 0.50846106, 0.33043492],
    [0.00144919, 0.99153894, 0.00289838],
    [0.8333333, 0.75, 0.6666667],
    [0.16794025, 0.25, 0.3358804],
    [0.49872645, 0.25, 0.9974529],
    [0.16691696, 0.75, 0.33383381],
    [0.8333333, 0.25, 0.6666667],
    [0.49974974, 0.75, 0.99949949],
    [0.00425961, 0.25, 0.49704841],
    [0.66952459, 0.75, 0.82979266],
    [0.3333333, 0.25, 0.1666667],
    [0.99714211, 0.75, 0.50354064],
    [0.66240709, 0.25, 0.83628489],
    [0.3333333, 0.75, 0.1666667],
    [0.16688191, 0.49331751, 0.33376371],
    [0.8333333, 0.99566715, 0.6666667],
    [0.49978479, 0.49331751, 0.99956959],
    [0.16688191, 0.00668249, 0.33376371],
    [0.8333333, 0.50433285, 0.6666667],
    [0.49978479, 0.00668249, 0.99956959],
    [0.8333333, 0.25, 0.1666667],
    [0.50639854, 0.75, 0.50354064],
    [0.1738779, 0.25, 0.83628489],
    [0.8333333, 0.75, 0.1666667],
    [0.4927888, 0.25, 0.49704841],
    [0.16026816, 0.75, 0.82979266]
  ],
  "relaxed_energy": -220.95414877,
  "relaxed_magmom": 15.0009,
  "relaxed_mag_basis": [
    0.015,
    0.01,
    0.01,
    0.015,
    0.01,
    0.01,
    3.248,
    3.239,
    3.239,
    1.713,
    1.666,
    1.713,
    -0.031,
    -0.003,
    -0.011,
    -0.003,
    -0.031,
    0.047,
    0.0,
    -0.009,
    0.0,
    0.0,
    -0.009,
    0.0,
    -0.01,
    -0.007,
    -0.035,
    0.049,
    -0.035,
    -0.007
  ]
}