{
  "atom_type": [
    "La",
    "Mn",
    "Ni",
    "O"
  ],
  "atoms_per_type": [
    6,
    1,
    5,
    18
  ],
  "coord_mode": "direct",
  "relaxed_forces": [
    [0.04414853, -0.01795053, 0.04414853],
    [-0.04414853, 0.01795053, -0.04414853],
    [0.0, 0.03817612, 0.0],
    [0.04414853, 0.01795053, 0.04414853],
    [-0.04414853, -0.01795053, -0.04414853],
    [-0.0, -0.03817612, -0.0],
    [-0.0, -0.0, 0.0],
    [0.00706322, -0.0, 0.00706322],
    [0.01247656, -0.0, 0.01247656],
    [-0.0, -0.0, 0.0],
    [-0.01247656, 0.0, -0.01247656],
    [-0.00706322, 0.0, -0.00706322],
    [-0.01213852, -0.0, 0.05755278],
    [-0.03190962, 0.0, -0.05349832],
    [-0.01940734, -0.0, 0.08694383],
    [0.01940734, 0.0, -0.08694383],
    [0.03190962, -0.0, 0.05349832],
    [0.01213852, 0.0, -0.05755278],
    [0.0, 0.00365423, 0.0],
    [-0.02663302, -0.07489843, -0.02663302],
    [0.02663302, 0.07489843, 0.02663302],
    [-0.0, -0.00365423, -0.0],
    [-0.02663302, 0.07489843, -0.02663302],
    [0.02663302, -0.07489843, 0.02663302],
    [0.05755278, -0.0, -0.01213852],
    [-0.05349832, 0.0, -0.03190962],
    [0.08694383, -0.0, -0.01940734],
    [-0.08694383, 0.0, 0.01940734],
    [0.05349832, -0.0, 0.03190962],
    [-0.05755278, 0.0, 0.01213852]
  ],
  "relaxed_lattice": [
    [3.84961963, 0.0, -3.84961963],
    [0.0, 7.72525053, 0.0],
    [3.84831645, -3.86262527, 7.69793607]
  ],
  "relaxed_basis": [
    [0.66821606, 0.16600243, 0.33643201],
    [0.33178394, 0.33399757, 0.66356799],
    [0.0, 0.50451386, 0.0],
    [0.66821606, 0.67042969, 0.33643201],
    [0.33178394, 0.82957031, 0.66356799],
    [1.0, 0.99548614, 1.0],
    [0.5, 0.25, 0.0],
    [0.83362984, 0.08362984, 0.66725978],
    [0.16657144, 0.91657144, 0.33314277],
    [0.5, 0.75, 0.0],
    [0.83342856, 0.58342856, 0.66685723],
    [0.16637016, 0.41637016, 0.33274022],
    [0.6650553, 0.16774709, 0.83549408],
    [0.00087056, 0.9992152, 0.4984304],
    [0.33173209, 0.8335491, 0.1670983],
    [0.66826791, 0.6664509, 0.8329017],
    [0.99912944, 0.5007848, 0.5015696],
    [0.3349447, 0.33225291, 0.16450592],
    [0.5, 0.00388387, 0.0],
    [0.83316599, 0.83152831, 0.66633209],
    [0.16683401, 0.66847169, 0.33366791],
    [0.5, 0.49611613, 1.0],
    [0.83316599, 0.33480368, 0.66633209],
    [0.16683401, 0.16519632, 0.33366791],
    [0.17043888, 0.16774709, 0.83549408],
    [0.49755983, 0.9992152, 0.4984304],
    [0.83536611, 0.8335491, 0.1670983],
    [0.16463389, 0.6664509, 0.8329017],
    [0.50244017, 0.5007848, 0.5015696],
    [0.82956112, 0.33225291, 0.16450592]
  ],
  "relaxed_energy": -206.94929944,
  "relaxed_magmom": 9.0006,
  "relaxed_mag_basis": [
    0.008,
    0.008,
    0.01,
    0.008,
    0.008,
    0.01,
    3.268,
    1.507,
    1.24,
    1.509,
    1.24,
    1.507,
    -0.034,
    -0.096,
    -0.086,
    -0.086,
    -0.096,
    -0.034,
    -0.031,
    -0.076,
    -0.076,
    -0.031,
    -0.078,
    -0.078,
    -0.029,
    -0.104,
    -0.081,
    -0.081,
    -0.104,
    -0.029
  ]
}