{
  "chemical_reference" : {
    "global" : [
      {
        "La" : 0.200000000000,
        "Mn" : 0.200000000000,
        "Ni" : 0.000000000000,
        "O" : 0.600000000000,
        "energy_per_species" : -7.924555888000
      },
      {
        "La" : 0.200000000000,
        "Mn" : 0.000000000000,
        "Ni" : 0.200000000000,
        "O" : 0.600000000000,
        "energy_per_species" : -6.657975994000
      }
    ],
    "species_order" : [ "La", "Mn", "Ni", "O" ]
  }
}