{
  "atom_type": [
    "La",
    "Mn",
    "Ni",
    "O"
  ],
  "atoms_per_type": [
    6,
    5,
    1,
    18
  ],
  "coord_mode": "direct",
  "relaxed_forces": [
    [0.0469691, 0.05266406, -0.04653122],
    [-0.0469691, 0.05266406, 0.04653122],
    [0.0, -0.0, 0.0],
    [0.0469691, -0.05266406, -0.04653122],
    [-0.0469691, -0.05266406, 0.04653122],
    [0.0, -0.0, 0.0],
    [-0.07027085, -0.0, 0.00259285],
    [-0.00985529, -0.0, 0.04022521],
    [0.0, -0.0, 0.0],
    [0.07027085, -0.0, -0.00259285],
    [0.00985529, -0.0, -0.04022521],
    [0.0, -0.0, 0.0],
    [0.03014927, -0.0, -0.06990203],
    [0.0085563, -0.0, 0.0266225],
    [-0.0085563, -0.0, -0.0266225],
    [-0.03014927, -0.0, 0.06990203],
    [-0.01663572, -0.0, 0.05267066],
    [0.01663572, -0.0, -0.05267066],
    [-0.03072618, 0.0703617, 0.0323824],
    [0.03072618, -0.0703617, -0.0323824],
    [0.0, -0.03897519, 0.0],
    [-0.03072618, -0.0703617, 0.0323824],
    [0.03072618, 0.0703617, -0.0323824],
    [0.0, 0.03897519, 0.0],
    [0.07498376, -0.0, 0.03062461],
    [0.0, -0.0, 0.0],
    [-0.07498376, -0.0, -0.03062461],
    [0.04545924, -0.0, -0.03332868],
    [0.0, -0.0, 0.0],
    [-0.04545924, -0.0, 0.03332868]
  ],
  "relaxed_lattice": [
    [3.9149331, -3.91756815, 3.9268874],
    [3.9149331, 3.91756815, 3.9268874],
    [-3.91246145, 0.0, 7.85130889]
  ],
  "relaxed_basis": [
    [0.16413494, 0.17152657, 0.32790564],
    [0.32847343, 0.33586506, 0.67209436],
    [0.5, 0.5, 0.0],
    [0.67152657, 0.66413494, 0.32790564],
    [0.83586506, 0.82847343, 0.67209436],
    [0.0, 0.0, 0.0],
    [0.66666126, 0.16666126, 0.33444627],
    [0.83363513, 0.33363513, 0.66690522],
    [0.5, 0.0, 0.0],
    [0.33333874, 0.83333874, 0.66555373],
    [0.16636487, 0.66636487, 0.33309478],
    [0.0, 0.5, 0.0],
    [0.75165768, 0.25165768, 0.50282026],
    [0.58254262, 0.08254262, 0.16569807],
    [0.41745738, 0.91745738, 0.83430193],
    [0.24834232, 0.74834232, 0.49717974],
    [0.08330951, 0.58330951, 0.16846099],
    [0.91669049, 0.41669049, 0.83153901],
    [0.08276676, 0.08385603, 0.6668937],
    [0.91723324, 0.91614397, 0.3331063],
    [0.74489416, 0.75510584, 0.0],
    [0.58385603, 0.58276676, 0.6668937],
    [0.41614397, 0.41723324, 0.3331063],
    [0.25510584, 0.24489416, 0.0],
    [0.6666413, 0.1666413, 0.83343082],
    [0.5, 0.0, 0.5],
    [0.3333587, 0.8333587, 0.16656918],
    [0.16777261, 0.66777261, 0.8311534],
    [0.0, 0.5, 0.5],
    [0.83222739, 0.33222739, 0.1688466]
  ],
  "relaxed_energy": -232.36534119,
  "relaxed_magmom": 21.0016,
  "relaxed_mag_basis": [
    0.019,
    0.019,
    0.018,
    0.019,
    0.019,
    0.016,
    3.887,
    3.78,
    3.7,
    3.887,
    3.779,
    1.704,
    -0.028,
    -0.028,
    -0.028,
    -0.028,
    0.003,
    0.003,
    -0.029,
    -0.029,
    -0.001,
    -0.023,
    -0.023,
    -0.001,
    -0.03,
    -0.036,
    -0.03,
    -0.006,
    -0.031,
    -0.006
  ]
}