{
  "atom_type": [
    "La",
    "Mn",
    "Ni",
    "O"
  ],
  "atoms_per_type": [
    6,
    5,
    1,
    18
  ],
  "coord_mode": "direct",
  "relaxed_forces": [
    [0.0, 0.01142363, -0.01142363],
    [0.0, -0.0072622, 0.0072622],
    [0.0, -0.0, -0.0],
    [0.0, 0.0072622, -0.0072622],
    [-0.0, -0.01142363, 0.01142363],
    [0.0, -0.0, -0.0],
    [0.0, 0.04129433, -0.04129433],
    [0.0, -0.00404149, 0.00404149],
    [0.0, -0.0, -0.0],
    [0.0, -0.04129433, 0.04129433],
    [0.0, 0.00404149, -0.00404149],
    [0.0, -0.0, -0.0],
    [0.0, 0.00867478, -0.01382967],
    [0.0, -0.00553615, 0.09336114],
    [0.0, 0.00553615, -0.09336114],
    [0.0, -0.00867478, 0.01382967],
    [-0.0, 0.0184862, -0.00483742],
    [0.0, -0.0184862, 0.00483742],
    [0.0, -0.00483742, 0.0184862],
    [0.0, 0.01382967, -0.00867478],
    [0.0, -0.09336114, 0.00553615],
    [0.0, 0.09336114, -0.00553615],
    [0.0, -0.01382967, 0.00867478],
    [0.0, 0.00483742, -0.0184862],
    [0.0, -0.09457822, 0.09457822],
    [0.0, 0.03099976, -0.03099976],
    [0.0, -0.0, -0.0],
    [-0.0, -0.03099976, 0.03099976],
    [0.0, 0.09457822, -0.09457822],
    [0.0, -0.0, -0.0]
  ],
  "relaxed_lattice": [
    [3.92314788, 0.0, 0.0],
    [0.0, 3.92421904, 3.92421904],
    [0.0, -11.77045119, 11.77045119]
  ],
  "relaxed_basis": [
    [0.0, 0.5, 0.15587155],
    [0.0, 0.0, 0.3306178],
    [0.0, 0.5, 0.5],
    [0.0, 0.0, 0.6693822],
    [0.0, 0.5, 0.84412845],
    [0.0, 0.0, 0.0],
    [0.5, 0.5, 0.66772535],
    [0.5, 0.0, 0.83305176],
    [0.5, 0.0, 0.5],
    [0.5, 0.5, 0.33227465],
    [0.5, 0.0, 0.16694824],
    [0.5, 0.5, 0.0],
    [0.5, 0.75698482, 0.75032002],
    [0.5, 0.248231, 0.58234606],
    [0.5, 0.751769, 0.41765394],
    [0.5, 0.24301518, 0.24967998],
    [0.5, 0.75261617, 0.08507993],
    [0.5, 0.24738383, 0.91492007],
    [0.5, 0.75261617, 0.91492007],
    [0.5, 0.24301518, 0.75032002],
    [0.5, 0.751769, 0.58234606],
    [0.5, 0.248231, 0.41765394],
    [0.5, 0.75698482, 0.24967998],
    [0.5, 0.24738383, 0.08507993],
    [0.0, 0.0, 0.832375],
    [0.0, 0.5, 0.66534714],
    [0.0, 0.0, 0.5],
    [0.0, 0.5, 0.33465286],
    [0.0, 0.0, 0.167625],
    [0.0, 0.5, 0.0]
  ],
  "relaxed_energy": -232.32407506,
  "relaxed_magmom": 20.9816,
  "relaxed_mag_basis": [
    0.015,
    0.022,
    0.022,
    0.022,
    0.015,
    0.011,
    3.957,
    3.683,
    3.758,
    3.957,
    3.683,
    1.73,
    -0.03,
    -0.032,
    -0.032,
    -0.03,
    0.003,
    0.003,
    0.003,
    -0.03,
    -0.032,
    -0.032,
    -0.03,
    0.003,
    -0.03,
    -0.038,
    -0.042,
    -0.037,
    -0.03,
    0.038
  ]
}