{
  "atom_type": [
    "La",
    "Mn",
    "Ni",
    "O"
  ],
  "atoms_per_type": [
    4,
    1,
    3,
    12
  ],
  "coord_mode": "direct",
  "relaxed_forces": [
    [-0.0, -0.0, -0.06922104],
    [-0.0, 0.0, 0.06922104],
    [-0.0, 0.0, -0.06922104],
    [0.0, -0.0, 0.06922104],
    [-0.0, -0.0, 0.0],
    [0.0, -0.0, 0.01279094],
    [-0.0, -0.0, 0.0],
    [-0.0, -0.0, -0.01279094],
    [-0.0, -0.0, -0.04929375],
    [-0.0, -0.0, 0.01826408],
    [0.0, -0.0, -0.01826408],
    [0.0, -0.0, 0.04929375],
    [0.0, -0.04305532, 0.0],
    [0.0, 0.0, 0.0],
    [-0.0, 0.04305532, 0.0],
    [0.0, 0.0, 0.0],
    [-0.04305532, -0.0, 0.0],
    [-0.0, 0.0, 0.0],
    [0.04305532, -0.0, 0.0],
    [0.0, -0.0, 0.0]
  ],
  "relaxed_lattice": [
    [3.85792802, -3.85792802, 0.0],
    [3.85792802, 3.85792802, 0.0],
    [-3.85792802, 0.0, 7.73248707]
  ],
  "relaxed_basis": [
    [0.24844506, 0.24844506, 0.49689011],
    [0.50155494, 0.50155494, 0.00310989],
    [0.74844506, 0.74844506, 0.49689011],
    [0.00155494, 0.00155494, 0.00310989],
    [0.875, 0.375, 0.75],
    [0.12547456, 0.62547456, 0.25094912],
    [0.375, 0.875, 0.75],
    [0.62452544, 0.12452544, 0.24905088],
    [0.75177614, 0.25177614, 0.50355228],
    [0.49938832, 0.99938832, 0.99877664],
    [0.25061168, 0.75061168, 0.50122336],
    [0.99822386, 0.49822386, 0.99644772],
    [0.12061985, 0.12938015, 0.75],
    [0.875, 0.875, 0.25],
    [0.62938015, 0.62061985, 0.75],
    [0.375, 0.375, 0.25],
    [0.62938015, 0.12938015, 0.75],
    [0.375, 0.875, 0.25],
    [0.12061985, 0.62061985, 0.75],
    [0.875, 0.375, 0.25]
  ],
  "relaxed_energy": -140.30990748,
  "relaxed_magmom": 7.0021,
  "relaxed_mag_basis": [
    0.01,
    0.01,
    0.01,
    0.01,
    3.234,
    1.424,
    1.527,
    1.424,
    -0.025,
    -0.089,
    -0.089,
    -0.025,
    -0.02,
    -0.075,
    -0.02,
    -0.088,
    -0.021,
    -0.086,
    -0.021,
    -0.079
  ]
}