{
  "atom_type": [
    "La",
    "Mn",
    "Ni",
    "O"
  ],
  "atoms_per_type": [
    4,
    1,
    3,
    12
  ],
  "coord_mode": "direct",
  "relaxed_forces": [
    [0.04771121, 0.04771121, 0.04771121],
    [0.04343353, 0.04343353, 0.04343353],
    [-0.04343353, -0.04343353, -0.04343353],
    [-0.04771121, -0.04771121, -0.04771121],
    [0.0, 0.0, 0.0],
    [-0.00314433, -0.00314433, -0.00314433],
    [0.0, 0.0, 0.0],
    [0.00314433, 0.00314433, 0.00314433],
    [-0.0226455, -0.0226455, 0.0068666],
    [-0.01243616, -0.01243616, -0.03277355],
    [0.01243616, 0.01243616, 0.03277355],
    [0.0226455, 0.0226455, -0.0068666],
    [-0.0226455, 0.0068666, -0.0226455],
    [-0.01243616, -0.03277355, -0.01243616],
    [0.01243616, 0.03277355, 0.01243616],
    [0.0226455, -0.0068666, 0.0226455],
    [0.0068666, -0.0226455, -0.0226455],
    [-0.03277355, -0.01243616, -0.01243616],
    [0.03277355, 0.01243616, 0.01243616],
    [-0.0068666, 0.0226455, 0.0226455]
  ],
  "relaxed_lattice": [
    [-3.85728308, 0.0, 3.85728308],
    [0.0, -3.85728308, 3.85728308],
    [3.86244249, 3.86244249, 7.71972555]
  ],
  "relaxed_basis": [
    [0.24854026, 0.24854026, 0.25437921],
    [0.49856765, 0.49856765, 0.50429704],
    [0.75143235, 0.75143235, 0.74570296],
    [0.00145974, 0.00145974, 0.99562079],
    [0.625, 0.625, 0.125],
    [0.87506092, 0.87506092, 0.37481723],
    [0.125, 0.125, 0.625],
    [0.37493908, 0.37493908, 0.87518277],
    [0.50159723, 0.50159723, 0.00218458],
    [0.24786133, 0.24786133, 0.74811612],
    [0.00213867, 0.00213867, 0.50188388],
    [0.74840277, 0.74840277, 0.24781542],
    [0.50159723, 0.99462096, 0.00218458],
    [0.24786133, 0.75616123, 0.74811612],
    [0.00213867, 0.49383877, 0.50188388],
    [0.74840277, 0.25537904, 0.24781542],
    [0.99462096, 0.50159723, 0.00218458],
    [0.75616123, 0.24786133, 0.74811612],
    [0.49383877, 0.00213867, 0.50188388],
    [0.25537904, 0.74840277, 0.24781542]
  ],
  "relaxed_energy": -140.36965244,
  "relaxed_magmom": 7.0003,
  "relaxed_mag_basis": [
    0.011,
    0.007,
    0.007,
    0.011,
    3.234,
    1.598,
    1.081,
    1.598,
    -0.017,
    -0.065,
    -0.065,
    -0.017,
    -0.025,
    -0.082,
    -0.082,
    -0.025,
    -0.01,
    -0.073,
    -0.073,
    -0.01
  ]
}