{
  "atom_type": [
    "La",
    "Mn",
    "Ni",
    "O"
  ],
  "atoms_per_type": [
    4,
    3,
    1,
    12
  ],
  "coord_mode": "direct",
  "relaxed_forces": [
    [0.01562579, 0.01562579, 0.01562579],
    [-0.01562579, -0.01562579, -0.01562579],
    [-0.03371461, -0.03371461, -0.03371461],
    [0.03371461, 0.03371461, 0.03371461],
    [0.01856156, 0.01856156, 0.01856156],
    [-0.0, -0.0, 0.0],
    [-0.01856156, -0.01856156, -0.01856156],
    [-0.0, -0.0, 0.0],
    [0.02029646, 0.02029646, -0.02472697],
    [-0.02029646, -0.02029646, 0.02472697],
    [-0.01522243, -0.01522243, -0.03739865],
    [0.01522243, 0.01522243, 0.03739865],
    [0.02029646, -0.02472697, 0.02029646],
    [-0.02029646, 0.02472697, -0.02029646],
    [-0.01522243, -0.03739865, -0.01522243],
    [0.01522243, 0.03739865, 0.01522243],
    [-0.02472697, 0.02029646, 0.02029646],
    [0.02472697, -0.02029646, -0.02029646],
    [-0.03739865, -0.01522243, -0.01522243],
    [0.03739865, 0.01522243, 0.01522243]
  ],
  "relaxed_lattice": [
    [-3.90612774, 0.0, 3.90612774],
    [0.0, -3.90612774, 3.90612774],
    [3.90813321, 3.90813321, 7.81426095]
  ],
  "relaxed_basis": [
    [0.24772948, 0.24772948, 0.25681156],
    [0.50227052, 0.50227052, 0.49318844],
    [0.75255141, 0.75255141, 0.74234578],
    [0.99744859, 0.99744859, 0.00765422],
    [0.12513469, 0.12513469, 0.62459593],
    [0.375, 0.375, 0.875],
    [0.62486531, 0.62486531, 0.12540407],
    [0.875, 0.875, 0.375],
    [0.50243971, 0.50243971, 0.00249681],
    [0.24756029, 0.24756029, 0.74750319],
    [0.00141868, 0.00141868, 0.50183212],
    [0.74858132, 0.74858132, 0.24816788],
    [0.50243971, 0.99262377, 0.00249681],
    [0.24756029, 0.75737623, 0.74750319],
    [0.00141868, 0.49533052, 0.50183212],
    [0.74858132, 0.25466948, 0.24816788],
    [0.99262377, 0.50243971, 0.00249681],
    [0.75737623, 0.24756029, 0.74750319],
    [0.49533052, 0.00141868, 0.50183212],
    [0.25466948, 0.74858132, 0.24816788]
  ],
  "relaxed_energy": -153.09567496,
  "relaxed_magmom": 13.0004,
  "relaxed_mag_basis": [
    0.014,
    0.014,
    0.019,
    0.019,
    3.493,
    4.113,
    3.493,
    1.708,
    -0.034,
    -0.034,
    0.004,
    0.004,
    -0.032,
    -0.032,
    -0.002,
    -0.002,
    -0.025,
    -0.025,
    0.008,
    0.008
  ]
}