{
  "atom_type": [
    "La",
    "Mn",
    "Ni",
    "O"
  ],
  "atoms_per_type": [
    4,
    1,
    3,
    12
  ],
  "coord_mode": "direct",
  "relaxed_forces": [
    [0.0, -0.0, 0.05360235],
    [-0.0, -0.0, -0.05360235],
    [0.0, -0.0, -0.05360235],
    [-0.0, -0.0, 0.05360235],
    [-0.0, -0.0, 0.0],
    [-0.0, -0.0, -0.0],
    [-0.0, -0.0, 0.0],
    [0.0, -0.0, 0.0],
    [0.0, -0.0, -0.0011911],
    [0.0, -0.0, -0.17251265],
    [-0.0, -0.0, 0.0011911],
    [0.0, -0.0, 0.17251265],
    [0.0, -0.00306278, 0.0],
    [0.0, 0.00306278, -0.0],
    [0.0, -0.22867875, -0.0],
    [0.0, 0.22867875, 0.0],
    [-0.00306278, -0.0, -0.0],
    [0.00306278, -0.0, 0.0],
    [-0.22867875, -0.0, 0.0],
    [0.22867875, -0.0, 0.0]
  ],
  "relaxed_lattice": [
    [3.85691945, 3.85691945, 0.0],
    [3.85691945, -3.85691945, 0.0],
    [0.0, 0.0, -7.72484952]
  ],
  "relaxed_basis": [
    [0.5, 0.5, 0.99711306],
    [0.0, 0.0, 0.50288694],
    [0.5, 0.5, 0.50288694],
    [0.0, 0.0, 0.99711306],
    [0.0, 0.5, 0.25],
    [0.5, 0.0, 0.75],
    [0.0, 0.5, 0.75],
    [0.5, 0.0, 0.25],
    [0.0, 0.5, 0.49633103],
    [0.5, 0.0, 0.5032399],
    [0.0, 0.5, 0.00366897],
    [0.5, 0.0, 0.9967601],
    [0.75429215, 0.74570785, 0.25],
    [0.24570785, 0.25429215, 0.25],
    [0.74888078, 0.75111922, 0.75],
    [0.25111922, 0.24888078, 0.75],
    [0.75429215, 0.25429215, 0.25],
    [0.24570785, 0.74570785, 0.25],
    [0.74888078, 0.24888078, 0.75],
    [0.25111922, 0.75111922, 0.75]
  ],
  "relaxed_energy": -140.34903613,
  "relaxed_magmom": 6.9999,
  "relaxed_mag_basis": [
    0.009,
    0.009,
    0.009,
    0.009,
    3.226,
    1.184,
    1.527,
    1.605,
    -0.029,
    -0.068,
    -0.029,
    -0.068,
    -0.012,
    -0.012,
    -0.081,
    -0.081,
    -0.017,
    -0.017,
    -0.078,
    -0.078
  ]
}