{
  "atom_type": [
    "La",
    "Mn",
    "Ni",
    "O"
  ],
  "atoms_per_type": [
    6,
    3,
    3,
    18
  ],
  "coord_mode": "direct",
  "relaxed_forces": [
    [-0.0, 0.0, 0.13232116],
    [-0.0, 0.0, -0.09118206],
    [-0.0, 0.0, -0.16653563],
    [-0.0, 0.0, 0.17216965],
    [0.0, 0.0, 0.00819349],
    [-0.0, 0.0, -0.1383455],
    [-0.0, -0.0, 0.11753423],
    [-0.0, 0.0, -0.03888851],
    [-0.0, -0.0, -0.10033276],
    [-0.0, -0.0, 0.00308329],
    [-0.0, -0.0, -0.06102029],
    [-0.0, -0.0, 0.06782339],
    [-0.0, -0.0, -0.09276196],
    [-0.0, -0.0, -0.08251868],
    [-0.0, -0.0, 0.13881075],
    [-0.0, 0.0, 0.11342467],
    [-0.0, -0.0, -0.09593304],
    [-0.0, -0.0, 0.01093824],
    [0.0, 0.0, -0.05130061],
    [-0.0, 0.0, 0.0114755],
    [-0.0, 0.0, -0.02654066],
    [-0.0, 0.0, 0.06012882],
    [-0.0, 0.0, 0.05963479],
    [-0.0, -0.0, -0.00178806],
    [-0.0, 0.0, -0.05130061],
    [-0.0, -0.0, 0.0114755],
    [-0.0, 0.0, -0.02654066],
    [-0.0, 0.0, 0.06012882],
    [-0.0, 0.0, 0.05963479],
    [-0.0, 0.0, -0.00178806]
  ],
  "relaxed_lattice": [
    [3.88011048, 0.0, 0.0],
    [0.0, 3.88011048, 0.0],
    [0.0, 0.0, 23.41488429]
  ],
  "relaxed_basis": [
    [0.0, 0.0, 0.1682202],
    [0.0, 0.0, 0.32680072],
    [0.0, 0.0, 0.50208071],
    [0.0, 0.0, 0.65817879],
    [0.0, 0.0, 0.83388674],
    [0.0, 0.0, 0.01018292],
    [0.5, 0.5, 0.74946974],
    [0.5, 0.5, 0.91755614],
    [0.5, 0.5, 0.41619672],
    [0.5, 0.5, 0.58278463],
    [0.5, 0.5, 0.25004297],
    [0.5, 0.5, 0.08392173],
    [0.5, 0.5, 0.83335411],
    [0.5, 0.5, 0.6694496],
    [0.5, 0.5, 0.49762066],
    [0.5, 0.5, 0.33506546],
    [0.5, 0.5, 0.16705173],
    [0.5, 0.5, 0.99751768],
    [0.5, 0.0, 0.91360741],
    [0.5, 0.0, 0.75239254],
    [0.5, 0.0, 0.58447995],
    [0.5, 0.0, 0.41756383],
    [0.5, 0.0, 0.25112055],
    [0.5, 0.0, 0.08114509],
    [0.0, 0.5, 0.91360741],
    [0.0, 0.5, 0.75239254],
    [0.0, 0.5, 0.58447995],
    [0.0, 0.5, 0.41756383],
    [0.0, 0.5, 0.25112055],
    [0.0, 0.5, 0.08114509]
  ],
  "relaxed_energy": -220.14173993,
  "relaxed_magmom": 15.0675,
  "relaxed_mag_basis": [
    0.005,
    0.015,
    0.015,
    0.012,
    0.024,
    0.015,
    3.534,
    3.542,
    3.503,
    1.649,
    1.547,
    1.576,
    -0.033,
    -0.031,
    -0.013,
    -0.022,
    -0.032,
    -0.042,
    -0.064,
    -0.062,
    0.001,
    -0.072,
    -0.015,
    -0.014,
    -0.045,
    -0.04,
    -0.006,
    -0.047,
    -0.067,
    -0.047
  ]
}