{
  "atom_type": [
    "La",
    "Mn",
    "Ni",
    "O"
  ],
  "atoms_per_type": [
    6,
    1,
    5,
    18
  ],
  "coord_mode": "direct",
  "relaxed_forces": [
    [0.0, -0.01734362, 0.01734362],
    [0.0, 0.0, 0.0],
    [0.0, 0.01734362, -0.01734362],
    [0.0, 0.04823831, -0.04823831],
    [0.0, 0.0, 0.0],
    [0.0, -0.04823831, 0.04823831],
    [0.0, 0.0, 0.0],
    [0.0, 0.01123887, -0.01123887],
    [0.0, -0.00827296, 0.00827296],
    [0.0, 0.0, 0.0],
    [0.0, 0.00827296, -0.00827296],
    [0.0, -0.01123887, 0.01123887],
    [0.0, 0.01127578, 0.04641792],
    [0.0, 0.01693114, -0.02798302],
    [0.0, 0.01456602, 0.00611502],
    [0.0, -0.01456602, -0.00611502],
    [0.0, -0.01693114, 0.02798302],
    [0.0, -0.01127578, -0.04641792],
    [0.0, 0.04641792, 0.01127578],
    [0.0, -0.04641792, -0.01127578],
    [0.0, 0.02798302, -0.01693114],
    [0.0, -0.00611502, -0.01456602],
    [0.0, 0.00611502, 0.01456602],
    [0.0, -0.02798302, 0.01693114],
    [0.0, 0.0, 0.0],
    [0.0, 0.055812, -0.055812],
    [0.0, 0.01211733, -0.01211733],
    [0.0, 0.0, 0.0],
    [0.0, -0.01211733, 0.01211733],
    [0.0, -0.055812, 0.055812]
  ],
  "relaxed_lattice": [
    [3.85878789, 0.0, 0.0],
    [0.0, 3.85655506, 3.85655506],
    [0.0, -11.5614631, 11.5614631]
  ],
  "relaxed_basis": [
    [0.0, 0.5, 0.16765002],
    [0.0, 0.0, 0.3333333],
    [0.0, 0.5, 0.49901668],
    [0.0, 0.0, 0.661059],
    [0.0, 0.5, 0.8333333],
    [0.0, 0.0, 0.0056077],
    [0.5, 0.0, 0.8333333],
    [0.5, 0.5, 0.66667474],
    [0.5, 0.0, 0.49927975],
    [0.5, 0.5, 0.3333333],
    [0.5, 0.0, 0.16738695],
    [0.5, 0.5, 0.99999196],
    [0.5, 0.75207191, 0.75189423],
    [0.5, 0.24608556, 0.58280753],
    [0.5, 0.7508048, 0.4169241],
    [0.5, 0.2491952, 0.2497426],
    [0.5, 0.75391444, 0.08385907],
    [0.5, 0.24792809, 0.91477247],
    [0.5, 0.75207191, 0.91477247],
    [0.5, 0.24792809, 0.75189423],
    [0.5, 0.75391444, 0.58280753],
    [0.5, 0.2491952, 0.4169241],
    [0.5, 0.7508048, 0.2497426],
    [0.5, 0.24608556, 0.08385907],
    [0.0, 0.0, 0.8333333],
    [0.0, 0.5, 0.66690798],
    [0.0, 0.0, 0.50067525],
    [0.0, 0.5, 0.3333333],
    [0.0, 0.0, 0.16599145],
    [0.0, 0.5, 0.99975872]
  ],
  "relaxed_energy": -206.77023169,
  "relaxed_magmom": 9.0206,
  "relaxed_mag_basis": [
    0.009,
    0.01,
    0.009,
    0.012,
    0.016,
    0.012,
    3.323,
    1.498,
    1.316,
    1.406,
    1.316,
    1.498,
    -0.026,
    -0.096,
    -0.098,
    -0.098,
    -0.096,
    -0.026,
    -0.026,
    -0.026,
    -0.096,
    -0.098,
    -0.098,
    -0.096,
    -0.055,
    -0.074,
    -0.089,
    -0.092,
    -0.089,
    -0.074
  ]
}