{
  "atom_type": [
    "La",
    "Mn",
    "Ni",
    "O"
  ],
  "atoms_per_type": [
    6,
    1,
    5,
    18
  ],
  "coord_mode": "direct",
  "relaxed_forces": [
    [0.05494194, -0.05494194, 0.00347986],
    [0.0619682, -0.0619682, -0.00211722],
    [-0.0619682, 0.0619682, 0.00211722],
    [-0.05494194, 0.05494194, -0.00347986],
    [0.00581244, -0.00581244, -0.08300845],
    [-0.00581244, 0.00581244, 0.08300845],
    [0.0, 0.0, -0.0],
    [0.00581923, -0.00581923, 0.01273115],
    [0.02290408, -0.02290408, -0.0103684],
    [0.0, 0.0, -0.0],
    [-0.02290408, 0.02290408, 0.0103684],
    [-0.00581923, 0.00581923, -0.01273115],
    [-0.00659738, 0.00659738, 0.00654964],
    [-0.03068116, 0.03068116, 0.00693196],
    [-0.00974918, 0.00974918, -0.01917893],
    [0.00974918, -0.00974918, 0.01917893],
    [0.03068116, -0.03068116, -0.00693196],
    [0.00659738, -0.00659738, -0.00654964],
    [-0.00282802, 0.00283387, 0.00351068],
    [0.0, 0.0, -0.0],
    [0.00282802, -0.00283387, -0.00351068],
    [0.01459622, 0.01467808, -0.00720835],
    [0.0, 0.0, -0.0],
    [-0.01459622, -0.01467808, 0.00720835],
    [0.00283387, -0.00282802, -0.00351068],
    [-0.01467808, -0.01459622, -0.00720835],
    [0.0, 0.0, -0.0],
    [0.01467808, 0.01459622, 0.00720835],
    [-0.00283387, 0.00282802, 0.00351068],
    [0.0, 0.0, -0.0]
  ],
  "relaxed_lattice": [
    [3.85226943, 3.85226943, -0.0],
    [-3.85659308, 7.70886249, 0.00113088],
    [-0.00219517, 3.85446459, 7.71050057]
  ],
  "relaxed_basis": [
    [0.83552201, 0.83108189, 0.497874],
    [0.66739602, 0.66306697, 0.00214109],
    [0.49927068, 0.50359973, 0.49785891],
    [0.33114459, 0.33558471, 0.002126],
    [0.16807844, 0.16823699, 0.49560623],
    [0.99858826, 0.99842971, 0.00439377],
    [0.5833333, 0.0833333, 0.75],
    [0.75015903, 0.24991449, 0.24976746],
    [0.91680814, 0.41660435, 0.74977946],
    [0.0833333, 0.5833333, 0.25],
    [0.24985856, 0.75006235, 0.75022054],
    [0.41650767, 0.91675221, 0.25023254],
    [0.66554752, 0.16568283, 0.50322223],
    [0.83347378, 0.33395608, 0.99909625],
    [0.00040312, 0.50026757, 0.49892619],
    [0.16626358, 0.66639913, 0.00107381],
    [0.33319282, 0.83271052, 0.50090375],
    [0.50111918, 0.00098387, 0.99677777],
    [0.41845606, 0.91906465, 0.7499896],
    [0.5833333, 0.0833333, 0.25],
    [0.74821064, 0.24760205, 0.7500104],
    [0.91712322, 0.41662336, 0.25017209],
    [0.0833333, 0.5833333, 0.75],
    [0.24954348, 0.75004334, 0.24982791],
    [0.25417691, 0.24760205, 0.7500104],
    [0.41608143, 0.41662336, 0.25017209],
    [0.5833333, 0.5833333, 0.75],
    [0.75058527, 0.75004334, 0.24982791],
    [0.91248979, 0.91906465, 0.7499896],
    [0.0833333, 0.0833333, 0.25]
  ],
  "relaxed_energy": -206.91482793,
  "relaxed_magmom": 9.0001,
  "relaxed_mag_basis": [
    0.009,
    0.009,
    0.009,
    0.009,
    0.011,
    0.011,
    3.273,
    1.429,
    1.446,
    1.335,
    1.446,
    1.429,
    -0.033,
    -0.105,
    -0.084,
    -0.084,
    -0.105,
    -0.033,
    -0.035,
    -0.08,
    -0.035,
    -0.086,
    -0.119,
    -0.086,
    -0.032,
    -0.085,
    -0.118,
    -0.085,
    -0.032,
    -0.079
  ]
}