{
  "atom_type": [
    "La",
    "Mn",
    "Ni",
    "O"
  ],
  "atoms_per_type": [
    5,
    3,
    2,
    15
  ],
  "coord_mode": "direct",
  "relaxed_forces": [
    [-0.0, 0.0, 0.0],
    [0.0151371, -0.0151371, -0.04176055],
    [0.08201875, -0.08201875, 0.01980403],
    [-0.08201875, 0.08201875, -0.01980403],
    [-0.0151371, 0.0151371, 0.04176055],
    [-0.0, 0.0, 0.0],
    [0.06513761, -0.06513761, 0.00235822],
    [-0.06513761, 0.06513761, -0.00235822],
    [0.02997197, -0.02997197, 0.04202254],
    [-0.02997197, 0.02997197, -0.04202254],
    [-0.02307821, 0.02307821, 0.07575099],
    [0.02307821, -0.02307821, -0.07575099],
    [0.02732931, -0.02732931, 0.01050878],
    [-0.0, 0.0, 0.0],
    [-0.02732931, 0.02732931, -0.01050878],
    [-0.0, 0.0, 0.0],
    [-0.00337119, -0.0208305, -0.01131479],
    [0.00781833, -0.00366015, -0.03514225],
    [-0.00781833, 0.00366015, 0.03514225],
    [0.00337119, 0.0208305, 0.01131479],
    [-0.00366015, 0.00781833, 0.03514225],
    [-0.0208305, -0.00337119, 0.01131479],
    [-0.0, 0.0, 0.0],
    [0.0208305, 0.00337119, -0.01131479],
    [0.00366015, -0.00781833, -0.03514225]
  ],
  "relaxed_lattice": [
    [-3.87654184, -3.87654184, 0.0],
    [-3.87850824, 3.87850824, 3.92075601],
    [0.00032571, 3.87621613, -7.83890239]
  ],
  "relaxed_basis": [
    [0.8, 0.2, 0.6],
    [0.60075389, 0.39540907, 0.20150777],
    [0.39635205, 0.59475346, 0.79270409],
    [0.20364795, 0.80524654, 0.40729591],
    [0.99924611, 0.00459093, 0.99849223],
    [0.8, 0.7, 0.6],
    [0.59934926, 0.90153675, 0.19869852],
    [0.00065074, 0.49846325, 0.00130148],
    [0.20027913, 0.30013516, 0.40055827],
    [0.39972087, 0.09986484, 0.79944173],
    [0.69731852, 0.80262768, 0.39463703],
    [0.90268148, 0.59737232, 0.80536297],
    [0.09921827, 0.40033251, 0.19843654],
    [0.3, 0.2, 0.6],
    [0.50078173, 0.99966749, 0.00156346],
    [0.8, 0.7, 0.1],
    [0.99590329, 0.50400763, 0.50106839],
    [0.19602086, 0.30509271, 0.90313186],
    [0.40397914, 0.09490729, 0.29686814],
    [0.60409671, 0.89599237, 0.69893161],
    [0.892889, 0.09490729, 0.29686814],
    [0.0948349, 0.89599237, 0.69893161],
    [0.3, 0.7, 0.1],
    [0.5051651, 0.50400763, 0.50106839],
    [0.707111, 0.30509271, 0.90313186]
  ],
  "relaxed_energy": -187.02247264,
  "relaxed_magmom": 14.001,
  "relaxed_mag_basis": [
    0.012,
    0.016,
    0.014,
    0.014,
    0.016,
    3.643,
    3.412,
    3.412,
    1.695,
    1.695,
    -0.04,
    -0.04,
    0.003,
    0.031,
    0.003,
    -0.011,
    0.005,
    -0.031,
    -0.031,
    0.005,
    -0.031,
    0.005,
    -0.011,
    0.005,
    -0.031
  ]
}