{
  "atom_type": [
    "La",
    "Mn",
    "Ni",
    "O"
  ],
  "atoms_per_type": [
    4,
    2,
    2,
    12
  ],
  "coord_mode": "direct",
  "relaxed_forces": [
    [-0.0, 0.0, -0.0],
    [-0.0, 0.0, 0.11781275],
    [-0.0, 0.0, -0.0],
    [-0.0, -0.0, -0.11781275],
    [-0.0, -0.0, 0.11428306],
    [-0.0, 0.0, -0.11428306],
    [-0.0, 0.0, 0.0167742],
    [-0.0, -0.0, -0.0167742],
    [0.0, 0.0, -0.0],
    [-0.0, 0.0, 0.03003341],
    [-0.0, 0.0, -0.0],
    [-0.0, -0.0, -0.03003341],
    [-0.0, 0.0, -0.0463471],
    [0.0, -0.0, 0.0463471],
    [-0.0, -0.0, 0.01236384],
    [-0.0, 0.0, -0.01236384],
    [0.0, -0.0, -0.0463471],
    [-0.0, 0.0, 0.0463471],
    [-0.0, 0.0, 0.01236384],
    [-0.0, -0.0, -0.01236384]
  ],
  "relaxed_lattice": [
    [3.87983045, 0.0, 0.0],
    [0.0, 3.87983045, 0.0],
    [0.0, 0.0, 15.6351834]
  ],
  "relaxed_basis": [
    [0.0, 0.0, 0.25],
    [0.0, 0.0, 0.48602437],
    [0.0, 0.0, 0.75],
    [0.0, 0.0, 0.01397563],
    [0.5, 0.5, 0.6235974],
    [0.5, 0.5, 0.8764026],
    [0.5, 0.5, 0.12555998],
    [0.5, 0.5, 0.37444002],
    [0.5, 0.5, 0.75],
    [0.5, 0.5, 0.5036482],
    [0.5, 0.5, 0.25],
    [0.5, 0.5, 0.9963518],
    [0.5, 0.0, 0.87118612],
    [0.5, 0.0, 0.62881388],
    [0.5, 0.0, 0.37805738],
    [0.5, 0.0, 0.12194262],
    [0.0, 0.5, 0.87118612],
    [0.0, 0.5, 0.62881388],
    [0.0, 0.5, 0.37805738],
    [0.0, 0.5, 0.12194262]
  ],
  "relaxed_energy": -146.67569015,
  "relaxed_magmom": 10.0179,
  "relaxed_mag_basis": [
    0.002,
    0.013,
    0.022,
    0.013,
    3.542,
    3.542,
    1.589,
    1.589,
    -0.037,
    -0.043,
    -0.012,
    -0.043,
    -0.063,
    -0.063,
    -0.004,
    -0.004,
    -0.042,
    -0.042,
    -0.043,
    -0.043
  ]
}