{
  "atom_type": [
    "La",
    "Mn",
    "Ni",
    "O"
  ],
  "atoms_per_type": [
    3,
    2,
    1,
    9
  ],
  "coord_mode": "direct",
  "relaxed_forces": [
    [0.0, 0.0, -0.0],
    [0.0, -0.0137985, 0.0137985],
    [-0.0, 0.0137985, -0.0137985],
    [0.0, 0.03198242, -0.03198242],
    [0.0, -0.03198242, 0.03198242],
    [0.0, 0.0, -0.0],
    [0.0, -0.0, -0.0],
    [0.0, -0.06356905, 0.06356905],
    [-0.0, 0.06356905, -0.06356905],
    [0.0, -0.05828437, -0.00067075],
    [0.0, 0.05828437, 0.00067075],
    [0.0, 0.0, -0.0],
    [0.0, -0.00067075, -0.05828437],
    [0.0, 0.0, -0.0],
    [0.0, 0.00067075, 0.05828437]
  ],
  "relaxed_lattice": [
    [-3.93467019, 0.0, 0.0],
    [0.0, 3.88437829, 3.88437829],
    [0.0, 3.88390086, -7.76827914]
  ],
  "relaxed_basis": [
    [0.0, 0.0, 0.0],
    [0.0, 0.660746, 0.32149189],
    [0.0, 0.339254, 0.67850811],
    [0.5, 0.16720697, 0.33441384],
    [0.5, 0.83279303, 0.66558616],
    [0.5, 0.5, 0.0],
    [0.0, 0.5, 0.0],
    [0.0, 0.16704909, 0.33409808],
    [0.0, 0.83295091, 0.66590192],
    [0.5, 0.16055746, 0.82906223],
    [0.5, 0.83944254, 0.17093777],
    [0.5, 0.5, 0.5],
    [0.5, 0.33149513, 0.17093777],
    [0.5, 0.0, 0.5],
    [0.5, 0.66850487, 0.82906223]
  ],
  "relaxed_energy": -113.27330662,
  "relaxed_magmom": 9.0014,
  "relaxed_mag_basis": [
    0.01,
    0.013,
    0.013,
    3.604,
    3.603,
    1.7,
    0.028,
    -0.02,
    -0.021,
    -0.02,
    -0.019,
    -0.016,
    -0.016,
    -0.014,
    -0.016
  ]
}