{
  "atom_type": [
    "La",
    "Mn",
    "Ni",
    "O"
  ],
  "atoms_per_type": [
    2,
    1,
    1,
    6
  ],
  "coord_mode": "direct",
  "relaxed_forces": [
    [0.0, -0.0, 0.09301622],
    [0.0, -0.0, -0.09301622],
    [0.0, -0.0, 0.0],
    [0.0, 0.0, 0.0],
    [0.0, -0.0, 0.0],
    [0.0, -0.0, 0.0],
    [0.0, -0.0, 0.0],
    [0.0, -0.0, 0.0],
    [0.0, -0.0, -0.022874],
    [0.0, -0.0, 0.022874]
  ],
  "relaxed_lattice": [
    [3.89098419, 0.0, 0.0],
    [0.0, 3.89098419, 0.0],
    [0.0, 0.0, 7.81709566]
  ],
  "relaxed_basis": [
    [0.0, 0.0, 0.01166975],
    [0.0, 0.0, 0.48833025],
    [0.5, 0.5, 0.75],
    [0.5, 0.5, 0.25],
    [0.0, 0.5, 0.25],
    [0.0, 0.5, 0.75],
    [0.5, 0.0, 0.25],
    [0.5, 0.0, 0.75],
    [0.5, 0.5, 0.99324802],
    [0.5, 0.5, 0.50675198]
  ],
  "relaxed_energy": -73.46853555,
  "relaxed_magmom": 5.0012,
  "relaxed_mag_basis": [
    0.011,
    0.011,
    3.476,
    1.611,
    -0.03,
    -0.04,
    -0.012,
    -0.067,
    -0.01,
    -0.01
  ]
}