{
  "atom_type": [
    "La",
    "Mn",
    "Ni",
    "O"
  ],
  "atoms_per_type": [
    6,
    3,
    3,
    18
  ],
  "coord_mode": "direct",
  "relaxed_forces": [
    [0.0, -0.0, -0.0],
    [0.04313848, 0.04929613, 0.0302362],
    [-0.04313848, 0.04929613, -0.0302362],
    [0.0, -0.0, -0.0],
    [0.04313848, -0.04929613, 0.0302362],
    [-0.04313848, -0.04929613, -0.0302362],
    [0.0, -0.0, -0.0],
    [-0.00487864, -0.0, 0.00613317],
    [0.00487864, -0.0, -0.00613317],
    [0.03144016, -0.0, 0.04012316],
    [0.0, -0.0, -0.0],
    [-0.03144016, -0.0, -0.04012316],
    [0.01297419, -0.0, 0.00138302],
    [-0.01297419, -0.0, -0.00138302],
    [-0.04359807, -0.0, -0.00031762],
    [-0.01960109, -0.0, 0.01710174],
    [0.01960109, -0.0, -0.01710174],
    [0.04359807, -0.0, 0.00031762],
    [-0.02225122, -0.02682756, -0.02940598],
    [0.0, -0.03009164, -0.0],
    [0.02225122, -0.02682756, 0.02940598],
    [-0.02225122, 0.02682756, -0.02940598],
    [0.0, 0.03009164, -0.0],
    [0.02225122, 0.02682756, 0.02940598],
    [0.0, -0.0, -0.0],
    [-0.01115906, -0.0, -0.03327133],
    [-0.01856377, -0.0, -0.00195251],
    [0.0, -0.0, -0.0],
    [0.01856377, -0.0, 0.00195251],
    [0.01115906, -0.0, 0.03327133]
  ],
  "relaxed_lattice": [
    [3.87555693, -3.88720662, 3.87225386],
    [3.87555693, 3.88720662, 3.87225386],
    [-3.87587361, 0.0, 7.74483448]
  ],
  "relaxed_basis": [
    [0.1666667, 0.1666667, 0.3333333],
    [0.32668652, 0.34634677, 0.66574387],
    [0.48698653, 0.50664678, 0.00092283],
    [0.6666667, 0.6666667, 0.3333333],
    [0.84634677, 0.82668652, 0.66574387],
    [0.00664678, 0.98698653, 0.00092283],
    [0.6666667, 0.1666667, 0.3333333],
    [0.83407566, 0.33407566, 0.66845308],
    [0.49925764, 0.99925764, 0.99821362],
    [0.33516711, 0.83516711, 0.6650561],
    [0.1666667, 0.6666667, 0.3333333],
    [0.99816619, 0.49816619, 0.0016106],
    [0.74970212, 0.24970212, 0.49927814],
    [0.58363118, 0.08363118, 0.16738856],
    [0.41759546, 0.91759546, 0.83806718],
    [0.2493585, 0.7493585, 0.49914503],
    [0.0839748, 0.5839748, 0.16752167],
    [0.91573794, 0.41573794, 0.82859942],
    [0.07638354, 0.09002629, 0.66672443],
    [0.9103811, 0.9229523, 0.3333333],
    [0.74330701, 0.75694976, 0.99994227],
    [0.59002629, 0.57638354, 0.66672443],
    [0.4229523, 0.4103811, 0.3333333],
    [0.25694976, 0.24330701, 0.99994227],
    [0.6666667, 0.1666667, 0.8333333],
    [0.50411662, 0.00411662, 0.49539815],
    [0.33793043, 0.83793043, 0.16141273],
    [0.1666667, 0.6666667, 0.8333333],
    [0.99540287, 0.49540287, 0.50525397],
    [0.82921668, 0.32921668, 0.17126855]
  ],
  "relaxed_energy": -220.74185274,
  "relaxed_magmom": 15.001,
  "relaxed_mag_basis": [
    0.011,
    0.011,
    0.013,
    0.013,
    0.013,
    0.011,
    3.233,
    3.275,
    3.275,
    1.695,
    1.691,
    1.695,
    -0.023,
    -0.023,
    -0.047,
    0.03,
    0.03,
    -0.047,
    -0.006,
    0.001,
    0.002,
    0.002,
    0.001,
    -0.006,
    -0.006,
    -0.0,
    -0.035,
    0.028,
    -0.035,
    -0.0
  ]
}