{
  "atom_type": [
    "La",
    "Mn",
    "Ni",
    "O"
  ],
  "atoms_per_type": [
    3,
    2,
    1,
    9
  ],
  "coord_mode": "direct",
  "relaxed_forces": [
    [0.0, -0.0, 0.21190306],
    [0.0, -0.0, -0.21190306],
    [0.0, -0.0, 0.0],
    [0.0, -0.0, -0.0591941],
    [0.0, 0.0, 0.0591941],
    [0.0, 0.0, 0.0],
    [0.0, -0.0, 0.0],
    [0.0, -0.0, 0.08240048],
    [0.0, -0.0, -0.08240048],
    [0.0, -0.0, 0.0],
    [-0.0, -0.0, 0.08240048],
    [0.0, -0.0, -0.08240048],
    [0.0, -0.0, -0.16226915],
    [0.0, -0.0, 0.16226915],
    [0.0, 0.0, 0.0]
  ],
  "relaxed_lattice": [
    [3.91301595, 0.0, 0.0],
    [0.0, 3.91301595, 0.0],
    [0.0, 0.0, 11.64958663]
  ],
  "relaxed_basis": [
    [0.0, 0.0, 0.01031784],
    [0.0, 0.0, 0.32301546],
    [0.0, 0.0, 0.6666667],
    [0.5, 0.5, 0.49921644],
    [0.5, 0.5, 0.83411686],
    [0.5, 0.5, 0.1666667],
    [0.0, 0.5, 0.1666667],
    [0.0, 0.5, 0.50307008],
    [0.0, 0.5, 0.83026322],
    [0.5, 0.0, 0.1666667],
    [0.5, 0.0, 0.50307008],
    [0.5, 0.0, 0.83026322],
    [0.5, 0.5, 0.99556837],
    [0.5, 0.5, 0.33776493],
    [0.5, 0.5, 0.6666667]
  ],
  "relaxed_energy": -113.21696489,
  "relaxed_magmom": 8.9985,
  "relaxed_mag_basis": [
    0.01,
    0.01,
    0.021,
    3.649,
    3.649,
    1.689,
    0.019,
    -0.035,
    -0.035,
    0.018,
    -0.043,
    -0.043,
    -0.026,
    -0.026,
    -0.024
  ]
}