{
  "atom_type": [
    "La",
    "Mn",
    "Ni",
    "O"
  ],
  "atoms_per_type": [
    6,
    4,
    2,
    18
  ],
  "coord_mode": "direct",
  "relaxed_forces": [
    [-0.0, 0.0, 0.0],
    [0.00550016, -0.00550016, -0.0507758],
    [-0.08019024, 0.08019024, -0.00906757],
    [-0.0, 0.0, 0.0],
    [0.08019024, -0.08019024, 0.00906757],
    [-0.00550016, 0.00550016, 0.0507758],
    [-0.06768724, 0.06768724, 0.0247106],
    [-0.06086518, 0.06086518, -0.04141007],
    [0.06768724, -0.06768724, -0.0247106],
    [0.06086518, -0.06086518, 0.04141007],
    [0.00177396, -0.00177396, 0.03530828],
    [-0.00177396, 0.00177396, -0.03530828],
    [0.06222775, -0.06222775, -0.02931814],
    [-0.0, 0.0, 0.0],
    [-0.06222775, 0.06222775, 0.02931814],
    [0.00108099, -0.00108099, -0.0517023],
    [-0.0, 0.0, 0.0],
    [-0.00108099, 0.00108099, 0.0517023],
    [0.01266309, -0.02074744, 0.00332325],
    [0.00408224, -0.02666372, 0.05731797],
    [-0.00999651, -0.00177527, 0.03992608],
    [0.00999651, 0.00177527, -0.03992608],
    [-0.00408224, 0.02666372, -0.05731797],
    [-0.01266309, 0.02074744, -0.00332325],
    [0.00177527, 0.00999651, 0.03992608],
    [-0.00177527, -0.00999651, -0.03992608],
    [-0.02666372, 0.00408224, -0.05731797],
    [-0.02074744, 0.01266309, -0.00332325],
    [0.02074744, -0.01266309, 0.00332325],
    [0.02666372, -0.00408224, 0.05731797]
  ],
  "relaxed_lattice": [
    [3.88164698, 3.88164698, -0.0],
    [-3.88616254, 7.76780951, -0.00242188],
    [0.00011919, 3.88152779, 7.8600933]
  ],
  "relaxed_basis": [
    [0.8333333, 0.8333333, 0.5],
    [0.66596674, 0.67209259, 0.99597402],
    [0.49407707, 0.5120305, 0.49981537],
    [0.3333333, 0.3333333, 0.0],
    [0.17258963, 0.1546362, 0.50018463],
    [0.00069996, 0.99457411, 0.00402598],
    [0.7498238, 0.24957217, 0.25078023],
    [0.58294197, 0.08329254, 0.75082341],
    [0.9168429, 0.41709453, 0.74921977],
    [0.08372463, 0.58337406, 0.24917659],
    [0.25020325, 0.7496483, 0.7499452],
    [0.41646345, 0.9170184, 0.2500548],
    [0.66559984, 0.1657808, 0.50301962],
    [0.8333333, 0.3333333, 0.0],
    [0.00106686, 0.5008859, 0.49698038],
    [0.16688167, 0.66547266, 0.00076411],
    [0.3333333, 0.8333333, 0.5],
    [0.49978503, 0.00119404, 0.99923589],
    [0.41864645, 0.92018627, 0.75039391],
    [0.5850373, 0.08698788, 0.25001199],
    [0.74961555, 0.25002631, 0.75010958],
    [0.91705115, 0.41664039, 0.24989042],
    [0.0816293, 0.57967872, 0.74998801],
    [0.24802025, 0.74648043, 0.24960609],
    [0.25024856, 0.25002631, 0.75010958],
    [0.41641814, 0.41664039, 0.24989042],
    [0.58870387, 0.57967872, 0.74998801],
    [0.75589323, 0.74648043, 0.24960609],
    [0.91077347, 0.92018627, 0.75039391],
    [0.07796273, 0.08698788, 0.25001199]
  ],
  "relaxed_energy": -226.56917854,
  "relaxed_magmom": 18.0003,
  "relaxed_mag_basis": [
    0.013,
    0.015,
    0.016,
    0.017,
    0.016,
    0.015,
    3.67,
    3.566,
    3.67,
    3.566,
    1.688,
    1.688,
    -0.034,
    -0.017,
    -0.034,
    -0.0,
    0.03,
    -0.0,
    -0.02,
    -0.017,
    -0.02,
    -0.02,
    -0.017,
    -0.02,
    -0.02,
    -0.02,
    -0.018,
    -0.02,
    -0.02,
    -0.018
  ]
}