{
  "atom_type": [
    "La",
    "Mn",
    "Ni",
    "O"
  ],
  "atoms_per_type": [
    6,
    2,
    4,
    18
  ],
  "coord_mode": "direct",
  "relaxed_forces": [
    [0.0, 0.0, -0.0],
    [0.0, 0.15888386, -0.15888386],
    [0.0, 0.01027639, -0.01027639],
    [0.0, 0.0, -0.0],
    [0.0, -0.01027639, 0.01027639],
    [0.0, -0.15888386, 0.15888386],
    [0.0, 0.0429602, -0.0429602],
    [0.0, -0.0429602, 0.0429602],
    [0.0, 0.0, -0.0],
    [0.0, 0.02105165, -0.02105165],
    [0.0, 0.0, -0.0],
    [0.0, -0.02105165, 0.02105165],
    [0.0, -0.00239942, 0.08560708],
    [0.0, 0.00239942, -0.08560708],
    [0.0, -0.01539315, 0.02355311],
    [0.0, -0.00477884, 0.00139804],
    [0.0, 0.00477884, -0.00139804],
    [0.0, 0.01539315, -0.02355311],
    [0.0, 0.02355311, -0.01539315],
    [0.0, -0.08560708, 0.00239942],
    [0.0, 0.08560708, -0.00239942],
    [0.0, -0.02355311, 0.01539315],
    [0.0, -0.00139804, 0.00477884],
    [0.0, 0.00139804, -0.00477884],
    [0.0, 0.01522808, -0.01522808],
    [0.0, 0.0, -0.0],
    [0.0, -0.01522808, 0.01522808],
    [0.0, 0.03662386, -0.03662386],
    [0.0, 0.0, -0.0],
    [0.0, -0.03662386, 0.03662386]
  ],
  "relaxed_lattice": [
    [3.86233605, 0.0, 0.0],
    [0.0, 3.86937324, 3.86937324],
    [0.0, -11.62078887, 11.62078887]
  ],
  "relaxed_basis": [
    [0.0, 0.5, 0.1666667],
    [0.0, 0.0, 0.32785945],
    [0.0, 0.5, 0.49900681],
    [0.0, 0.0, 0.6666667],
    [0.0, 0.5, 0.83432649],
    [0.0, 0.0, 0.00547385],
    [0.5, 0.0, 0.8339481],
    [0.5, 0.0, 0.4993852],
    [0.5, 0.5, 0.6666667],
    [0.5, 0.5, 0.33329221],
    [0.5, 0.0, 0.1666667],
    [0.5, 0.5, 4.109e-05],
    [0.5, 0.7552119, 0.75158337],
    [0.5, 0.2447881, 0.58174993],
    [0.5, 0.75261544, 0.41887847],
    [0.5, 0.24491236, 0.24929952],
    [0.5, 0.75508764, 0.08403378],
    [0.5, 0.24738456, 0.91445493],
    [0.5, 0.75261544, 0.91445493],
    [0.5, 0.2447881, 0.75158337],
    [0.5, 0.7552119, 0.58174993],
    [0.5, 0.24738456, 0.41887847],
    [0.5, 0.75508764, 0.24929952],
    [0.5, 0.24491236, 0.08403378],
    [0.0, 0.0, 0.83260953],
    [0.0, 0.5, 0.6666667],
    [0.0, 0.0, 0.50072377],
    [0.0, 0.5, 0.33381602],
    [0.0, 0.0, 0.1666667],
    [0.0, 0.5, 0.99951728]
  ],
  "relaxed_energy": -213.75410289,
  "relaxed_magmom": 12.0084,
  "relaxed_mag_basis": [
    0.007,
    0.011,
    0.015,
    0.014,
    0.015,
    0.011,
    3.339,
    3.339,
    1.593,
    1.553,
    1.29,
    1.553,
    -0.018,
    -0.018,
    -0.018,
    -0.079,
    -0.079,
    -0.018,
    -0.018,
    -0.018,
    -0.018,
    -0.018,
    -0.079,
    -0.079,
    -0.056,
    -0.041,
    -0.056,
    -0.06,
    -0.07,
    -0.06
  ]
}