{
  "atom_type": [
    "La",
    "Mn",
    "Ni",
    "O"
  ],
  "atoms_per_type": [
    5,
    2,
    3,
    15
  ],
  "coord_mode": "direct",
  "relaxed_forces": [
    [0.0, -0.06441231, -0.06441231],
    [0.0, 0.0, -0.0],
    [0.0, 0.06441231, 0.06441231],
    [0.0, -0.00393763, -0.00393763],
    [0.0, 0.00393763, 0.00393763],
    [0.0, 0.04629974, 0.04629974],
    [0.0, -0.04629974, -0.04629974],
    [0.0, 0.01489664, 0.01489664],
    [0.0, 0.0, -0.0],
    [0.0, -0.01489664, -0.01489664],
    [0.0, 0.0, -0.0],
    [0.0, 0.01099713, -0.01201064],
    [0.0, -0.02263179, 0.03799982],
    [0.0, 0.02263179, -0.03799982],
    [0.0, -0.01099713, 0.01201064],
    [0.0, 0.0, -0.0],
    [0.0, -0.01201064, 0.01099713],
    [0.0, 0.03799982, -0.02263179],
    [0.0, -0.03799982, 0.02263179],
    [0.0, 0.01201064, -0.01099713],
    [0.0, -0.00929952, -0.00929952],
    [0.0, 0.00929952, 0.00929952],
    [0.0, -0.06407581, -0.06407581],
    [0.0, 0.0, -0.0],
    [0.0, 0.06407581, 0.06407581]
  ],
  "relaxed_lattice": [
    [3.88553824, 0.0, 0.0],
    [0.0, 3.86749381, -3.86749381],
    [0.0, 7.7564358, 11.62392961]
  ],
  "relaxed_basis": [
    [0.0, 0.60600063, 0.21200126],
    [0.0, 0.2, 0.4],
    [0.0, 0.79399937, 0.58799874],
    [0.0, 0.39561359, 0.79122718],
    [0.0, 0.00438641, 0.00877282],
    [0.5, 0.89988582, 0.79977164],
    [0.5, 0.50011418, 0.00022836],
    [0.5, 0.29976937, 0.59953874],
    [0.5, 0.7, 0.4],
    [0.5, 0.10023063, 0.20046126],
    [0.5, 0.7, 0.9],
    [0.5, 0.09914502, 0.70432852],
    [0.5, 0.50548666, 0.49874358],
    [0.5, 0.89451334, 0.30125642],
    [0.5, 0.30085498, 0.09567148],
    [0.5, 0.2, 0.9],
    [0.5, 0.60518351, 0.70432852],
    [0.5, 0.99325692, 0.49874358],
    [0.5, 0.40674308, 0.30125642],
    [0.5, 0.79481649, 0.09567148],
    [0.0, 0.49898761, 0.99797522],
    [0.0, 0.90101239, 0.80202478],
    [0.0, 0.30126629, 0.60253258],
    [0.0, 0.7, 0.4],
    [0.0, 0.09873371, 0.19746742]
  ],
  "relaxed_energy": -180.25398025,
  "relaxed_magmom": 10.9942,
  "relaxed_mag_basis": [
    0.008,
    0.003,
    0.008,
    0.018,
    0.018,
    3.402,
    3.402,
    1.639,
    1.313,
    1.639,
    -0.014,
    -0.035,
    -0.049,
    -0.049,
    -0.035,
    -0.015,
    -0.035,
    -0.05,
    -0.05,
    -0.035,
    -0.058,
    -0.058,
    -0.017,
    -0.026,
    -0.017
  ]
}