{
  "atom_type": [
    "La",
    "Mn",
    "Ni",
    "O"
  ],
  "atoms_per_type": [
    6,
    3,
    3,
    18
  ],
  "coord_mode": "direct",
  "relaxed_forces": [
    [0.0, 0.02152073, 0.15242882],
    [0.0, 0.01804561, 0.09049406],
    [0.0, -0.01091105, -0.21151717],
    [0.0, -0.02152073, 0.15242882],
    [0.0, -0.01804561, 0.09049406],
    [0.0, 0.01091105, -0.21151717],
    [0.0, -0.0, 0.05303899],
    [0.0, 0.0, -0.04422689],
    [0.0, 0.0, -0.21475308],
    [0.0, -0.0, 0.03647996],
    [0.0, 0.0, -0.01548945],
    [0.0, -0.0, 0.02433999],
    [0.0, 0.0, -0.06809138],
    [0.0, 0.0, -0.03118328],
    [0.0, -0.0, 0.18086919],
    [0.0, -0.0, 0.14025558],
    [0.0, 0.0, -0.13770793],
    [0.0, -0.0, 0.05843293],
    [0.0, 0.00403435, -0.01819211],
    [0.0, 0.02309957, -0.02117369],
    [0.0, -0.02823956, 0.0185787],
    [0.0, -0.00403435, -0.01819211],
    [0.0, -0.02309957, -0.02117369],
    [0.0, 0.02823956, 0.0185787],
    [0.0, 0.0, -0.02312586],
    [0.0, -0.0, 0.03903049],
    [0.0, 0.0, -0.00100749],
    [0.0, 0.0, -0.02072795],
    [0.0, 0.0, -0.02764899],
    [0.0, -0.0, 0.03027798]
  ],
  "relaxed_lattice": [
    [3.87599071, 0.0, 0.0],
    [0.0, 7.77410092, 0.0],
    [0.0, -3.88705047, 11.66553275]
  ],
  "relaxed_basis": [
    [0.0, 0.17259579, 0.32748974],
    [0.0, 0.33621383, 0.65998045],
    [0.0, 0.50759183, 0.01279969],
    [0.0, 0.65489405, 0.32748974],
    [0.0, 0.82376652, 0.65998045],
    [0.0, 0.00520785, 0.01279969],
    [0.5, 0.99954299, 0.49908598],
    [0.5, 0.16688579, 0.83377147],
    [0.5, 0.6672019, 0.8344037],
    [0.5, 0.83384007, 0.16768024],
    [0.5, 0.50007507, 0.50015014],
    [0.5, 0.33283869, 0.16567748],
    [0.5, 0.08365609, 0.66731229],
    [0.5, 0.91919722, 0.33839434],
    [0.5, 0.74752619, 0.99505238],
    [0.5, 0.58483405, 0.66966821],
    [0.5, 0.41701175, 0.3340234],
    [0.5, 0.24762807, 0.99525614],
    [0.5, 0.91567151, 0.83159633],
    [0.5, 0.75799476, 0.50317232],
    [0.5, 0.58311879, 0.16493865],
    [0.5, 0.41592492, 0.83159633],
    [0.5, 0.24517756, 0.50317232],
    [0.5, 0.08181976, 0.16493865],
    [0.0, 0.16586706, 0.83173403],
    [0.0, 0.00177535, 0.50355069],
    [0.0, 0.8323898, 0.1647797],
    [0.0, 0.6656836, 0.83136709],
    [0.0, 0.50140926, 0.50281853],
    [0.0, 0.33265988, 0.16531986]
  ],
  "relaxed_energy": -220.34542306,
  "relaxed_magmom": 14.995,
  "relaxed_mag_basis": [
    0.006,
    0.017,
    0.012,
    0.006,
    0.017,
    0.012,
    3.392,
    3.507,
    3.483,
    1.609,
    1.635,
    1.599,
    -0.021,
    -0.028,
    -0.011,
    -0.019,
    -0.013,
    -0.037,
    -0.053,
    -0.002,
    -0.02,
    -0.053,
    -0.002,
    -0.02,
    -0.055,
    -0.056,
    -0.018,
    -0.054,
    -0.013,
    -0.008
  ]
}