{
  "atom_type": [
    "La",
    "Mn",
    "Ni",
    "O"
  ],
  "atoms_per_type": [
    4,
    1,
    3,
    12
  ],
  "coord_mode": "direct",
  "relaxed_forces": [
    [0.08226321, 0.0, -0.0],
    [-0.0, 0.0, -0.0],
    [-0.08226321, 0.0, -0.0],
    [-0.0, 0.0, -0.0],
    [-0.0, 0.0, -0.0],
    [-0.0, 0.02409706, -0.02409706],
    [-0.0, 0.0, -0.0],
    [-0.0, -0.02409706, 0.02409706],
    [-0.0, 0.03528728, 0.00709163],
    [-0.0, 0.03879315, -0.03858864],
    [-0.0, -0.03879315, 0.03858864],
    [-0.0, -0.03528728, -0.00709163],
    [-0.0, 0.00709163, 0.03528728],
    [-0.0, -0.00709163, -0.03528728],
    [-0.0, 0.03858864, -0.03879315],
    [-0.0, -0.03858864, 0.03879315],
    [-0.00593603, 0.0, -0.0],
    [-0.0, 0.0, -0.0],
    [0.00593603, 0.0, -0.0],
    [-0.0, 0.0, -0.0]
  ],
  "relaxed_lattice": [
    [0.0, 3.85655619, 3.85655619],
    [3.86607591, -3.8586832, 3.8586832],
    [3.86607591, 3.8586832, -3.8586832]
  ],
  "relaxed_basis": [
    [0.5, 0.25516472, 0.75516472],
    [0.0, 0.5, 0.5],
    [0.5, 0.74483528, 0.24483528],
    [0.0, 0.0, 0.0],
    [0.0, 0.0, 0.5],
    [0.5, 0.25010369, 0.24989631],
    [0.0, 0.5, 0.0],
    [0.5, 0.74989631, 0.75010369],
    [0.75362171, 0.87661578, 0.62338422],
    [0.24822126, 0.6238732, 0.8761268],
    [0.75177874, 0.3761268, 0.1238732],
    [0.24637829, 0.12338422, 0.37661578],
    [0.75362171, 0.12338422, 0.37661578],
    [0.24637829, 0.87661578, 0.62338422],
    [0.75177874, 0.6238732, 0.8761268],
    [0.24822126, 0.3761268, 0.1238732],
    [0.0, 0.75501519, 0.25501519],
    [0.5, 0.5, 0.5],
    [0.0, 0.24498481, 0.74498481],
    [0.5, 0.0, 0.0]
  ],
  "relaxed_energy": -140.28544584,
  "relaxed_magmom": 7.0001,
  "relaxed_mag_basis": [
    0.01,
    0.008,
    0.009,
    0.011,
    3.263,
    1.476,
    1.41,
    1.476,
    -0.029,
    -0.076,
    -0.076,
    -0.029,
    -0.032,
    -0.032,
    -0.079,
    -0.079,
    -0.024,
    -0.088,
    -0.024,
    -0.077
  ]
}