{
  "atom_type": [
    "La",
    "Mn",
    "Ni",
    "O"
  ],
  "atoms_per_type": [
    6,
    4,
    2,
    18
  ],
  "coord_mode": "direct",
  "relaxed_forces": [
    [0.07322777, -0.07322777, -0.02860202],
    [-0.07322777, 0.07322777, 0.02860202],
    [-0.0531241, 0.0531241, -0.03476321],
    [0.01717275, -0.01717275, -0.05227137],
    [-0.01717275, 0.01717275, 0.05227137],
    [0.0531241, -0.0531241, 0.03476321],
    [0.0, 0.0, -0.0],
    [-0.00326277, 0.00326277, 0.07577206],
    [0.00326277, -0.00326277, -0.07577206],
    [0.0, 0.0, -0.0],
    [0.01293055, -0.01293055, -0.00592571],
    [-0.01293055, 0.01293055, 0.00592571],
    [0.00257562, -0.00257562, -0.05468276],
    [-0.00257562, 0.00257562, 0.05468276],
    [0.00229836, -0.00229836, 0.0706619],
    [0.00532774, -0.00532774, -0.01905752],
    [-0.00532774, 0.00532774, 0.01905752],
    [-0.00229836, 0.00229836, -0.0706619],
    [-0.0174186, -0.01531229, 0.04500466],
    [0.00230782, 0.060488, 0.01318309],
    [0.0, 0.0, -0.0],
    [-0.00230782, -0.060488, -0.01318309],
    [0.0174186, 0.01531229, -0.04500466],
    [0.0, 0.0, -0.0],
    [0.0, 0.0, -0.0],
    [0.060488, 0.00230782, -0.01318309],
    [-0.01531229, -0.0174186, -0.04500466],
    [0.0, 0.0, -0.0],
    [0.01531229, 0.0174186, 0.04500466],
    [-0.060488, -0.00230782, 0.01318309]
  ],
  "relaxed_lattice": [
    [3.90347244, 3.90347244, -0.0],
    [-3.90342585, 7.80689828, 0.00043031],
    [-0.00027059, 3.90374303, 7.7988421]
  ],
  "relaxed_basis": [
    [0.84088129, 0.82917616, 0.48906116],
    [0.65911871, 0.67082384, 0.01093884],
    [0.49995753, 0.51131521, 0.48876972],
    [0.33215955, 0.33188988, 0.00379092],
    [0.16784045, 0.16811012, 0.49620908],
    [4.247e-05, 0.98868479, 0.01123028],
    [0.75, 0.25, 0.25],
    [0.5829573, 0.0840233, 0.750062],
    [0.9170427, 0.4159767, 0.749938],
    [0.25, 0.75, 0.75],
    [0.08441082, 0.58157385, 0.2496044],
    [0.41558918, 0.91842615, 0.2503956],
    [0.6660933, 0.16608913, 0.50172438],
    [0.8339067, 0.33391087, 0.99827562],
    [0.99932867, 0.49772281, 0.50361985],
    [0.16917409, 0.66755638, 0.99409555],
    [0.33082591, 0.83244362, 0.50590445],
    [0.50067133, 0.00227719, 0.99638015],
    [0.41500898, 0.91675511, 0.75063852],
    [0.58562171, 0.08737491, 0.25023931],
    [0.75, 0.25, 0.75],
    [0.91437829, 0.41262509, 0.24976069],
    [0.08499102, 0.58324489, 0.74936148],
    [0.25, 0.75, 0.25],
    [0.25, 0.25, 0.75],
    [0.42323603, 0.41262509, 0.24976069],
    [0.58240251, 0.58324489, 0.74936148],
    [0.75, 0.75, 0.25],
    [0.91759749, 0.91675511, 0.75063852],
    [0.07676397, 0.08737491, 0.25023931]
  ],
  "relaxed_energy": -226.72674272,
  "relaxed_magmom": 18.0006,
  "relaxed_mag_basis": [
    0.012,
    0.012,
    0.012,
    0.018,
    0.018,
    0.012,
    3.489,
    3.697,
    3.697,
    3.555,
    1.716,
    1.716,
    -0.04,
    -0.04,
    -0.01,
    -0.003,
    -0.003,
    -0.01,
    -0.04,
    -0.006,
    -0.048,
    -0.006,
    -0.04,
    0.048,
    -0.048,
    -0.006,
    -0.041,
    0.047,
    -0.041,
    -0.006
  ]
}