{
  "atom_type": [
    "La",
    "Mn",
    "Ni",
    "O"
  ],
  "atoms_per_type": [
    6,
    1,
    5,
    18
  ],
  "coord_mode": "direct",
  "relaxed_forces": [
    [-0.00593588, -0.00593588, -0.00593588],
    [0.01180254, 0.01180254, 0.01180254],
    [0.02085357, 0.02085357, 0.02085357],
    [-0.02085357, -0.02085357, -0.02085357],
    [-0.01180254, -0.01180254, -0.01180254],
    [0.00593588, 0.00593588, 0.00593588],
    [0.0, 0.0, 0.0],
    [-0.00153248, -0.00153248, -0.00153248],
    [-0.01663358, -0.01663358, -0.01663358],
    [0.0, 0.0, 0.0],
    [0.01663358, 0.01663358, 0.01663358],
    [0.00153248, 0.00153248, 0.00153248],
    [-0.01518452, -0.01518452, 0.0016326],
    [0.01518452, 0.01518452, -0.0016326],
    [0.03916253, 0.03916253, 0.07839378],
    [-0.00344664, -0.00344664, -0.05008009],
    [0.00344664, 0.00344664, 0.05008009],
    [-0.03916253, -0.03916253, -0.07839378],
    [-0.01518452, 0.0016326, -0.01518452],
    [0.01518452, -0.0016326, 0.01518452],
    [0.03916253, 0.07839378, 0.03916253],
    [-0.00344664, -0.05008009, -0.00344664],
    [0.00344664, 0.05008009, 0.00344664],
    [-0.03916253, -0.07839378, -0.03916253],
    [0.0016326, -0.01518452, -0.01518452],
    [-0.0016326, 0.01518452, 0.01518452],
    [0.07839378, 0.03916253, 0.03916253],
    [-0.05008009, -0.00344664, -0.00344664],
    [0.05008009, 0.00344664, 0.00344664],
    [-0.07839378, -0.03916253, -0.03916253]
  ],
  "relaxed_lattice": [
    [3.85020614, 0.0, -3.85020614],
    [-3.85020614, 3.85020614, 0.0],
    [7.71719106, 7.71719106, 7.71719106]
  ],
  "relaxed_basis": [
    [0.6666667, 0.3333333, 0.83403726],
    [0.3333333, 0.6666667, 0.67064085],
    [0.0, 0.0, 0.50350623],
    [0.6666667, 0.3333333, 0.32982707],
    [0.3333333, 0.6666667, 0.16269255],
    [0.0, 0.0, 0.99929604],
    [0.3333333, 0.6666667, 0.4166667],
    [0.6666667, 0.3333333, 0.58343012],
    [0.0, 0.0, 0.75025925],
    [0.3333333, 0.6666667, 0.9166667],
    [0.6666667, 0.3333333, 0.08307405],
    [0.0, 0.0, 0.24990318],
    [0.66248864, 0.83124427, 0.33479823],
    [0.00417806, 0.50208903, 0.49853507],
    [0.32845466, 0.16422738, 0.66735593],
    [0.66913737, 0.83456864, 0.83267689],
    [0.99752933, 0.49876466, 0.00065641],
    [0.33821194, 0.16910602, 0.16597747],
    [0.16875573, 0.33751136, 0.33479823],
    [0.49791097, 0.99582194, 0.49853507],
    [0.83577262, 0.67154534, 0.66735593],
    [0.16543136, 0.33086263, 0.83267689],
    [0.50123534, 0.00247067, 0.00065641],
    [0.83089398, 0.66178806, 0.16597747],
    [0.16875573, 0.83124427, 0.33479823],
    [0.49791097, 0.50208903, 0.49853507],
    [0.83577262, 0.16422738, 0.66735593],
    [0.16543136, 0.83456864, 0.83267689],
    [0.50123534, 0.49876466, 0.00065641],
    [0.83089398, 0.16910602, 0.16597747]
  ],
  "relaxed_energy": -206.93672519,
  "relaxed_magmom": 9.0081,
  "relaxed_mag_basis": [
    0.008,
    0.009,
    0.013,
    0.013,
    0.009,
    0.008,
    3.232,
    1.564,
    1.181,
    1.485,
    1.181,
    1.564,
    -0.01,
    -0.01,
    -0.074,
    -0.066,
    -0.066,
    -0.074,
    -0.025,
    -0.025,
    -0.086,
    -0.09,
    -0.09,
    -0.086,
    -0.035,
    -0.035,
    -0.108,
    -0.103,
    -0.103,
    -0.108
  ]
}