{
  "atom_type": [
    "La",
    "Mn",
    "Ni",
    "O"
  ],
  "atoms_per_type": [
    6,
    1,
    5,
    18
  ],
  "coord_mode": "direct",
  "relaxed_forces": [
    [-0.0, 0.0, 0.0],
    [0.0, 0.0, -0.04505577],
    [0.0, -0.0, 0.04505577],
    [-0.0, 0.0, 0.0],
    [0.0, -0.0, -0.04505577],
    [-0.0, 0.0, 0.04505577],
    [-0.0, 0.0, 0.0],
    [0.0, 0.0, -0.0184843],
    [-0.0, 0.0, -0.01164772],
    [0.0, 0.0, 0.0],
    [0.0, 0.0, 0.01164772],
    [-0.0, 0.0, 0.0184843],
    [0.0, 0.0, 0.02028615],
    [0.0, 0.0, -0.13949422],
    [0.0, 0.0, 0.20756278],
    [-0.0, 0.0, -0.20756278],
    [-0.0, 0.0, 0.13949422],
    [-0.0, 0.0, -0.02028615],
    [0.0, -0.00480401, 0.0],
    [-0.0, -0.12561203, -0.0016968],
    [0.0, 0.12561203, 0.0016968],
    [-0.0, 0.00480401, 0.0],
    [-0.0, 0.12561203, -0.0016968],
    [0.0, -0.12561203, 0.0016968],
    [-0.00480401, 0.0, 0.0],
    [-0.12561203, 0.0, -0.0016968],
    [0.12561203, 0.0, 0.0016968],
    [0.00480401, 0.0, 0.0],
    [0.12561203, -0.0, -0.0016968],
    [-0.12561203, 0.0, 0.0016968]
  ],
  "relaxed_lattice": [
    [3.85348201, -3.85348201, 0.0],
    [3.85348201, 3.85348201, 0.0],
    [-3.85348201, 0.0, 11.5666051]
  ],
  "relaxed_basis": [
    [0.1666667, 0.1666667, 0.3333333],
    [0.33209542, 0.33209542, 0.66419094],
    [0.50123788, 0.50123788, 0.00247576],
    [0.6666667, 0.6666667, 0.3333333],
    [0.83209542, 0.83209542, 0.66419094],
    [0.00123788, 0.00123788, 0.00247576],
    [0.9166667, 0.4166667, 0.8333333],
    [0.74970349, 0.24970349, 0.49940698],
    [0.58325407, 0.08325407, 0.16650823],
    [0.4166667, 0.9166667, 0.8333333],
    [0.25007923, 0.75007923, 0.50015847],
    [0.08362981, 0.58362981, 0.16725972],
    [0.83423088, 0.33423088, 0.66846186],
    [0.66596314, 0.16596314, 0.33192618],
    [0.50061257, 0.00061257, 0.00122514],
    [0.33272073, 0.83272073, 0.66544156],
    [0.16737026, 0.66737026, 0.33474042],
    [0.99910242, 0.49910242, 0.99820484],
    [0.16246022, 0.17087318, 0.8333333],
    [0.00045903, 0.99995582, 0.50041484],
    [0.83287427, 0.83337748, 0.16625186],
    [0.67087318, 0.66246022, 0.8333333],
    [0.49995582, 0.50045903, 0.50041484],
    [0.33337748, 0.33287427, 0.16625186],
    [0.67087318, 0.17087318, 0.8333333],
    [0.49995582, 0.99995582, 0.50041484],
    [0.33337748, 0.83337748, 0.16625186],
    [0.16246022, 0.66246022, 0.8333333],
    [0.00045903, 0.50045903, 0.50041484],
    [0.83287427, 0.33287427, 0.16625186]
  ],
  "relaxed_energy": -206.94495563,
  "relaxed_magmom": 8.9996,
  "relaxed_mag_basis": [
    0.008,
    0.01,
    0.01,
    0.008,
    0.011,
    0.011,
    3.244,
    1.445,
    1.271,
    1.58,
    1.271,
    1.445,
    -0.034,
    -0.091,
    -0.081,
    -0.081,
    -0.091,
    -0.034,
    -0.019,
    -0.09,
    -0.09,
    -0.019,
    -0.09,
    -0.09,
    -0.021,
    -0.093,
    -0.093,
    -0.021,
    -0.095,
    -0.095
  ]
}