{
  "atom_type": [
    "La",
    "Mn",
    "Ni",
    "O"
  ],
  "atoms_per_type": [
    6,
    2,
    4,
    18
  ],
  "coord_mode": "direct",
  "relaxed_forces": [
    [0.0, 0.08400018, 0.11405803],
    [0.0, 0.08400018, -0.11405803],
    [0.0, -0.0, 0.0],
    [0.0, -0.08400018, 0.11405803],
    [0.0, -0.08400018, -0.11405803],
    [0.0, -0.0, 0.0],
    [0.0, 0.0, -0.05025156],
    [0.0, -0.0, 0.05025156],
    [0.0, 0.0, 0.0],
    [0.0, 0.0, -0.01209977],
    [0.0, 0.0, 0.0],
    [0.0, -0.0, 0.01209977],
    [0.0, -0.0, 0.0919953],
    [0.0, 0.0, -0.0919953],
    [0.0, -0.0, 0.0348004],
    [0.0, -0.0, 0.02476567],
    [0.0, 0.0, -0.02476567],
    [0.0, 0.0, -0.0348004],
    [0.0, 0.05852978, 0.01206386],
    [0.0, -0.01197509, -0.0],
    [0.0, 0.05852978, -0.01206386],
    [0.0, -0.05852978, 0.01206386],
    [0.0, 0.01197509, 0.0],
    [-0.0, -0.05852978, -0.01206386],
    [-0.0, -0.0, 0.05975878],
    [0.0, 0.0, 0.0],
    [0.0, 0.0, -0.05975878],
    [0.0, 0.0, -0.02624242],
    [0.0, -0.0, 0.0],
    [-0.0, -0.0, 0.02624242]
  ],
  "relaxed_lattice": [
    [3.8625178, 0.0, 0.0],
    [0.0, 7.74438184, 0.0],
    [0.0, -3.87219092, 11.59859208]
  ],
  "relaxed_basis": [
    [0.0, 0.17308304, 0.33691527],
    [0.0, 0.33616766, 0.66308473],
    [0.0, 0.5, 0.0],
    [0.0, 0.66383234, 0.33691527],
    [0.0, 0.82691696, 0.66308473],
    [0.0, 0.0, 0.0],
    [0.5, 0.16636826, 0.83273643],
    [0.5, 0.83363174, 0.16726357],
    [0.5, 0.0, 0.5],
    [0.5, 0.66658494, 0.83316977],
    [0.5, 0.5, 0.5],
    [0.5, 0.33341506, 0.16683023],
    [0.5, 0.08502573, 0.67005157],
    [0.5, 0.91497427, 0.32994843],
    [0.5, 0.75133026, 0.00266052],
    [0.5, 0.58217942, 0.66435893],
    [0.5, 0.41782058, 0.33564107],
    [0.5, 0.24866974, 0.99733948],
    [0.5, 0.92223566, 0.83417501],
    [0.5, 0.74826385, 0.5],
    [0.5, 0.58806055, 0.16582499],
    [0.5, 0.41193945, 0.83417501],
    [0.5, 0.25173615, 0.5],
    [0.5, 0.07776434, 0.16582499],
    [0.0, 0.16713092, 0.83426174],
    [0.0, 0.0, 0.5],
    [0.0, 0.83286908, 0.16573826],
    [0.0, 0.66690585, 0.83381159],
    [0.0, 0.5, 0.5],
    [0.0, 0.33309415, 0.16618841]
  ],
  "relaxed_energy": -213.79871035,
  "relaxed_magmom": 11.9976,
  "relaxed_mag_basis": [
    0.009,
    0.009,
    0.013,
    0.009,
    0.009,
    0.013,
    3.321,
    3.321,
    1.535,
    1.563,
    1.329,
    1.563,
    -0.019,
    -0.019,
    -0.019,
    -0.078,
    -0.078,
    -0.019,
    -0.014,
    -0.072,
    -0.014,
    -0.014,
    -0.072,
    -0.014,
    -0.053,
    -0.052,
    -0.053,
    -0.052,
    -0.056,
    -0.052
  ]
}