{
  "atom_type": [
    "La",
    "Mn",
    "Ni",
    "O"
  ],
  "atoms_per_type": [
    6,
    4,
    2,
    18
  ],
  "coord_mode": "direct",
  "relaxed_forces": [
    [-0.0, -0.0, 0.16119019],
    [-0.0, -0.0, -0.16119019],
    [-0.0, 0.0, 0.00897672],
    [-0.0, -0.0, -0.16064937],
    [-0.0, -0.0, 0.16064937],
    [-0.0, 0.0, -0.00897672],
    [-0.0, -0.0, -0.0],
    [-0.0, -0.0, 0.08429004],
    [-0.0, -0.0, -0.08429004],
    [-0.0, -0.0, -0.0],
    [-0.0, 0.0, -0.06114275],
    [-0.0, -0.0, 0.06114275],
    [-0.0, -0.0, -0.1037521],
    [-0.0, 0.0, 0.1037521],
    [-0.0, 0.0, 0.02959119],
    [-0.0, -0.0, 0.05613871],
    [-0.0, 0.0, -0.05613871],
    [-0.0, -0.0, -0.02959119],
    [-0.0, -0.0, -0.04000952],
    [-0.0, -0.0, -0.0],
    [-0.0, -0.0, 0.04000952],
    [-0.0, 0.0, -0.05586298],
    [-0.0, -0.0, -0.0],
    [-0.0, -0.0, 0.05586298],
    [0.0, -0.0, -0.04000952],
    [-0.0, -0.0, -0.0],
    [-0.0, -0.0, 0.04000952],
    [-0.0, -0.0, -0.05586298],
    [-0.0, -0.0, -0.0],
    [-0.0, -0.0, 0.05586298]
  ],
  "relaxed_lattice": [
    [3.88704389, 0.0, 0.0],
    [0.0, 3.88704389, 0.0],
    [0.0, 0.0, 23.6106489]
  ],
  "relaxed_basis": [
    [0.0, 0.0, 0.16319333],
    [0.0, 0.0, 0.33680667],
    [0.0, 0.0, 0.49091827],
    [0.0, 0.0, 0.66419591],
    [0.0, 0.0, 0.83580409],
    [0.0, 0.0, 0.00908173],
    [0.5, 0.5, 0.75],
    [0.5, 0.5, 0.9176776],
    [0.5, 0.5, 0.5823224],
    [0.5, 0.5, 0.25],
    [0.5, 0.5, 0.41623628],
    [0.5, 0.5, 0.08376372],
    [0.5, 0.5, 0.83547859],
    [0.5, 0.5, 0.66452141],
    [0.5, 0.5, 0.50187315],
    [0.5, 0.5, 0.33081863],
    [0.5, 0.5, 0.16918137],
    [0.5, 0.5, 0.99812685],
    [0.5, 0.0, 0.91403748],
    [0.5, 0.0, 0.75],
    [0.5, 0.0, 0.58596252],
    [0.5, 0.0, 0.41721833],
    [0.5, 0.0, 0.25],
    [0.5, 0.0, 0.08278167],
    [0.0, 0.5, 0.91403748],
    [0.0, 0.5, 0.75],
    [0.0, 0.5, 0.58596252],
    [0.0, 0.5, 0.41721833],
    [0.0, 0.5, 0.25],
    [0.0, 0.5, 0.08278167]
  ],
  "relaxed_energy": -226.44211447,
  "relaxed_magmom": 18.0815,
  "relaxed_mag_basis": [
    0.014,
    0.014,
    0.01,
    0.022,
    0.022,
    0.01,
    3.851,
    3.614,
    3.614,
    3.539,
    1.675,
    1.675,
    -0.028,
    -0.028,
    -0.002,
    -0.01,
    -0.01,
    -0.002,
    -0.05,
    -0.039,
    -0.05,
    0.006,
    -0.065,
    0.006,
    -0.038,
    -0.044,
    -0.038,
    0.006,
    -0.041,
    0.006
  ]
}