{
  "atom_type": [
    "La",
    "Mn",
    "Ni",
    "O"
  ],
  "atoms_per_type": [
    6,
    5,
    1,
    18
  ],
  "coord_mode": "direct",
  "relaxed_forces": [
    [0.0, 0.0, 1.525e-05],
    [0.0, 0.0, 0.01217498],
    [0.0, -0.0, -0.01124354],
    [0.0, 0.0, 1.525e-05],
    [0.0, 0.0, 0.01217498],
    [0.0, 0.0, -0.01124354],
    [0.0, -0.0, -0.05578271],
    [0.0, 0.0, -0.0128752],
    [0.0, -0.0, 0.00491772],
    [0.0, -0.0, 0.05306901],
    [0.0, 0.0, 0.00855777],
    [0.0, 0.0, 0.00190698],
    [0.0, 0.0, 0.05653553],
    [0.0, 0.0, -0.01814089],
    [0.0, -0.0, -0.05462217],
    [0.0, 0.0, -0.03840658],
    [0.0, 0.0, -0.0032686],
    [0.0, 0.0, 0.05716052],
    [0.0, -0.04294135, 0.0096922],
    [0.0, 0.00607745, -0.01020441],
    [0.0, 0.03146625, 0.00027601],
    [0.0, 0.04294135, 0.0096922],
    [0.0, -0.00607745, -0.01020441],
    [0.0, -0.03146625, 0.00027601],
    [-0.04294135, 0.0, 0.0096922],
    [0.00607745, 0.0, -0.01020441],
    [0.03146625, 0.0, 0.00027601],
    [0.04294135, 0.0, 0.0096922],
    [-0.00607745, 0.0, -0.01020441],
    [-0.03146625, 0.0, 0.00027601]
  ],
  "relaxed_lattice": [
    [3.90461583, 3.90461583, 0.0],
    [3.90461583, -3.90461583, 0.0],
    [0.0, 0.0, -11.80852953]
  ],
  "relaxed_basis": [
    [0.5, 0.5, 0.33345986],
    [0.0, 0.0, 0.67131036],
    [0.5, 0.5, 0.99523915],
    [0.0, 0.0, 0.33345986],
    [0.5, 0.5, 0.67131036],
    [0.0, 0.0, 0.99523915],
    [0.5, 0.0, 0.16564458],
    [0.0, 0.5, 0.49985154],
    [0.0, 0.5, 0.83333203],
    [0.5, 0.0, 0.50102062],
    [0.0, 0.5, 0.16681619],
    [0.5, 0.0, 0.83333409],
    [0.0, 0.5, 0.66559992],
    [0.5, 0.0, 0.33332584],
    [0.0, 0.5, 0.00104247],
    [0.5, 0.0, 0.66685394],
    [0.0, 0.5, 0.33335221],
    [0.5, 0.0, 0.99980952],
    [0.74995909, 0.75004091, 0.4988691],
    [0.25004702, 0.24995298, 0.16780378],
    [0.754584, 0.745416, 0.8333267],
    [0.25004091, 0.24995909, 0.4988691],
    [0.74995298, 0.75004702, 0.16780378],
    [0.245416, 0.254584, 0.8333267],
    [0.74995909, 0.24995909, 0.4988691],
    [0.25004702, 0.75004702, 0.16780378],
    [0.754584, 0.254584, 0.8333267],
    [0.25004091, 0.75004091, 0.4988691],
    [0.74995298, 0.24995298, 0.16780378],
    [0.245416, 0.745416, 0.8333267]
  ],
  "relaxed_energy": -232.38330987,
  "relaxed_magmom": 20.9992,
  "relaxed_mag_basis": [
    0.022,
    0.017,
    0.017,
    0.022,
    0.017,
    0.017,
    3.834,
    3.865,
    3.62,
    3.832,
    3.859,
    1.716,
    -0.027,
    -0.045,
    -0.027,
    0.015,
    -0.019,
    0.016,
    -0.027,
    -0.029,
    -0.002,
    -0.029,
    -0.029,
    -0.002,
    -0.034,
    -0.037,
    0.002,
    -0.036,
    -0.036,
    0.002
  ]
}