{
  "atom_type": [
    "La",
    "Mn",
    "Ni",
    "O"
  ],
  "atoms_per_type": [
    6,
    2,
    4,
    18
  ],
  "coord_mode": "direct",
  "relaxed_forces": [
    [0.00072235, -0.00072235, 0.02536951],
    [0.03544569, -0.03544569, 0.00755785],
    [-0.0, -0.0, -0.0],
    [-0.03544569, 0.03544569, -0.00755785],
    [-0.00072235, 0.00072235, -0.02536951],
    [-0.0, -0.0, -0.0],
    [0.00040392, -0.00040392, 0.02600353],
    [-0.00040392, 0.00040392, -0.02600353],
    [-0.0, -0.0, -0.0],
    [-0.00438308, 0.00438308, -0.00615645],
    [-0.0, -0.0, -0.0],
    [0.00438308, -0.00438308, 0.00615645],
    [-0.00410029, 0.00410029, -0.0226464],
    [-0.02243843, 0.02243843, -0.00388153],
    [-0.0, -0.0, -0.0],
    [0.02243843, -0.02243843, 0.00388153],
    [0.00410029, -0.00410029, 0.0226464],
    [-0.0, -0.0, -0.0],
    [-0.01107171, -0.00886668, 0.01785898],
    [0.01107171, 0.00886668, -0.01785898],
    [0.01781014, -0.0008728, -0.01639169],
    [0.02661051, 0.02374769, 0.00061051],
    [-0.02661051, -0.02374769, -0.00061051],
    [-0.01781014, 0.0008728, 0.01639169],
    [-0.0008728, 0.01781014, 0.01639169],
    [0.00886668, 0.01107171, 0.01785898],
    [-0.00886668, -0.01107171, -0.01785898],
    [0.0008728, -0.01781014, -0.01639169],
    [-0.02374769, -0.02661051, 0.00061051],
    [0.02374769, 0.02661051, -0.00061051]
  ],
  "relaxed_lattice": [
    [3.86780918, 3.86780918, 0.0],
    [-3.86793231, 3.86793231, 3.86404572],
    [3.86700733, -3.86700733, 7.72623978]
  ],
  "relaxed_basis": [
    [0.5, 0.33781176, 0.83802094],
    [0.0, 0.66491627, 0.67113689],
    [0.5, 0.0, 0.5],
    [0.0, 0.33508373, 0.32886311],
    [0.5, 0.66218824, 0.16197906],
    [0.0, 0.0, 0.0],
    [0.0, 0.83244762, 0.33318778],
    [0.0, 0.16755238, 0.66681222],
    [0.5, 0.5, 0.5],
    [0.5, 0.83364649, 0.83336062],
    [0.0, 0.5, 0.0],
    [0.5, 0.16635351, 0.16663938],
    [0.0, 0.67116258, 0.17146028],
    [0.5, 0.33237113, 0.33289828],
    [0.0, 0.0, 0.5],
    [0.5, 0.66762887, 0.66710172],
    [0.0, 0.32883742, 0.82853972],
    [0.5, 0.0, 0.0],
    [0.75458473, 0.67028173, 0.41566515],
    [0.24541527, 0.32971827, 0.58433485],
    [0.75490829, 0.00208865, 0.74787766],
    [0.24632575, 0.66391741, 0.91767731],
    [0.75367425, 0.33608259, 0.08232269],
    [0.24509171, 0.99791135, 0.25212234],
    [0.75490829, 0.99791135, 0.25212234],
    [0.24541527, 0.67028173, 0.41566515],
    [0.75458473, 0.32971827, 0.58433485],
    [0.24509171, 0.00208865, 0.74787766],
    [0.75367425, 0.66391741, 0.91767731],
    [0.24632575, 0.33608259, 0.08232269]
  ],
  "relaxed_energy": -213.97623539,
  "relaxed_magmom": 12.0019,
  "relaxed_mag_basis": [
    0.009,
    0.011,
    0.013,
    0.011,
    0.009,
    0.01,
    3.252,
    3.252,
    1.573,
    1.528,
    1.413,
    1.528,
    -0.029,
    -0.07,
    -0.014,
    -0.07,
    -0.029,
    -0.071,
    -0.015,
    -0.015,
    -0.014,
    -0.054,
    -0.054,
    -0.014,
    -0.022,
    -0.024,
    -0.024,
    -0.022,
    -0.064,
    -0.064
  ]
}