{
  "atom_type": [
    "La",
    "Mn",
    "Ni",
    "O"
  ],
  "atoms_per_type": [
    5,
    2,
    3,
    15
  ],
  "coord_mode": "direct",
  "relaxed_forces": [
    [0.0, -0.0, 0.08789783],
    [-0.0, -0.0, -0.08789783],
    [0.0, -0.0, -0.03131663],
    [0.0, -0.0, -0.0],
    [0.0, 0.0, 0.03131663],
    [0.0, -0.0, -0.04775242],
    [0.0, 0.0, 0.04775242],
    [0.0, -0.0, -0.04161948],
    [0.0, 0.0, -0.0],
    [0.0, -0.0, 0.04161948],
    [0.0, 0.0, -0.0],
    [0.0, -0.0, 0.0256333],
    [0.0, 0.0, 0.17529754],
    [0.0, -0.0, -0.17529754],
    [0.0, 0.0, -0.0256333],
    [0.0, -0.0, -0.01825031],
    [0.0, -0.0, 0.01825031],
    [0.0, -0.0, 0.0138691],
    [-0.0, -0.0, -0.0],
    [0.0, -0.0, -0.0138691],
    [0.0, 0.0, -0.01825031],
    [0.0, -0.0, 0.01825031],
    [0.0, -0.0, 0.0138691],
    [0.0, -0.0, -0.0],
    [0.0, 0.0, -0.0138691]
  ],
  "relaxed_lattice": [
    [3.87309726, 0.0, 0.0],
    [0.0, 3.87309726, 0.0],
    [0.0, 0.0, 19.47170981]
  ],
  "relaxed_basis": [
    [0.0, 0.0, 0.20414168],
    [0.0, 0.0, 0.39585832],
    [0.0, 0.0, 0.58806966],
    [0.0, 0.0, 0.8],
    [0.0, 0.0, 0.01193034],
    [0.5, 0.5, 0.69928681],
    [0.5, 0.5, 0.90071319],
    [0.5, 0.5, 0.49832022],
    [0.5, 0.5, 0.3],
    [0.5, 0.5, 0.10167978],
    [0.5, 0.5, 0.8],
    [0.5, 0.5, 0.60316638],
    [0.5, 0.5, 0.39728435],
    [0.5, 0.5, 0.20271565],
    [0.5, 0.5, 0.99683362],
    [0.5, 0.0, 0.89618712],
    [0.5, 0.0, 0.70381288],
    [0.5, 0.0, 0.5021848],
    [0.5, 0.0, 0.3],
    [0.5, 0.0, 0.0978152],
    [0.0, 0.5, 0.89618712],
    [0.0, 0.5, 0.70381288],
    [0.0, 0.5, 0.5021848],
    [0.0, 0.5, 0.3],
    [0.0, 0.5, 0.0978152]
  ],
  "relaxed_energy": -180.06360154,
  "relaxed_magmom": 11.0023,
  "relaxed_mag_basis": [
    0.006,
    0.006,
    0.013,
    0.024,
    0.013,
    3.501,
    3.501,
    1.583,
    1.364,
    1.583,
    -0.031,
    -0.038,
    -0.063,
    -0.063,
    -0.038,
    -0.067,
    -0.067,
    -0.019,
    -0.018,
    -0.019,
    -0.043,
    -0.043,
    -0.047,
    -0.092,
    -0.047
  ]
}