{
  "atom_type": [
    "La",
    "Mn",
    "Ni",
    "O"
  ],
  "atoms_per_type": [
    5,
    3,
    2,
    15
  ],
  "coord_mode": "direct",
  "relaxed_forces": [
    [-0.0287993, 0.0287993, -0.07193743],
    [0.0287993, -0.0287993, 0.07193743],
    [0.02021237, -0.02021237, -0.05588817],
    [-0.0, -0.0, 0.0],
    [-0.02021237, 0.02021237, 0.05588817],
    [-0.01995015, 0.01995015, 0.03222286],
    [0.01995015, -0.01995015, -0.03222286],
    [-0.0, -0.0, 0.0],
    [-0.0024845, 0.0024845, -0.01616335],
    [0.0024845, -0.0024845, 0.01616335],
    [-0.0, -0.0, 0.0],
    [-0.00705838, 0.00705838, -0.00757815],
    [-0.00751011, 0.00751011, -0.00102554],
    [0.00751011, -0.00751011, 0.00102554],
    [0.00705838, -0.00705838, 0.00757815],
    [0.02660148, 0.01041012, -0.02027791],
    [-0.04341721, 0.00677358, -0.04120865],
    [-0.0, -0.0, 0.0],
    [0.04341721, -0.00677358, 0.04120865],
    [-0.02660148, -0.01041012, 0.02027791],
    [0.00677358, -0.04341721, 0.04120865],
    [0.01041012, 0.02660148, 0.02027791],
    [-0.01041012, -0.02660148, -0.02027791],
    [-0.00677358, 0.04341721, -0.04120865],
    [-0.0, -0.0, 0.0]
  ],
  "relaxed_lattice": [
    [-3.89818177, -3.89818177, 0.0],
    [-3.8982041, 3.8982041, 3.86800588],
    [-0.00256776, 3.90074952, -7.74115466]
  ],
  "relaxed_basis": [
    [0.80703449, 0.20495519, 0.61406898],
    [0.59296551, 0.39504481, 0.18593102],
    [0.40283599, 0.59353364, 0.80567198],
    [0.2, 0.8, 0.4],
    [0.99716401, 0.00646636, 0.99432802],
    [0.80037954, 0.70027701, 0.60075907],
    [0.59962046, 0.89972299, 0.19924093],
    [0.2, 0.3, 0.4],
    [0.00095368, 0.50232634, 0.00190735],
    [0.39904632, 0.09767366, 0.79809265],
    [0.7, 0.8, 0.4],
    [0.89777378, 0.60322451, 0.79554755],
    [0.10303608, 0.39939248, 0.20607216],
    [0.29696392, 0.20060752, 0.59392784],
    [0.50222622, 0.99677549, 0.00445245],
    [0.79588405, 0.70310682, 0.10309653],
    [0.99762172, 0.50436886, 0.50249401],
    [0.2, 0.3, 0.9],
    [0.40237828, 0.09563114, 0.29750599],
    [0.60411595, 0.89689318, 0.69690347],
    [0.89512771, 0.09563114, 0.29750599],
    [0.09278752, 0.89689318, 0.69690347],
    [0.30721248, 0.70310682, 0.10309653],
    [0.50487229, 0.50436886, 0.50249401],
    [0.7, 0.3, 0.9]
  ],
  "relaxed_energy": -186.93761273,
  "relaxed_magmom": 14.0,
  "relaxed_mag_basis": [
    0.012,
    0.012,
    0.012,
    0.017,
    0.012,
    3.351,
    3.351,
    3.713,
    1.701,
    1.701,
    -0.01,
    -0.03,
    -0.003,
    -0.003,
    -0.03,
    -0.014,
    -0.02,
    0.043,
    -0.02,
    -0.014,
    -0.02,
    -0.015,
    -0.015,
    -0.02,
    0.045
  ]
}