{
  "atom_type": [
    "La",
    "Mn",
    "Ni",
    "O"
  ],
  "atoms_per_type": [
    4,
    3,
    1,
    12
  ],
  "coord_mode": "direct",
  "relaxed_forces": [
    [0.0, -0.0, -0.08320086],
    [0.0, -0.0, -0.1022239],
    [0.0, 0.0, 0.1022239],
    [0.0, -0.0, 0.08320086],
    [0.0, 0.0, -0.07353568],
    [0.0, 0.0, -0.0],
    [0.0, -0.0, 0.07353568],
    [0.0, 0.0, -0.0],
    [0.0, -0.0, -0.08121336],
    [0.0, 0.0, 0.08121336],
    [0.0, 0.0, 0.01058683],
    [0.0, -0.0, -0.01058683],
    [0.0, -0.0, -0.00843317],
    [0.0, -0.0, -0.0],
    [0.0, 0.0, 0.00843317],
    [0.0, -0.0, -0.0],
    [-0.0, -0.0, -0.00843317],
    [0.0, -0.0, -0.0],
    [0.0, -0.0, 0.00843317],
    [0.0, 0.0, -0.0]
  ],
  "relaxed_lattice": [
    [3.90257223, 0.0, 0.0],
    [0.0, 3.90257223, 0.0],
    [0.0, 0.0, 15.76814624]
  ],
  "relaxed_basis": [
    [0.0, 0.0, 0.23993298],
    [0.0, 0.0, 0.49665784],
    [0.0, 0.0, 0.75334216],
    [0.0, 0.0, 0.01006702],
    [0.5, 0.5, 0.37395711],
    [0.5, 0.5, 0.625],
    [0.5, 0.5, 0.87604289],
    [0.5, 0.5, 0.125],
    [0.5, 0.5, 0.75380209],
    [0.5, 0.5, 0.49619791],
    [0.5, 0.5, 0.25324765],
    [0.5, 0.5, 0.99675235],
    [0.5, 0.0, 0.87177213],
    [0.5, 0.0, 0.625],
    [0.5, 0.0, 0.37822787],
    [0.5, 0.0, 0.125],
    [0.0, 0.5, 0.87177213],
    [0.0, 0.5, 0.625],
    [0.0, 0.5, 0.37822787],
    [0.0, 0.5, 0.125]
  ],
  "relaxed_energy": -152.88272681,
  "relaxed_magmom": 12.9943,
  "relaxed_mag_basis": [
    0.01,
    0.021,
    0.021,
    0.01,
    3.645,
    3.91,
    3.645,
    1.705,
    -0.025,
    -0.025,
    0.005,
    0.005,
    -0.043,
    -0.036,
    -0.043,
    0.012,
    -0.034,
    -0.044,
    -0.034,
    0.019
  ]
}