{
  "atom_type": [
    "La",
    "Mn",
    "Ni",
    "O"
  ],
  "atoms_per_type": [
    6,
    2,
    4,
    18
  ],
  "coord_mode": "direct",
  "relaxed_forces": [
    [0.0, -0.0, 0.0],
    [0.0, -0.0, -0.13394204],
    [0.0, -0.0, 0.13394204],
    [0.0, -0.0, 0.0],
    [0.0, -0.0, -0.13394204],
    [0.0, -0.0, 0.13394204],
    [0.0, -0.0, 0.00484626],
    [0.0, -0.0, -0.00484626],
    [0.0, -0.0, -0.00173646],
    [0.0, -0.0, -0.00713368],
    [0.0, -0.0, 0.00173646],
    [0.0, -0.0, 0.00713368],
    [0.0, -0.0, 0.00023132],
    [0.0, -0.0, 0.0514202],
    [0.0, -0.0, 0.0789388],
    [0.0, -0.0, -0.0789388],
    [0.0, -0.0, -0.0514202],
    [0.0, -0.0, -0.00023132],
    [0.0, -0.00124412, 0.02304226],
    [0.0, -0.00124412, -0.02304226],
    [0.0, -0.0, 0.0],
    [0.0, 0.00124412, 0.02304226],
    [0.0, 0.00124412, -0.02304226],
    [0.0, -0.0, 0.0],
    [-0.00124412, -0.0, 0.02304226],
    [-0.00124412, -0.0, -0.02304226],
    [0.0, -0.0, 0.0],
    [0.00124412, -0.0, 0.02304226],
    [0.00124412, -0.0, -0.02304226],
    [0.0, -0.0, 0.0]
  ],
  "relaxed_lattice": [
    [3.86430897, 3.86430897, 0.0],
    [3.86430897, -3.86430897, 0.0],
    [0.0, 0.0, -11.61227178]
  ],
  "relaxed_basis": [
    [0.5, 0.5, 0.3333333],
    [0.0, 0.0, 0.66902961],
    [0.5, 0.5, 0.99763709],
    [0.0, 0.0, 0.3333333],
    [0.5, 0.5, 0.66902961],
    [0.0, 0.0, 0.99763709],
    [0.5, 0.0, 0.16673203],
    [0.0, 0.5, 0.49993467],
    [0.5, 0.0, 0.50036721],
    [0.0, 0.5, 0.83384068],
    [0.0, 0.5, 0.16629949],
    [0.5, 0.0, 0.83282592],
    [0.0, 0.5, 0.66484562],
    [0.5, 0.0, 0.3307957],
    [0.0, 0.5, 0.99901109],
    [0.5, 0.0, 0.66765561],
    [0.0, 0.5, 0.3358709],
    [0.5, 0.0, 0.00182108],
    [0.75470029, 0.74529971, 0.4994184],
    [0.25470029, 0.24529971, 0.1672483],
    [0.75, 0.75, 0.8333333],
    [0.24529971, 0.25470029, 0.4994184],
    [0.74529971, 0.75470029, 0.1672483],
    [0.25, 0.25, 0.8333333],
    [0.75470029, 0.25470029, 0.4994184],
    [0.25470029, 0.75470029, 0.1672483],
    [0.75, 0.25, 0.8333333],
    [0.24529971, 0.74529971, 0.4994184],
    [0.74529971, 0.24529971, 0.1672483],
    [0.25, 0.75, 0.8333333]
  ],
  "relaxed_energy": -214.0835339,
  "relaxed_magmom": 12.0002,
  "relaxed_mag_basis": [
    0.015,
    0.01,
    0.01,
    0.015,
    0.01,
    0.01,
    3.231,
    3.231,
    1.64,
    1.412,
    1.639,
    1.41,
    -0.022,
    -0.025,
    -0.085,
    -0.082,
    -0.025,
    -0.022,
    -0.01,
    -0.011,
    -0.086,
    -0.01,
    -0.011,
    -0.084,
    -0.013,
    -0.014,
    -0.081,
    -0.013,
    -0.014,
    -0.079
  ]
}