{
  "atom_type": [
    "La",
    "Mn",
    "Ni",
    "O"
  ],
  "atoms_per_type": [
    6,
    5,
    1,
    18
  ],
  "coord_mode": "direct",
  "relaxed_forces": [
    [0.0, 0.0, -0.10333067],
    [0.0, 0.0, -0.11281971],
    [0.0, 0.0, 0.046637],
    [0.0, 0.0, -0.046637],
    [0.0, 0.0, 0.11281971],
    [-0.0, 0.0, 0.10333067],
    [0.0, -0.0, -0.00737497],
    [0.0, 0.0, -0.00271972],
    [0.0, 0.0, 0.0],
    [0.0, -0.0, 0.00737497],
    [0.0, -0.0, 0.00271972],
    [0.0, -0.0, 0.0],
    [0.0, -0.0, 0.07372793],
    [0.0, 0.0, -0.03037757],
    [0.0, -0.0, 0.03037757],
    [0.0, -0.0, -0.07372793],
    [0.0, -0.0, 0.0749219],
    [0.0, 0.0, -0.0749219],
    [0.0, 0.0, 0.01026035],
    [0.0, 0.0, -0.04518877],
    [0.0, 0.0, 0.0],
    [0.0, 0.0, 0.04518877],
    [0.0, 0.0, -0.01026035],
    [0.0, 0.0, 0.0],
    [0.0, 0.0, 0.01026035],
    [0.0, 0.0, -0.04518877],
    [0.0, -0.0, 0.0],
    [0.0, 0.0, 0.04518877],
    [0.0, 0.0, -0.01026035],
    [0.0, 0.0, 0.0]
  ],
  "relaxed_lattice": [
    [3.91562191, 0.0, 0.0],
    [0.0, 3.91562191, 0.0],
    [0.0, 0.0, 23.70976182]
  ],
  "relaxed_basis": [
    [0.0, 0.0, 0.1592732],
    [0.0, 0.0, 0.32872527],
    [0.0, 0.0, 0.49867273],
    [0.0, 0.0, 0.66799397],
    [0.0, 0.0, 0.83794133],
    [0.0, 0.0, 0.0073935],
    [0.5, 0.5, 0.7506821],
    [0.5, 0.5, 0.91762199],
    [0.5, 0.5, 0.5833333],
    [0.5, 0.5, 0.4159846],
    [0.5, 0.5, 0.24904471],
    [0.5, 0.5, 0.0833333],
    [0.5, 0.5, 0.83527372],
    [0.5, 0.5, 0.66526577],
    [0.5, 0.5, 0.50140093],
    [0.5, 0.5, 0.33139288],
    [0.5, 0.5, 0.16831783],
    [0.5, 0.5, 0.99834887],
    [0.5, 0.0, 0.91403703],
    [0.5, 0.0, 0.74906171],
    [0.5, 0.0, 0.5833333],
    [0.5, 0.0, 0.41760499],
    [0.5, 0.0, 0.25262967],
    [0.5, 0.0, 0.0833333],
    [0.0, 0.5, 0.91403703],
    [0.0, 0.5, 0.74906171],
    [0.0, 0.5, 0.5833333],
    [0.0, 0.5, 0.41760499],
    [0.0, 0.5, 0.25262967],
    [0.0, 0.5, 0.0833333]
  ],
  "relaxed_energy": -232.21381714,
  "relaxed_magmom": 21.035,
  "relaxed_mag_basis": [
    0.012,
    0.021,
    0.019,
    0.02,
    0.021,
    0.012,
    3.922,
    3.727,
    3.771,
    3.92,
    3.726,
    1.725,
    -0.03,
    -0.021,
    -0.021,
    -0.03,
    -0.001,
    -0.0,
    -0.035,
    -0.033,
    -0.029,
    -0.034,
    -0.036,
    0.021,
    -0.037,
    -0.043,
    -0.032,
    -0.043,
    -0.037,
    0.027
  ]
}