{
  "atom_type": [
    "La",
    "Mn",
    "Ni",
    "O"
  ],
  "atoms_per_type": [
    4,
    2,
    2,
    12
  ],
  "coord_mode": "direct",
  "relaxed_forces": [
    [0.0, -0.08113255, 0.08113255],
    [0.0, -0.08073723, 0.08073723],
    [0.0, 0.08073723, -0.08073723],
    [0.0, 0.08113255, -0.08113255],
    [0.0, -0.05039268, 0.05039268],
    [0.0, 0.05039268, -0.05039268],
    [0.0, 0.0081886, -0.0081886],
    [0.0, -0.0081886, 0.0081886],
    [0.0, -0.0, 0.0],
    [0.0, -0.03882932, -0.01187575],
    [0.0, -0.0, 0.0],
    [0.0, 0.03882932, 0.01187575],
    [0.0, -0.01187575, -0.03882932],
    [0.0, -0.0, 0.0],
    [0.0, 0.01187575, 0.03882932],
    [0.0, -0.0, 0.0],
    [0.0, 0.01506263, -0.01506263],
    [0.0, -0.01506263, 0.01506263],
    [0.0, 0.0226158, -0.0226158],
    [0.0, -0.0226158, 0.0226158]
  ],
  "relaxed_lattice": [
    [3.88112442, 0.0, 0.0],
    [0.0, 3.88703694, 3.88703694],
    [0.0, -7.78298699, 7.78298699]
  ],
  "relaxed_basis": [
    [0.0, 0.5, 0.23560356],
    [0.0, 0.0, 0.4890347],
    [0.0, 0.5, 0.7609653],
    [0.0, 0.0, 0.01439644],
    [0.5, 0.5, 0.50012738],
    [0.5, 0.0, 0.74987262],
    [0.5, 0.5, 0.99803701],
    [0.5, 0.0, 0.25196299],
    [0.5, 0.75, 0.625],
    [0.5, 0.25334855, 0.38040527],
    [0.5, 0.75, 0.125],
    [0.5, 0.24665145, 0.86959473],
    [0.5, 0.75334855, 0.86959473],
    [0.5, 0.25, 0.625],
    [0.5, 0.74665145, 0.38040527],
    [0.5, 0.25, 0.125],
    [0.0, 0.0, 0.74765983],
    [0.0, 0.5, 0.50234017],
    [0.0, 0.0, 0.25275636],
    [0.0, 0.5, 0.99724364]
  ],
  "relaxed_energy": -146.84826796,
  "relaxed_magmom": 9.9979,
  "relaxed_mag_basis": [
    0.004,
    0.018,
    0.018,
    0.004,
    3.449,
    3.449,
    1.625,
    1.624,
    -0.021,
    -0.038,
    0.01,
    -0.038,
    -0.038,
    -0.021,
    -0.038,
    0.009,
    -0.057,
    -0.057,
    -0.015,
    -0.014
  ]
}