{
  "atom_type": [
    "La",
    "Mn",
    "Ni",
    "O"
  ],
  "atoms_per_type": [
    6,
    4,
    2,
    18
  ],
  "coord_mode": "direct",
  "relaxed_forces": [
    [-0.0, 0.0, 0.0],
    [-0.0, -0.0, 0.14705063],
    [-0.0, 0.0, -0.00824342],
    [0.0, 0.0, 0.0],
    [-0.0, 0.0, 0.00824342],
    [-0.0, 0.0, -0.14705063],
    [-0.0, -0.0, -0.04606476],
    [-0.0, -0.0, -0.07353205],
    [-0.0, 0.0, 0.04606476],
    [-0.0, -0.0, 0.07353205],
    [-0.0, -0.0, -0.05004006],
    [-0.0, 0.0, 0.05004006],
    [-0.0, -0.0, 0.00445567],
    [-0.0, 0.0, 0.0],
    [-0.0, 0.0, -0.00445567],
    [-0.0, 0.0, 0.07023874],
    [-0.0, -0.0, 0.0],
    [-0.0, -0.0, -0.07023874],
    [-0.0, 0.0, -0.03015084],
    [-0.0, 0.0, -0.05345735],
    [-0.0, 0.0, 0.05345735],
    [0.0, -0.0, 0.03015084],
    [-0.0, 0.0, -0.04863801],
    [-0.0, -0.0, 0.04863801],
    [-0.0, -0.0, -0.03015084],
    [-0.0, 0.0, -0.05345735],
    [-0.0, 0.0, 0.05345735],
    [-0.0, 0.0, 0.03015084],
    [-0.0, 0.0, -0.04863801],
    [-0.0, -0.0, 0.04863801]
  ],
  "relaxed_lattice": [
    [3.88513649, 0.0, 0.0],
    [0.0, 3.88513649, 0.0],
    [0.0, 0.0, 23.74773396]
  ],
  "relaxed_basis": [
    [0.0, 0.0, 0.1666667],
    [0.0, 0.0, 0.32067586],
    [0.0, 0.0, 0.49480159],
    [0.0, 0.0, 0.6666667],
    [0.0, 0.0, 0.83853171],
    [0.0, 0.0, 0.01265744],
    [0.5, 0.5, 0.75066694],
    [0.5, 0.5, 0.91830379],
    [0.5, 0.5, 0.58266636],
    [0.5, 0.5, 0.41502961],
    [0.5, 0.5, 0.24931902],
    [0.5, 0.5, 0.08401428],
    [0.5, 0.5, 0.83422941],
    [0.5, 0.5, 0.6666667],
    [0.5, 0.5, 0.49910389],
    [0.5, 0.5, 0.33530734],
    [0.5, 0.5, 0.1666667],
    [0.5, 0.5, 0.99802596],
    [0.5, 0.0, 0.91246555],
    [0.5, 0.0, 0.74888537],
    [0.5, 0.0, 0.58444793],
    [0.5, 0.0, 0.42086785],
    [0.5, 0.0, 0.25209029],
    [0.5, 0.0, 0.08124301],
    [0.0, 0.5, 0.91246555],
    [0.0, 0.5, 0.74888537],
    [0.0, 0.5, 0.58444793],
    [0.0, 0.5, 0.42086785],
    [0.0, 0.5, 0.25209029],
    [0.0, 0.5, 0.08124301]
  ],
  "relaxed_energy": -226.14716396,
  "relaxed_magmom": 18.0117,
  "relaxed_mag_basis": [
    0.001,
    0.012,
    0.022,
    0.023,
    0.022,
    0.012,
    3.781,
    3.644,
    3.781,
    3.644,
    1.628,
    1.628,
    -0.035,
    -0.055,
    -0.035,
    -0.024,
    0.017,
    -0.024,
    -0.051,
    -0.043,
    -0.043,
    -0.051,
    0.003,
    0.003,
    -0.044,
    -0.042,
    -0.042,
    -0.044,
    -0.019,
    -0.019
  ]
}