{
  "atom_type": [
    "La",
    "Mn",
    "Ni",
    "O"
  ],
  "atoms_per_type": [
    6,
    1,
    5,
    18
  ],
  "coord_mode": "direct",
  "relaxed_forces": [
    [-0.0, 0.0, 0.0],
    [-0.0, 0.03807332, -0.07281601],
    [-0.0, 0.03807332, 0.07281601],
    [-0.0, 0.0, 0.0],
    [0.0, -0.03807332, -0.07281601],
    [0.0, -0.03807332, 0.07281601],
    [-0.0, 0.0, 0.0],
    [-0.0, -0.0, 0.01201469],
    [-0.0, -0.0, 0.02336151],
    [-0.0, 0.0, 0.0],
    [-0.0, 0.0, -0.02336151],
    [-0.0, 0.0, -0.01201469],
    [-0.0, -0.0, 0.0591391],
    [-0.0, 0.0, -0.03073694],
    [-0.0, -0.0, 0.04898017],
    [-0.0, 0.0, -0.04898017],
    [-0.0, -0.0, 0.03073694],
    [-0.0, 0.0, -0.0591391],
    [-0.0, 0.02496288, 0.0],
    [-0.0, -0.03730669, -0.00235658],
    [-0.0, 0.03730669, 0.00235658],
    [-0.0, -0.02496288, -0.0],
    [-0.0, 0.03730669, -0.00235658],
    [-0.0, -0.03730669, 0.00235658],
    [-0.0, 0.0, 0.0],
    [-0.0, 0.0, -0.03021114],
    [-0.0, 0.0, -0.017006],
    [-0.0, 0.0, 0.0],
    [-0.0, -0.0, 0.017006],
    [0.0, -0.0, 0.03021114]
  ],
  "relaxed_lattice": [
    [3.85523049, 0.0, 0.0],
    [0.0, 7.71982544, 0.0],
    [0.0, -3.85991273, 11.54132802]
  ],
  "relaxed_basis": [
    [0.0, 0.1666667, 0.3333333],
    [0.0, 0.33632358, 0.6634106],
    [0.0, 0.50624638, 0.0032561],
    [0.0, 0.6666667, 0.3333333],
    [0.0, 0.82708692, 0.6634106],
    [0.0, 0.99700972, 0.0032561],
    [0.5, 0.1666667, 0.8333333],
    [0.5, 0.99989579, 0.49979158],
    [0.5, 0.83359661, 0.16719333],
    [0.5, 0.6666667, 0.8333333],
    [0.5, 0.49973669, 0.49947337],
    [0.5, 0.33343751, 0.16687512],
    [0.5, 0.08432614, 0.66865239],
    [0.5, 0.91611875, 0.33223741],
    [0.5, 0.75050306, 0.00100612],
    [0.5, 0.58283024, 0.66566058],
    [0.5, 0.41721465, 0.33442919],
    [0.5, 0.24900716, 0.99801431],
    [0.5, 0.92113332, 0.8333333],
    [0.5, 0.74920133, 0.50050658],
    [0.5, 0.58413197, 0.16616012],
    [0.5, 0.41220008, 0.8333333],
    [0.5, 0.25130524, 0.50050658],
    [0.5, 0.08202806, 0.16616012],
    [0.0, 0.1666667, 0.8333333],
    [0.0, 0.0001204, 0.5002408],
    [0.0, 0.83303122, 0.16606254],
    [0.0, 0.6666667, 0.8333333],
    [0.0, 0.50030208, 0.50060416],
    [0.0, 0.3332129, 0.1664259]
  ],
  "relaxed_energy": -206.78903877,
  "relaxed_magmom": 8.9989,
  "relaxed_mag_basis": [
    0.007,
    0.01,
    0.01,
    0.007,
    0.01,
    0.01,
    3.324,
    1.439,
    1.323,
    1.484,
    1.323,
    1.439,
    -0.035,
    -0.111,
    -0.084,
    -0.084,
    -0.111,
    -0.035,
    -0.024,
    -0.085,
    -0.085,
    -0.024,
    -0.084,
    -0.084,
    -0.053,
    -0.076,
    -0.085,
    -0.074,
    -0.085,
    -0.076
  ]
}