{
  "atom_type": [
    "La",
    "Mn",
    "Ni",
    "O"
  ],
  "atoms_per_type": [
    3,
    1,
    2,
    9
  ],
  "coord_mode": "direct",
  "relaxed_forces": [
    [0.0, 0.0048718, -0.0048718],
    [0.0, -0.0048718, 0.0048718],
    [0.0, 0.0, -0.0],
    [0.0, 0.0, -0.0],
    [0.0, 0.06035674, -0.06035674],
    [0.0, -0.06035674, 0.06035674],
    [0.0, 0.02688306, -0.02688306],
    [0.0, -0.02688306, 0.02688306],
    [0.0, 0.0, -0.0],
    [0.0, -0.07236241, 0.00492507],
    [0.0, 0.0, -0.0],
    [0.0, 0.07236241, -0.00492507],
    [0.0, 0.0, -0.0],
    [0.0, 0.00492507, -0.07236241],
    [0.0, -0.00492507, 0.07236241]
  ],
  "relaxed_lattice": [
    [-3.86711202, 0.0, 0.0],
    [0.0, 3.86662508, 3.86662508],
    [0.0, 3.87666352, -7.74328859]
  ],
  "relaxed_basis": [
    [0.0, 0.00569922, 0.01139843],
    [0.0, 0.66096748, 0.32193487],
    [0.0, 0.3333333, 0.6666667],
    [0.5, 0.8333333, 0.6666667],
    [0.5, 0.4987097, 0.99741939],
    [0.5, 0.167957, 0.33591391],
    [0.0, 0.50049303, 0.00098607],
    [0.0, 0.16617367, 0.33234723],
    [0.0, 0.8333333, 0.6666667],
    [0.5, 0.1619802, 0.82930391],
    [0.5, 0.8333333, 0.1666667],
    [0.5, 0.5046865, 0.50402939],
    [0.5, 0.3333333, 0.1666667],
    [0.5, 0.99934289, 0.50402939],
    [0.5, 0.66732381, 0.82930391]
  ],
  "relaxed_energy": -106.88375941,
  "relaxed_magmom": 6.0012,
  "relaxed_mag_basis": [
    0.008,
    0.008,
    0.014,
    3.342,
    1.507,
    1.507,
    -0.056,
    -0.056,
    -0.057,
    -0.026,
    -0.078,
    -0.025,
    -0.076,
    -0.018,
    -0.018
  ]
}