{
  "atom_type": [
    "La",
    "Mn",
    "Ni",
    "O"
  ],
  "atoms_per_type": [
    6,
    1,
    5,
    18
  ],
  "coord_mode": "direct",
  "relaxed_forces": [
    [0.04590167, -0.05317546, -0.06064262],
    [-0.0, 0.0, -0.0],
    [-0.04590167, 0.05317546, 0.06064262],
    [0.04590167, 0.05317546, -0.06064262],
    [-0.0, 0.0, -0.0],
    [-0.04590167, -0.05317546, 0.06064262],
    [-0.0, 0.0, -0.0],
    [-0.00068944, 0.0, -0.00840686],
    [0.00265809, 0.0, -0.00689977],
    [-0.0, -0.0, -0.0],
    [-0.00265809, 0.0, 0.00689977],
    [0.00068944, 0.0, 0.00840686],
    [-0.0212393, 0.0, 0.01143083],
    [-0.0349175, 0.0, -0.01307281],
    [-0.0145985, 0.0, 0.00263186],
    [0.0145985, 0.0, -0.00263186],
    [0.0349175, 0.0, 0.01307281],
    [0.0212393, 0.0, -0.01143083],
    [-0.0, 0.01390065, -0.0],
    [0.02468816, -0.02066098, -0.01921641],
    [-0.02468816, 0.02066098, 0.01921641],
    [-0.0, -0.01390065, -0.0],
    [0.02468816, 0.02066098, -0.01921641],
    [-0.02468816, -0.02066098, 0.01921641],
    [0.03191566, 0.0, -0.01655476],
    [-0.00161111, 0.0, -0.01319328],
    [-0.0, 0.0, -0.0],
    [0.00161111, 0.0, 0.01319328],
    [-0.03191566, 0.0, 0.01655476],
    [-0.0, 0.0, -0.0]
  ],
  "relaxed_lattice": [
    [3.84944877, -3.85901474, 3.8517794],
    [3.84944877, 3.85901474, 3.8517794],
    [-3.84886491, 0.0, 7.70297511]
  ],
  "relaxed_basis": [
    [0.16943192, 0.16529375, 0.33055971],
    [0.3333333, 0.3333333, 0.6666667],
    [0.49723478, 0.50137295, 0.00277359],
    [0.66529375, 0.66943192, 0.33055971],
    [0.8333333, 0.8333333, 0.6666667],
    [0.00137295, 0.99723478, 0.00277359],
    [0.8333333, 0.3333333, 0.6666667],
    [0.66662032, 0.16662032, 0.33324743],
    [0.50008099, 8.099e-05, 0.9994243],
    [0.3333333, 0.8333333, 0.6666667],
    [0.16658571, 0.66658571, 0.333909],
    [4.638e-05, 0.50004638, 8.587e-05],
    [0.75072194, 0.25072194, 0.5024174],
    [0.58217351, 0.08217351, 0.16526755],
    [0.41716934, 0.91716934, 0.83431812],
    [0.24949736, 0.74949736, 0.49901518],
    [0.08449309, 0.58449309, 0.16806585],
    [0.91594476, 0.41594476, 0.8309159],
    [0.07885016, 0.08781644, 0.6666667],
    [0.91788078, 0.91579419, 0.33306654],
    [0.74878592, 0.75087251, 0.00026676],
    [0.58781644, 0.57885016, 0.6666667],
    [0.41579419, 0.41788078, 0.33306654],
    [0.25087251, 0.24878592, 0.00026676],
    [0.66846791, 0.16846791, 0.83116954],
    [0.50019644, 0.00019644, 0.5000419],
    [0.3333333, 0.8333333, 0.1666667],
    [0.16647026, 0.66647026, 0.8332914],
    [0.99819879, 0.49819879, 0.50216376],
    [0.8333333, 0.3333333, 0.1666667]
  ],
  "relaxed_energy": -206.91733951,
  "relaxed_magmom": 9.002,
  "relaxed_mag_basis": [
    0.008,
    0.009,
    0.008,
    0.008,
    0.011,
    0.008,
    3.275,
    1.433,
    1.337,
    1.482,
    1.337,
    1.433,
    -0.033,
    -0.101,
    -0.081,
    -0.081,
    -0.101,
    -0.033,
    -0.024,
    -0.078,
    -0.078,
    -0.024,
    -0.088,
    -0.088,
    -0.031,
    -0.088,
    -0.125,
    -0.089,
    -0.031,
    -0.083
  ]
}