{
  "atom_type": [
    "La",
    "Mn",
    "Ni",
    "O"
  ],
  "atoms_per_type": [
    6,
    2,
    4,
    18
  ],
  "coord_mode": "direct",
  "relaxed_forces": [
    [0.02157837, -0.02157837, -0.00130691],
    [0.00814752, -0.00814752, 0.00502653],
    [0.01543054, -0.01543054, 0.01439796],
    [-0.01543054, 0.01543054, -0.01439796],
    [-0.00814752, 0.00814752, -0.00502653],
    [-0.02157837, 0.02157837, 0.00130691],
    [-0.00439015, 0.00439015, 0.00250468],
    [0.00439015, -0.00439015, -0.00250468],
    [-0.00199733, 0.00199733, 0.00145932],
    [0.01328799, -0.01328799, -0.00038795],
    [0.00199733, -0.00199733, -0.00145932],
    [-0.01328799, 0.01328799, 0.00038795],
    [0.00662118, -0.00662118, 0.00609682],
    [-0.01915079, 0.01915079, 0.01016295],
    [0.01915079, -0.01915079, -0.01016295],
    [-0.00662118, 0.00662118, -0.00609682],
    [0.00873142, -0.00873142, 0.00534281],
    [-0.00873142, 0.00873142, -0.00534281],
    [-0.0, -0.0, -0.0],
    [0.00676534, 0.00168457, -0.00569336],
    [-0.0028964, -0.0064247, 0.03205148],
    [-0.0, -0.0, -0.0],
    [0.0028964, 0.0064247, -0.03205148],
    [-0.00676534, -0.00168457, 0.00569336],
    [0.00168457, 0.00676534, 0.00569336],
    [-0.0, -0.0, -0.0],
    [-0.00168457, -0.00676534, -0.00569336],
    [0.0064247, 0.0028964, 0.03205148],
    [-0.0, -0.0, -0.0],
    [-0.0064247, -0.0028964, -0.03205148]
  ],
  "relaxed_lattice": [
    [3.86445257, 3.86445257, 0.0],
    [-3.86374048, 3.86374048, 3.86660229],
    [3.8720534, -3.8720534, 7.74985064]
  ],
  "relaxed_basis": [
    [0.5, 0.32739964, 0.83994437],
    [0.0, 0.66789363, 0.67792146],
    [0.5, 0.00243282, 0.50734632],
    [0.0, 0.33090048, 0.32598698],
    [0.5, 0.66543977, 0.15541194],
    [0.0, 0.00593366, 0.99338893],
    [0.5, 0.49894268, 0.49997626],
    [0.0, 0.83439062, 0.33335704],
    [0.5, 0.83284268, 0.83315457],
    [0.0, 0.16788867, 0.66491561],
    [0.0, 0.50049062, 0.00017873],
    [0.5, 0.16544473, 0.16841779],
    [0.0, 0.66864327, 0.17096633],
    [0.5, 0.33581128, 0.33552365],
    [0.0, 0.99752202, 0.49780965],
    [0.5, 0.66469013, 0.66236707],
    [0.0, 0.3327645, 0.8321379],
    [0.5, 0.0005688, 0.0011954],
    [0.75, 0.6666667, 0.4166667],
    [0.2561378, 0.33583535, 0.58013925],
    [0.74875856, 0.99791056, 0.74959199],
    [0.25, 0.6666667, 0.9166667],
    [0.75124144, 0.33542274, 0.08374131],
    [0.2438622, 0.99749795, 0.25319405],
    [0.7561378, 0.99749795, 0.25319405],
    [0.25, 0.6666667, 0.4166667],
    [0.7438622, 0.33583535, 0.58013925],
    [0.25124144, 0.99791056, 0.74959199],
    [0.75, 0.6666667, 0.9166667],
    [0.24875856, 0.33542274, 0.08374131]
  ],
  "relaxed_energy": -213.87015769,
  "relaxed_magmom": 12.0005,
  "relaxed_mag_basis": [
    0.006,
    0.011,
    0.015,
    0.015,
    0.011,
    0.006,
    3.275,
    3.275,
    1.461,
    1.577,
    1.461,
    1.577,
    -0.025,
    -0.029,
    -0.029,
    -0.025,
    -0.069,
    -0.069,
    -0.012,
    -0.038,
    -0.043,
    -0.065,
    -0.043,
    -0.038,
    -0.041,
    -0.016,
    -0.041,
    -0.049,
    -0.061,
    -0.049
  ]
}