{
  "atom_type": [
    "La",
    "Mn",
    "Ni",
    "O"
  ],
  "atoms_per_type": [
    6,
    3,
    3,
    18
  ],
  "coord_mode": "direct",
  "relaxed_forces": [
    [0.06468681, -0.06468681, -0.0640498],
    [0.02165202, -0.02165202, -0.02257106],
    [0.0, 0.0, -0.0],
    [-0.02165202, 0.02165202, 0.02257106],
    [-0.06468681, 0.06468681, 0.0640498],
    [0.0, 0.0, -0.0],
    [0.0, 0.0, -0.0],
    [0.01397784, -0.01397784, -0.00669779],
    [-0.01397784, 0.01397784, 0.00669779],
    [-0.02437575, 0.02437575, -0.01897409],
    [0.0, 0.0, -0.0],
    [0.02437575, -0.02437575, 0.01897409],
    [-0.03644414, 0.03644414, -0.00719819],
    [-0.0015404, 0.0015404, 0.02141404],
    [0.0, 0.0, -0.0],
    [0.0015404, -0.0015404, -0.02141404],
    [0.03644414, -0.03644414, 0.00719819],
    [0.0, 0.0, -0.0],
    [-0.01370837, -0.0030485, 0.00127705],
    [0.01370837, 0.0030485, -0.00127705],
    [0.03642271, -0.00631071, -0.01439909],
    [0.01456866, -0.00535246, -0.00684405],
    [-0.01456866, 0.00535246, 0.00684405],
    [-0.03642271, 0.00631071, 0.01439909],
    [-0.00631071, 0.03642271, 0.01439909],
    [0.0030485, 0.01370837, 0.00127705],
    [-0.0030485, -0.01370837, -0.00127705],
    [0.00631071, -0.03642271, -0.01439909],
    [0.00535246, -0.01456866, -0.00684405],
    [-0.00535246, 0.01456866, 0.00684405]
  ],
  "relaxed_lattice": [
    [3.88073194, 3.88073194, 0.0],
    [-3.87888336, 3.87888336, 3.88275016],
    [3.8837029, -3.8837029, 7.77517574]
  ],
  "relaxed_basis": [
    [0.5, 0.33298842, 0.84614479],
    [0.0, 0.6677982, 0.67827574],
    [0.5, 0.0, 0.5],
    [0.0, 0.3322018, 0.32172426],
    [0.5, 0.66701158, 0.15385521],
    [0.0, 0.0, 0.0],
    [0.5, 0.5, 0.5],
    [0.0, 0.83335588, 0.33351705],
    [0.0, 0.16664412, 0.66648295],
    [0.5, 0.83351824, 0.83201284],
    [0.0, 0.5, 0.0],
    [0.5, 0.16648176, 0.16798716],
    [0.0, 0.67202852, 0.1719403],
    [0.5, 0.33510627, 0.33815418],
    [0.0, 0.0, 0.5],
    [0.5, 0.66489373, 0.66184582],
    [0.0, 0.32797148, 0.8280597],
    [0.5, 0.0, 0.0],
    [0.75148713, 0.66928672, 0.41674018],
    [0.24851287, 0.33071328, 0.58325982],
    [0.75501096, 0.00129101, 0.74644182],
    [0.24756301, 0.6634631, 0.91621447],
    [0.75243699, 0.3365369, 0.08378553],
    [0.24498904, 0.99870899, 0.25355818],
    [0.75501096, 0.99870899, 0.25355818],
    [0.24851287, 0.66928672, 0.41674018],
    [0.75148713, 0.33071328, 0.58325982],
    [0.24498904, 0.00129101, 0.74644182],
    [0.75243699, 0.6634631, 0.91621447],
    [0.24756301, 0.3365369, 0.08378553]
  ],
  "relaxed_energy": -220.40024743,
  "relaxed_magmom": 15.0009,
  "relaxed_mag_basis": [
    0.009,
    0.014,
    0.018,
    0.014,
    0.009,
    0.007,
    3.57,
    3.371,
    3.371,
    1.652,
    1.524,
    1.652,
    -0.03,
    -0.015,
    -0.011,
    -0.015,
    -0.03,
    0.011,
    -0.026,
    -0.026,
    -0.023,
    -0.026,
    -0.026,
    -0.023,
    -0.025,
    -0.031,
    -0.031,
    -0.025,
    -0.026,
    -0.026
  ]
}