{
  "atom_type": [
    "La",
    "Mn",
    "Ni",
    "O"
  ],
  "atoms_per_type": [
    6,
    2,
    4,
    18
  ],
  "coord_mode": "direct",
  "relaxed_forces": [
    [-0.00762936, -0.00762936, -0.00762936],
    [-0.00325621, -0.00325621, -0.00325621],
    [0.00325621, 0.00325621, 0.00325621],
    [0.00762936, 0.00762936, 0.00762936],
    [0.00292029, 0.00292029, 0.00292029],
    [-0.00292029, -0.00292029, -0.00292029],
    [0.01540072, 0.01540072, 0.01540072],
    [-0.01540072, -0.01540072, -0.01540072],
    [-0.0, -0.0, -0.0],
    [-0.0783643, -0.0783643, -0.0783643],
    [-0.0, -0.0, -0.0],
    [0.0783643, 0.0783643, 0.0783643],
    [-0.02051079, -0.02051079, -0.07937422],
    [-0.01137777, -0.01137777, -0.02170037],
    [0.01137777, 0.01137777, 0.02170037],
    [0.02051079, 0.02051079, 0.07937422],
    [0.01592893, 0.01592893, 0.15981143],
    [-0.01592893, -0.01592893, -0.15981143],
    [-0.02051079, -0.07937422, -0.02051079],
    [-0.01137777, -0.02170037, -0.01137777],
    [0.01137777, 0.02170037, 0.01137777],
    [0.02051079, 0.07937422, 0.02051079],
    [0.01592893, 0.15981143, 0.01592893],
    [-0.01592893, -0.15981143, -0.01592893],
    [-0.07937422, -0.02051079, -0.02051079],
    [-0.02170037, -0.01137777, -0.01137777],
    [0.02170037, 0.01137777, 0.01137777],
    [0.07937422, 0.02051079, 0.02051079],
    [0.15981143, 0.01592893, 0.01592893],
    [-0.15981143, -0.01592893, -0.01592893]
  ],
  "relaxed_lattice": [
    [3.86708376, 0.0, -3.86708376],
    [-3.86708376, 3.86708376, 0.0],
    [7.74311135, 7.74311135, 7.74311135]
  ],
  "relaxed_basis": [
    [0.6666667, 0.3333333, 0.83758117],
    [0.3333333, 0.6666667, 0.66711877],
    [0.0, 0.0, 0.49954793],
    [0.6666667, 0.3333333, 0.32908543],
    [0.3333333, 0.6666667, 0.16287008],
    [0.0, 0.0, 0.00379662],
    [0.3333333, 0.6666667, 0.41662687],
    [0.0, 0.0, 0.75003983],
    [0.6666667, 0.3333333, 0.5833333],
    [0.3333333, 0.6666667, 0.91694354],
    [0.6666667, 0.3333333, 0.0833333],
    [0.0, 0.0, 0.24972316],
    [0.66214828, 0.83107409, 0.33501111],
    [0.00693319, 0.50346659, 0.49852844],
    [0.32640011, 0.16320011, 0.66813826],
    [0.67118512, 0.83559251, 0.83165549],
    [0.99522443, 0.49761221, 0.00129035],
    [0.33810887, 0.16905449, 0.16537635],
    [0.16892591, 0.33785172, 0.33501111],
    [0.49653341, 0.99306681, 0.49852844],
    [0.83679989, 0.67359989, 0.66813826],
    [0.16440749, 0.32881488, 0.83165549],
    [0.50238779, 0.00477557, 0.00129035],
    [0.83094551, 0.66189113, 0.16537635],
    [0.16892591, 0.83107409, 0.33501111],
    [0.49653341, 0.50346659, 0.49852844],
    [0.83679989, 0.16320011, 0.66813826],
    [0.16440749, 0.83559251, 0.83165549],
    [0.50238779, 0.49761221, 0.00129035],
    [0.83094551, 0.16905449, 0.16537635]
  ],
  "relaxed_energy": -214.15503878,
  "relaxed_magmom": 12.0049,
  "relaxed_mag_basis": [
    0.012,
    0.014,
    0.014,
    0.012,
    0.008,
    0.008,
    3.214,
    3.214,
    1.679,
    1.605,
    1.095,
    1.605,
    -0.002,
    -0.002,
    -0.002,
    -0.002,
    -0.06,
    -0.06,
    -0.01,
    -0.011,
    -0.011,
    -0.01,
    -0.067,
    -0.067,
    -0.021,
    -0.02,
    -0.02,
    -0.021,
    -0.085,
    -0.085
  ]
}