{
  "atom_type": [
    "La",
    "Mn",
    "Ni",
    "O"
  ],
  "atoms_per_type": [
    5,
    3,
    2,
    15
  ],
  "coord_mode": "direct",
  "relaxed_forces": [
    [0.0, 0.06953468, 0.06953468],
    [0.0, -0.0, 0.0],
    [0.0, -0.06953468, -0.06953468],
    [0.0, -0.10990488, -0.10990488],
    [0.0, 0.10990488, 0.10990488],
    [0.0, -0.01974202, -0.01974202],
    [0.0, 0.01974202, 0.01974202],
    [0.0, -0.0, 0.0],
    [0.0, -0.05523562, -0.05523562],
    [0.0, 0.05523562, 0.05523562],
    [0.0, -0.0, 0.0],
    [0.0, 0.0109387, 0.11775922],
    [0.0, 0.015091, 0.05724167],
    [0.0, -0.015091, -0.05724167],
    [0.0, -0.0109387, -0.11775922],
    [0.0, -0.0, 0.0],
    [0.0, 0.11775922, 0.0109387],
    [0.0, 0.05724167, 0.015091],
    [0.0, -0.05724167, -0.015091],
    [0.0, -0.11775922, -0.0109387],
    [0.0, 0.0471831, 0.0471831],
    [0.0, -0.0471831, -0.0471831],
    [0.0, 0.06406061, 0.06406061],
    [0.0, -0.0, 0.0],
    [0.0, -0.06406061, -0.06406061]
  ],
  "relaxed_lattice": [
    [3.91485317, 0.0, 0.0],
    [0.0, 3.88408672, -3.88408672],
    [0.0, 7.77516361, 11.65925033]
  ],
  "relaxed_basis": [
    [0.0, 0.6007839, 0.2015678],
    [0.0, 0.2, 0.4],
    [0.0, 0.7992161, 0.5984322],
    [0.0, 0.39581943, 0.79163886],
    [0.0, 0.00418057, 0.00836114],
    [0.5, 0.90036867, 0.80073735],
    [0.5, 0.49963133, 0.99926265],
    [0.5, 0.7, 0.4],
    [0.5, 0.29968956, 0.59937912],
    [0.5, 0.10031044, 0.20062088],
    [0.5, 0.7, 0.9],
    [0.5, 0.09744759, 0.70331214],
    [0.5, 0.50534253, 0.49770391],
    [0.5, 0.89465747, 0.30229609],
    [0.5, 0.30255241, 0.09668786],
    [0.5, 0.2, 0.9],
    [0.5, 0.60586455, 0.70331214],
    [0.5, 0.99236137, 0.49770391],
    [0.5, 0.40763863, 0.30229609],
    [0.5, 0.79413545, 0.09668786],
    [0.0, 0.49983807, 0.99967615],
    [0.0, 0.90016193, 0.80032385],
    [0.0, 0.30093572, 0.60187144],
    [0.0, 0.7, 0.4],
    [0.0, 0.09906428, 0.19812856]
  ],
  "relaxed_energy": -186.95701961,
  "relaxed_magmom": 14.0124,
  "relaxed_mag_basis": [
    0.013,
    0.012,
    0.013,
    0.017,
    0.017,
    3.535,
    3.534,
    3.436,
    1.707,
    1.707,
    -0.013,
    -0.03,
    0.003,
    0.003,
    -0.03,
    -0.014,
    -0.031,
    0.003,
    0.003,
    -0.031,
    -0.043,
    -0.043,
    0.024,
    -0.056,
    0.024
  ]
}