{
  "atom_type": [
    "La",
    "Mn",
    "Ni",
    "O"
  ],
  "atoms_per_type": [
    6,
    2,
    4,
    18
  ],
  "coord_mode": "direct",
  "relaxed_forces": [
    [0.0, -0.01484104, 0.01484104],
    [0.0, 0.01484104, -0.01484104],
    [0.0, 0.01704226, -0.01704226],
    [0.0, 0.00848267, -0.00848267],
    [0.0, -0.00848267, 0.00848267],
    [0.0, -0.01704226, 0.01704226],
    [0.0, -0.01532081, 0.01532081],
    [0.0, 0.01532081, -0.01532081],
    [0.0, -0.00731528, 0.00731528],
    [0.0, 0.01755885, -0.01755885],
    [0.0, 0.00731528, -0.00731528],
    [0.0, -0.01755885, 0.01755885],
    [0.0, -0.0, 0.0],
    [0.0, -0.01848594, 0.00442664],
    [0.0, 0.02639067, 0.02992176],
    [0.0, -0.0, 0.0],
    [0.0, -0.02639067, -0.02992176],
    [0.0, 0.01848594, -0.00442664],
    [0.0, 0.00442664, -0.01848594],
    [0.0, -0.0, 0.0],
    [0.0, -0.00442664, 0.01848594],
    [0.0, -0.02992176, -0.02639067],
    [0.0, -0.0, 0.0],
    [0.0, 0.02992176, 0.02639067],
    [0.0, 0.01434931, -0.01434931],
    [0.0, -0.01434931, 0.01434931],
    [0.0, 0.04393907, -0.04393907],
    [0.0, 0.03393166, -0.03393166],
    [0.0, -0.03393166, 0.03393166],
    [0.0, -0.04393907, 0.04393907]
  ],
  "relaxed_lattice": [
    [3.8751009, 0.0, 0.0],
    [0.0, 3.86692576, 3.86692576],
    [0.0, -11.61951698, 11.61951698]
  ],
  "relaxed_basis": [
    [0.0, 0.5, 0.16864758],
    [0.0, 0.0, 0.33135242],
    [0.0, 0.5, 0.48934436],
    [0.0, 0.0, 0.65926204],
    [0.0, 0.5, 0.84073796],
    [0.0, 0.0, 0.01065564],
    [0.5, 0.5, 0.66650812],
    [0.5, 0.0, 0.83349188],
    [0.5, 0.5, 0.33227864],
    [0.5, 0.0, 0.49958953],
    [0.5, 0.0, 0.16772136],
    [0.5, 0.5, 0.00041047],
    [0.5, 0.75, 0.75],
    [0.5, 0.25234717, 0.58689963],
    [0.5, 0.74465647, 0.41648989],
    [0.5, 0.25, 0.25],
    [0.5, 0.75534353, 0.08351011],
    [0.5, 0.24765283, 0.91310037],
    [0.5, 0.75234717, 0.91310037],
    [0.5, 0.25, 0.75],
    [0.5, 0.74765283, 0.58689963],
    [0.5, 0.25534353, 0.41648989],
    [0.5, 0.75, 0.25],
    [0.5, 0.24465647, 0.08351011],
    [0.0, 0.0, 0.83136835],
    [0.0, 0.5, 0.66863165],
    [0.0, 0.0, 0.50219799],
    [0.0, 0.5, 0.33388998],
    [0.0, 0.0, 0.16611002],
    [0.0, 0.5, 0.99780201]
  ],
  "relaxed_energy": -213.56902348,
  "relaxed_magmom": 12.0402,
  "relaxed_mag_basis": [
    0.007,
    0.007,
    0.01,
    0.019,
    0.019,
    0.01,
    3.396,
    3.394,
    1.402,
    1.585,
    1.404,
    1.585,
    -0.019,
    -0.038,
    -0.067,
    -0.074,
    -0.067,
    -0.039,
    -0.039,
    -0.019,
    -0.038,
    -0.068,
    -0.071,
    -0.068,
    -0.059,
    -0.059,
    -0.038,
    -0.052,
    -0.053,
    -0.037
  ]
}