{
  "atom_type": [
    "La",
    "Mn",
    "Ni",
    "O"
  ],
  "atoms_per_type": [
    6,
    2,
    4,
    18
  ],
  "coord_mode": "direct",
  "relaxed_forces": [
    [0.01284755, -0.01434635, -0.02070735],
    [-0.01284755, 0.01434635, 0.02070735],
    [-0.0, 0.05916613, 0.0],
    [0.01284755, 0.01434635, -0.02070735],
    [-0.01284755, -0.01434635, 0.02070735],
    [-0.0, -0.05916613, 0.0],
    [-0.00205922, 0.0, 0.00095281],
    [0.00205922, 0.0, -0.00095281],
    [0.00924319, 0.0, -0.00240455],
    [0.0107288, 0.0, 0.00830755],
    [-0.00924319, 0.0, 0.00240455],
    [-0.0107288, 0.0, -0.00830755],
    [-0.0, 0.0, 0.0],
    [-0.03701787, 0.0, 0.0089723],
    [-0.06422457, 0.0, -0.00234451],
    [-0.0, 0.0, 0.0],
    [0.06422457, 0.0, 0.00234451],
    [0.03701787, 0.0, -0.0089723],
    [-0.00802864, -0.00821723, -0.01329292],
    [0.00802864, -0.00821723, 0.01329292],
    [-0.0, 0.0, 0.0],
    [-0.00802864, 0.00821723, -0.01329292],
    [0.00802864, 0.00821723, 0.01329292],
    [-0.0, 0.0, 0.0],
    [5.298e-05, 0.0, -0.04669511],
    [0.0029368, 0.0, 0.00021558],
    [0.00496273, 0.0, -0.00895007],
    [-0.00496273, 0.0, 0.00895007],
    [-0.0029368, 0.0, -0.00021558],
    [-5.298e-05, 0.0, 0.04669511]
  ],
  "relaxed_lattice": [
    [3.85764716, -3.88439859, 3.85885747],
    [3.85764716, 3.88439859, 3.85885747],
    [-3.85761141, 0.0, 7.7176789]
  ],
  "relaxed_basis": [
    [0.16977402, 0.16455222, 0.32950424],
    [0.33022598, 0.33544778, 0.67049576],
    [0.4922863, 0.5077137, 0.0],
    [0.66455222, 0.66977402, 0.32950424],
    [0.83544778, 0.83022598, 0.67049576],
    [0.0077137, 0.9922863, 0.0],
    [0.66626007, 0.16626007, 0.33290339],
    [0.83373993, 0.33373993, 0.66709661],
    [0.33375418, 0.83375418, 0.66505831],
    [0.50046627, 0.00046627, 0.99905447],
    [0.16624582, 0.66624582, 0.33494169],
    [0.99953373, 0.49953373, 0.00094553],
    [0.75, 0.25, 0.5],
    [0.58419414, 0.08419414, 0.17075784],
    [0.41485755, 0.91485755, 0.83202348],
    [0.25, 0.75, 0.5],
    [0.08514245, 0.58514245, 0.16797652],
    [0.91580586, 0.41580586, 0.82924216],
    [0.07714264, 0.08930137, 0.66637969],
    [0.91069863, 0.92285736, 0.33362031],
    [0.75, 0.75, 0.0],
    [0.58930137, 0.57714264, 0.66637969],
    [0.42285736, 0.41069863, 0.33362031],
    [0.25, 0.25, 0.0],
    [0.66916728, 0.16916728, 0.82960608],
    [0.50222178, 0.00222178, 0.49774612],
    [0.33254686, 0.83254686, 0.16734713],
    [0.16745314, 0.66745314, 0.83265287],
    [0.99777822, 0.49777822, 0.50225388],
    [0.83083272, 0.33083272, 0.17039392]
  ],
  "relaxed_energy": -213.93485719,
  "relaxed_magmom": 12.0001,
  "relaxed_mag_basis": [
    0.01,
    0.01,
    0.01,
    0.013,
    0.013,
    0.01,
    3.247,
    3.247,
    1.512,
    1.526,
    1.512,
    1.526,
    -0.014,
    -0.039,
    -0.07,
    -0.057,
    -0.07,
    -0.039,
    -0.005,
    -0.001,
    -0.053,
    -0.001,
    -0.005,
    -0.076,
    -0.022,
    -0.022,
    -0.086,
    -0.086,
    -0.022,
    -0.022
  ]
}