{
  "atom_type": [
    "La",
    "Mn",
    "Ni",
    "O"
  ],
  "atoms_per_type": [
    5,
    2,
    3,
    15
  ],
  "coord_mode": "direct",
  "relaxed_forces": [
    [0.0, 0.0, 0.0],
    [-0.0, 0.0, -0.18286104],
    [0.0, 0.0, -0.03172615],
    [0.0, 0.0, 0.03172615],
    [0.0, 0.0, 0.18286104],
    [0.0, 0.0, 0.05201329],
    [0.0, 0.0, -0.05201329],
    [0.0, -0.0, 0.0],
    [0.0, -0.0, -0.04015743],
    [0.0, -0.0, 0.04015743],
    [0.0, 0.0, -0.06130335],
    [0.0, 0.0, 0.06130335],
    [0.0, -0.0, 0.03459622],
    [-0.0, 0.0, 0.0],
    [0.0, -0.0, -0.03459622],
    [0.0, 0.0, -0.02392835],
    [0.0, 0.0, 0.0],
    [0.0, 0.0, 0.02392835],
    [0.0, 0.0, 0.02424257],
    [0.0, 0.0, -0.02424257],
    [0.0, 0.0, -0.02392835],
    [0.0, 0.0, 0.0],
    [0.0, -0.0, 0.02392835],
    [0.0, 0.0, 0.02424257],
    [0.0, -0.0, -0.02424257]
  ],
  "relaxed_lattice": [
    [3.87178572, 0.0, 0.0],
    [0.0, 3.87178572, 0.0],
    [0.0, 0.0, 19.41941844]
  ],
  "relaxed_basis": [
    [0.0, 0.0, 0.2],
    [0.0, 0.0, 0.3937883],
    [0.0, 0.0, 0.60471037],
    [0.0, 0.0, 0.79528963],
    [0.0, 0.0, 0.0062117],
    [0.5, 0.5, 0.90031844],
    [0.5, 0.5, 0.49968156],
    [0.5, 0.5, 0.7],
    [0.5, 0.5, 0.29967844],
    [0.5, 0.5, 0.10032156],
    [0.5, 0.5, 0.8026311],
    [0.5, 0.5, 0.5973689],
    [0.5, 0.5, 0.40165776],
    [0.5, 0.5, 0.2],
    [0.5, 0.5, 0.99834224],
    [0.5, 0.0, 0.89985426],
    [0.5, 0.0, 0.7],
    [0.5, 0.0, 0.50014574],
    [0.5, 0.0, 0.30095599],
    [0.5, 0.0, 0.09904401],
    [0.0, 0.5, 0.89985426],
    [0.0, 0.5, 0.7],
    [0.0, 0.5, 0.50014574],
    [0.0, 0.5, 0.30095599],
    [0.0, 0.5, 0.09904401]
  ],
  "relaxed_energy": -180.24182539,
  "relaxed_magmom": 11.0829,
  "relaxed_mag_basis": [
    0.008,
    0.016,
    0.014,
    0.014,
    0.016,
    3.479,
    3.48,
    1.588,
    1.493,
    1.493,
    -0.021,
    -0.021,
    -0.026,
    -0.095,
    -0.026,
    -0.074,
    -0.014,
    -0.073,
    -0.029,
    -0.029,
    -0.045,
    -0.038,
    -0.045,
    -0.089,
    -0.089
  ]
}