{
  "atom_type": [
    "La",
    "Mn",
    "Ni",
    "O"
  ],
  "atoms_per_type": [
    4,
    1,
    3,
    12
  ],
  "coord_mode": "direct",
  "relaxed_forces": [
    [-0.0, 0.0, -0.0],
    [-0.0, 0.0, -0.0],
    [-0.0, 0.0, -0.0],
    [-0.0, 0.0, -0.0],
    [-0.0, 0.0, -0.0],
    [-0.0, 0.0, -0.0],
    [-0.0, 0.0, -0.0],
    [-0.0, 0.0, -0.0],
    [-0.0, 0.0, -0.00388733],
    [-0.0, 0.0, 0.0],
    [-0.0, 0.0, -0.0],
    [-0.0, 0.0, 0.00388733],
    [-0.0, -0.00388733, -0.0],
    [-0.0, 0.00388733, -0.0],
    [0.0, 0.0, 0.0],
    [-0.0, 0.0, -0.0],
    [-0.00388733, 0.0, -0.0],
    [0.0, 0.0, -0.0],
    [0.00388733, 0.0, -0.0],
    [0.0, 0.0, 0.0]
  ],
  "relaxed_lattice": [
    [-3.85925034, 3.85925034, 3.85925034],
    [3.85925034, -3.85925034, 3.85925034],
    [3.85925034, 3.85925034, -3.85925034]
  ],
  "relaxed_basis": [
    [0.5, 0.0, 0.5],
    [0.0, 0.5, 0.5],
    [0.5, 0.5, 0.0],
    [0.0, 0.0, 0.0],
    [0.0, 0.0, 0.5],
    [0.5, 0.5, 0.5],
    [0.0, 0.5, 0.0],
    [0.5, 0.0, 0.0],
    [0.75435456, 0.75435456, 0.5],
    [0.25, 0.75, 0.0],
    [0.75, 0.25, 0.0],
    [0.24564544, 0.24564544, 0.5],
    [0.75435456, 0.0, 0.25435456],
    [0.24564544, 0.0, 0.74564544],
    [0.75, 0.5, 0.75],
    [0.25, 0.5, 0.25],
    [0.0, 0.75435456, 0.25435456],
    [0.5, 0.75, 0.75],
    [0.0, 0.24564544, 0.74564544],
    [0.5, 0.25, 0.25]
  ],
  "relaxed_energy": -140.28647459,
  "relaxed_magmom": 7.0004,
  "relaxed_mag_basis": [
    0.009,
    0.01,
    0.008,
    0.012,
    3.265,
    1.442,
    1.457,
    1.461,
    -0.037,
    -0.082,
    -0.081,
    -0.037,
    -0.017,
    -0.017,
    -0.083,
    -0.082,
    -0.02,
    -0.085,
    -0.02,
    -0.085
  ]
}