{
  "atom_type": [
    "La",
    "Mn",
    "Ni",
    "O"
  ],
  "atoms_per_type": [
    5,
    3,
    2,
    15
  ],
  "coord_mode": "direct",
  "relaxed_forces": [
    [-0.07264512, 0.07264512, 0.07264512],
    [0.07264512, -0.07264512, -0.07264512],
    [0.013829, -0.013829, -0.013829],
    [-0.0, 0.0, 0.0],
    [-0.013829, 0.013829, 0.013829],
    [-0.0, 0.0, 0.0],
    [0.03024296, -0.03024296, -0.03024296],
    [-0.03024296, 0.03024296, 0.03024296],
    [-0.00089302, 0.00089302, 0.00089302],
    [0.00089302, -0.00089302, -0.00089302],
    [-0.0, 0.0, 0.0],
    [-0.00611586, 0.00611586, 0.01811035],
    [0.01342086, -0.01342086, -0.00735749],
    [-0.01342086, 0.01342086, 0.00735749],
    [0.00611586, -0.00611586, -0.01811035],
    [-0.0, 0.0, 0.0],
    [-0.00611586, 0.01811035, 0.00611586],
    [0.01342086, -0.00735749, -0.01342086],
    [-0.01342086, 0.00735749, 0.01342086],
    [0.00611586, -0.01811035, -0.00611586],
    [-0.00735749, 0.01342086, 0.01342086],
    [0.01811035, -0.00611586, -0.00611586],
    [-0.0, 0.0, 0.0],
    [-0.01811035, 0.00611586, 0.00611586],
    [0.00735749, -0.01342086, -0.01342086]
  ],
  "relaxed_lattice": [
    [3.89317566, 0.0, 3.89317566],
    [3.89317566, 3.89317566, 0.0],
    [-3.89668994, 7.7898656, 7.7898656]
  ],
  "relaxed_basis": [
    [0.79879739, 0.79879739, 0.60360782],
    [0.60120261, 0.60120261, 0.19639218],
    [0.39981181, 0.39981181, 0.80056457],
    [0.2, 0.2, 0.4],
    [0.00018819, 0.00018819, 0.99943543],
    [0.7, 0.7, 0.9],
    [0.49951545, 0.49951545, 0.50145366],
    [0.90048455, 0.90048455, 0.29854634],
    [0.0999147, 0.0999147, 0.7002559],
    [0.3000853, 0.3000853, 0.0997441],
    [0.2, 0.7, 0.4],
    [0.40595471, 0.89612804, 0.80178922],
    [0.60166543, 0.0984867, 0.20136118],
    [0.79833457, 0.3015133, 0.59863882],
    [0.99404529, 0.50387196, 0.99821078],
    [0.7, 0.2, 0.4],
    [0.89612804, 0.40595471, 0.80178922],
    [0.0984867, 0.60166543, 0.20136118],
    [0.3015133, 0.79833457, 0.59863882],
    [0.50387196, 0.99404529, 0.99821078],
    [0.3015133, 0.3015133, 0.59863882],
    [0.50387196, 0.50387196, 0.99821078],
    [0.7, 0.7, 0.4],
    [0.89612804, 0.89612804, 0.80178922],
    [0.0984867, 0.0984867, 0.20136118]
  ],
  "relaxed_energy": -187.02991892,
  "relaxed_magmom": 13.9996,
  "relaxed_mag_basis": [
    0.015,
    0.015,
    0.014,
    0.017,
    0.014,
    3.298,
    3.627,
    3.628,
    1.683,
    1.683,
    -0.031,
    -0.003,
    -0.012,
    -0.012,
    -0.003,
    -0.034,
    -0.012,
    -0.03,
    -0.03,
    -0.012,
    -0.006,
    -0.005,
    -0.034,
    -0.005,
    -0.006
  ]
}