{
  "atom_type": [
    "La",
    "Mn",
    "Ni",
    "O"
  ],
  "atoms_per_type": [
    6,
    4,
    2,
    18
  ],
  "coord_mode": "direct",
  "relaxed_forces": [
    [-0.0, 0.04244237, 0.0],
    [0.0, 0.02616985, -0.07160356],
    [-0.0, -0.02616985, 0.07160356],
    [0.0, -0.04244237, -0.0],
    [-0.0, -0.02616985, -0.07160356],
    [-0.0, 0.02616985, 0.07160356],
    [-0.0, -0.0, 0.01400147],
    [-0.0, 0.0, -0.0333462],
    [0.0, 0.0, -0.01400147],
    [-0.0, -0.0, 0.0333462],
    [-0.0, -0.0, 0.00230193],
    [-0.0, 0.0, -0.00230193],
    [-0.0, -0.0, 0.01061376],
    [-0.0, -0.0, -0.0],
    [-0.0, 0.0, -0.01061376],
    [-0.0, 0.0, -0.01956359],
    [-0.0, -0.0, -0.0],
    [-0.0, -0.0, 0.01956359],
    [-0.0, -0.0, -0.0],
    [-0.0, 0.02241426, 0.02437411],
    [-0.0, 0.02241426, -0.02437411],
    [-0.0, -0.0, -0.0],
    [-0.0, -0.02241426, 0.02437411],
    [-0.0, -0.02241426, -0.02437411],
    [-0.0, -0.0, 0.03367786],
    [-0.0, -0.0, 0.06415323],
    [-0.0, 0.0, -0.06415323],
    [-0.0, 0.0, -0.03367786],
    [-0.0, -0.0, 0.0262436],
    [-0.0, 0.0, -0.0262436]
  ],
  "relaxed_lattice": [
    [3.90054185, 0.0, 0.0],
    [0.0, 7.80280129, 0.0],
    [0.0, -3.90140065, 11.71069938]
  ],
  "relaxed_basis": [
    [0.0, 0.18311805, 0.3333333],
    [0.0, 0.33713411, 0.66100204],
    [0.0, 0.49619919, 0.00566466],
    [0.0, 0.65021535, 0.3333333],
    [0.0, 0.82386783, 0.66100204],
    [0.0, 0.00946547, 0.00566466],
    [0.5, 0.99953768, 0.49907537],
    [0.5, 0.16629394, 0.83258778],
    [0.5, 0.83379562, 0.16759133],
    [0.5, 0.66703946, 0.83407882],
    [0.5, 0.50055314, 0.50110629],
    [0.5, 0.33278016, 0.16556041],
    [0.5, 0.08438976, 0.66877962],
    [0.5, 0.9166667, 0.3333333],
    [0.5, 0.74894354, 0.99788708],
    [0.5, 0.58542722, 0.67085454],
    [0.5, 0.4166667, 0.3333333],
    [0.5, 0.24790608, 0.99581216],
    [0.5, 0.9166667, 0.8333333],
    [0.5, 0.75718909, 0.50190386],
    [0.5, 0.58861854, 0.16476284],
    [0.5, 0.4166667, 0.8333333],
    [0.5, 0.24471476, 0.50190386],
    [0.5, 0.07614421, 0.16476284],
    [0.0, 0.16719238, 0.83438466],
    [0.0, 0.00126795, 0.50253591],
    [0.0, 0.83206535, 0.16413079],
    [0.0, 0.66614102, 0.83228194],
    [0.0, 0.50128543, 0.50257086],
    [0.0, 0.33204787, 0.16409584]
  ],
  "relaxed_energy": -226.6107593,
  "relaxed_magmom": 18.0002,
  "relaxed_mag_basis": [
    0.009,
    0.017,
    0.017,
    0.009,
    0.017,
    0.017,
    3.614,
    3.623,
    3.614,
    3.623,
    1.711,
    1.711,
    -0.028,
    -0.047,
    -0.028,
    -0.022,
    0.044,
    -0.022,
    -0.042,
    -0.004,
    -0.004,
    -0.042,
    -0.004,
    -0.004,
    -0.041,
    -0.041,
    -0.041,
    -0.041,
    0.026,
    0.026
  ]
}