{
  "atom_type": [
    "La",
    "Mn",
    "Ni",
    "O"
  ],
  "atoms_per_type": [
    6,
    2,
    4,
    18
  ],
  "coord_mode": "direct",
  "relaxed_forces": [
    [0.0, -0.0, 0.04773949],
    [0.0, -0.0, 0.0],
    [0.0, -0.0, -0.04773949],
    [0.0, -0.0, 0.04773949],
    [0.0, 0.0, 0.0],
    [0.0, 0.0, -0.04773949],
    [0.0, -0.0, -0.04189562],
    [0.0, 0.0, 0.04189562],
    [0.0, 0.0, 0.0],
    [0.0, 0.0, -0.00141949],
    [0.0, 0.0, 0.0],
    [0.0, -0.0, 0.00141949],
    [0.0, -0.0, 0.0],
    [0.0, 0.0, 0.03467967],
    [0.0, 0.0, -0.05435124],
    [0.0, 0.0, 0.0],
    [0.0, 0.0, 0.05435124],
    [0.0, 0.0, -0.03467967],
    [0.0, 0.0087254, -0.01167659],
    [0.0, -0.0286539, 0.0],
    [0.0, 0.0087254, 0.01167659],
    [0.0, -0.0087254, -0.01167659],
    [0.0, 0.0286539, 0.0],
    [0.0, -0.0087254, 0.01167659],
    [0.0087254, 0.0, -0.01167659],
    [-0.0286539, 0.0, 0.0],
    [0.0087254, 0.0, 0.01167659],
    [-0.0087254, 0.0, -0.01167659],
    [0.0286539, 0.0, 0.0],
    [-0.0087254, 0.0, 0.01167659]
  ],
  "relaxed_lattice": [
    [3.86683587, 3.86683587, 0.0],
    [3.86683587, -3.86683587, 0.0],
    [0.0, 0.0, -11.59364438]
  ],
  "relaxed_basis": [
    [0.5, 0.5, 0.3299344],
    [0.0, 0.0, 0.6666667],
    [0.5, 0.5, 0.0033989],
    [0.0, 0.0, 0.3299344],
    [0.5, 0.5, 0.6666667],
    [0.0, 0.0, 0.0033989],
    [0.0, 0.5, 0.49878423],
    [0.0, 0.5, 0.83454907],
    [0.5, 0.0, 0.1666667],
    [0.5, 0.0, 0.49978553],
    [0.0, 0.5, 0.1666667],
    [0.5, 0.0, 0.83354777],
    [0.0, 0.5, 0.6666667],
    [0.5, 0.0, 0.3319293],
    [0.0, 0.5, 0.99583836],
    [0.5, 0.0, 0.6666667],
    [0.0, 0.5, 0.33749494],
    [0.5, 0.0, 0.001404],
    [0.75476875, 0.74523125, 0.5006132],
    [0.24823511, 0.25176489, 0.1666667],
    [0.75476875, 0.74523125, 0.8327201],
    [0.24523125, 0.25476875, 0.5006132],
    [0.75176489, 0.74823511, 0.1666667],
    [0.24523125, 0.25476875, 0.8327201],
    [0.75476875, 0.25476875, 0.5006132],
    [0.24823511, 0.74823511, 0.1666667],
    [0.75476875, 0.25476875, 0.8327201],
    [0.24523125, 0.74523125, 0.5006132],
    [0.75176489, 0.25176489, 0.1666667],
    [0.24523125, 0.74523125, 0.8327201]
  ],
  "relaxed_energy": -213.99965005,
  "relaxed_magmom": 12.0,
  "relaxed_mag_basis": [
    0.01,
    0.013,
    0.01,
    0.011,
    0.013,
    0.011,
    3.241,
    3.241,
    1.409,
    1.586,
    1.472,
    1.586,
    -0.016,
    -0.077,
    -0.033,
    -0.046,
    -0.033,
    -0.077,
    -0.011,
    -0.067,
    -0.011,
    -0.011,
    -0.067,
    -0.011,
    -0.019,
    -0.063,
    -0.019,
    -0.019,
    -0.063,
    -0.019
  ]
}