{
  "atom_type": [
    "La",
    "Mn",
    "Ni",
    "O"
  ],
  "atoms_per_type": [
    4,
    1,
    3,
    12
  ],
  "coord_mode": "direct",
  "relaxed_forces": [
    [-0.0, 0.0, 0.04152184],
    [-0.0, 0.0, -0.04152184],
    [-0.0, 0.0, -0.1466055],
    [0.0, 0.0, 0.1466055],
    [-0.0, 0.0, -0.0],
    [-0.0, 0.0, 0.0256038],
    [-0.0, 0.0, -0.0],
    [-0.0, 0.0, -0.0256038],
    [-0.0, -0.0, -0.04483295],
    [-0.0, 0.0, -0.06330157],
    [-0.0, -0.0, 0.06330157],
    [-0.0, 0.0, 0.04483295],
    [-0.0, -0.0, -0.0],
    [-0.0, -0.0, -0.01505079],
    [-0.0, 0.0, -0.0],
    [-0.0, 0.0, 0.01505079],
    [0.0, -0.0, -0.0],
    [-0.0, 0.0, -0.01505079],
    [-0.0, -0.0, -0.0],
    [0.0, 0.0, 0.01505079]
  ],
  "relaxed_lattice": [
    [3.85785947, 0.0, 0.0],
    [0.0, 3.85785947, 0.0],
    [0.0, 0.0, 15.4442281]
  ],
  "relaxed_basis": [
    [0.0, 0.0, 0.25169037],
    [0.0, 0.0, 0.49830963],
    [0.0, 0.0, 0.74282838],
    [0.0, 0.0, 0.00717162],
    [0.5, 0.5, 0.875],
    [0.5, 0.5, 0.12579808],
    [0.5, 0.5, 0.375],
    [0.5, 0.5, 0.62420192],
    [0.5, 0.5, 0.75231853],
    [0.5, 0.5, 0.49803832],
    [0.5, 0.5, 0.25196168],
    [0.5, 0.5, 0.99768147],
    [0.5, 0.0, 0.875],
    [0.5, 0.0, 0.62625529],
    [0.5, 0.0, 0.375],
    [0.5, 0.0, 0.12374471],
    [0.0, 0.5, 0.875],
    [0.0, 0.5, 0.62625529],
    [0.0, 0.5, 0.375],
    [0.0, 0.5, 0.12374471]
  ],
  "relaxed_energy": -140.07350054,
  "relaxed_magmom": 7.0264,
  "relaxed_mag_basis": [
    0.009,
    0.009,
    0.014,
    0.014,
    3.453,
    1.487,
    1.318,
    1.487,
    -0.026,
    -0.1,
    -0.1,
    -0.026,
    -0.068,
    -0.034,
    -0.054,
    -0.034,
    -0.039,
    -0.093,
    -0.118,
    -0.093
  ]
}