{
  "atom_type": [
    "La",
    "Mn",
    "Ni",
    "O"
  ],
  "atoms_per_type": [
    6,
    4,
    2,
    18
  ],
  "coord_mode": "direct",
  "relaxed_forces": [
    [-0.01992794, -0.01992794, -0.01992794],
    [0.0, 0.0, 0.0],
    [0.01992794, 0.01992794, 0.01992794],
    [-0.00916237, -0.00916237, -0.00916237],
    [0.0, 0.0, 0.0],
    [0.00916237, 0.00916237, 0.00916237],
    [-0.00334422, -0.00334422, -0.00334422],
    [-0.03481135, -0.03481135, -0.03481135],
    [0.00334422, 0.00334422, 0.00334422],
    [0.03481135, 0.03481135, 0.03481135],
    [0.00336784, 0.00336784, 0.00336784],
    [-0.00336784, -0.00336784, -0.00336784],
    [-0.01407545, -0.01407545, 0.0117644],
    [0.02002281, 0.02002281, 0.01703303],
    [0.0, 0.0, 0.0],
    [-0.02002281, -0.02002281, -0.01703303],
    [0.01407545, 0.01407545, -0.0117644],
    [0.0, 0.0, 0.0],
    [-0.01407545, 0.0117644, -0.01407545],
    [0.02002281, 0.01703303, 0.02002281],
    [0.0, 0.0, 0.0],
    [-0.02002281, -0.01703303, -0.02002281],
    [0.01407545, -0.0117644, 0.01407545],
    [0.0, 0.0, 0.0],
    [0.0117644, -0.01407545, -0.01407545],
    [0.01703303, 0.02002281, 0.02002281],
    [0.0, 0.0, 0.0],
    [-0.01703303, -0.02002281, -0.02002281],
    [-0.0117644, 0.01407545, 0.01407545],
    [0.0, 0.0, 0.0]
  ],
  "relaxed_lattice": [
    [3.90307814, 0.0, -3.90307814],
    [-3.90307814, 3.90307814, 0.0],
    [7.82303894, 7.82303894, 7.82303894]
  ],
  "relaxed_basis": [
    [0.6666667, 0.3333333, 0.84268459],
    [0.3333333, 0.6666667, 0.6666667],
    [0.0, 0.0, 0.49064871],
    [0.6666667, 0.3333333, 0.31445345],
    [0.3333333, 0.6666667, 0.1666667],
    [0.0, 0.0, 0.01887985],
    [0.6666667, 0.3333333, 0.58350282],
    [0.3333333, 0.6666667, 0.41741845],
    [0.0, 0.0, 0.74983048],
    [0.3333333, 0.6666667, 0.91591495],
    [0.6666667, 0.3333333, 0.08163163],
    [0.0, 0.0, 0.25170167],
    [0.66108039, 0.83054014, 0.33676379],
    [0.00736711, 0.50368356, 0.50137233],
    [0.3333333, 0.1666667, 0.6666667],
    [0.65929959, 0.82964974, 0.83196097],
    [0.00558631, 0.50279316, 0.99656951],
    [0.3333333, 0.1666667, 0.1666667],
    [0.16945986, 0.33891961, 0.33676379],
    [0.49631644, 0.99263289, 0.50137233],
    [0.8333333, 0.6666667, 0.6666667],
    [0.17035026, 0.34070041, 0.83196097],
    [0.49720684, 0.99441369, 0.99656951],
    [0.8333333, 0.6666667, 0.1666667],
    [0.16945986, 0.83054014, 0.33676379],
    [0.49631644, 0.50368356, 0.50137233],
    [0.8333333, 0.1666667, 0.6666667],
    [0.17035026, 0.82964974, 0.83196097],
    [0.49720684, 0.50279316, 0.99656951],
    [0.8333333, 0.1666667, 0.1666667]
  ],
  "relaxed_energy": -226.57502913,
  "relaxed_magmom": 17.9961,
  "relaxed_mag_basis": [
    0.02,
    0.022,
    0.02,
    0.008,
    0.004,
    0.008,
    3.814,
    3.404,
    3.814,
    3.404,
    1.718,
    1.718,
    -0.011,
    -0.02,
    -0.071,
    -0.02,
    -0.011,
    0.052,
    -0.023,
    -0.024,
    -0.071,
    -0.024,
    -0.023,
    0.054,
    -0.03,
    -0.021,
    -0.058,
    -0.021,
    -0.03,
    0.056
  ]
}