{
  "atom_type": [
    "La",
    "Mn",
    "Ni",
    "O"
  ],
  "atoms_per_type": [
    6,
    4,
    2,
    18
  ],
  "coord_mode": "direct",
  "relaxed_forces": [
    [0.0, 0.0, -0.0025619],
    [0.0, -0.0, 0.0025619],
    [0.0, 0.0, -0.0],
    [0.0, 0.0, -0.0025619],
    [0.0, -0.0, 0.0025619],
    [0.0, -0.0, -0.0],
    [0.0, -0.0, -0.00956846],
    [0.0, -0.0, 0.01883423],
    [0.0, -0.0, 0.00956846],
    [0.0, -0.0, -0.01883423],
    [0.0, -0.0, 0.01146527],
    [0.0, -0.0, -0.01146527],
    [0.0, -0.0, -0.00858433],
    [0.0, 0.0, 0.00858433],
    [0.0, 0.0, 0.03974439],
    [0.0, -0.0, 0.03862859],
    [0.0, 0.0, -0.03862859],
    [0.0, 0.0, -0.03974439],
    [0.0, 0.0, -0.0],
    [0.0, 0.00825865, 0.01489658],
    [0.0, 0.00825865, -0.01489658],
    [0.0, -0.0, -0.0],
    [0.0, -0.00825865, 0.01489658],
    [0.0, -0.00825865, -0.01489658],
    [0.0, 0.0, -0.0],
    [0.00825865, -0.0, 0.01489658],
    [0.00825865, -0.0, -0.01489658],
    [0.0, 0.0, -0.0],
    [-0.00825865, -0.0, 0.01489658],
    [-0.00825865, -0.0, -0.01489658]
  ],
  "relaxed_lattice": [
    [3.89045052, 3.89045052, 0.0],
    [3.89045052, -3.89045052, 0.0],
    [0.0, 0.0, -11.73148312]
  ],
  "relaxed_basis": [
    [0.5, 0.5, 0.32898201],
    [0.0, 0.0, 0.67101799],
    [0.5, 0.5, 0.0],
    [0.0, 0.0, 0.32898201],
    [0.5, 0.5, 0.67101799],
    [0.0, 0.0, 0.0],
    [0.5, 0.0, 0.16554395],
    [0.0, 0.5, 0.49896481],
    [0.0, 0.5, 0.83445605],
    [0.5, 0.0, 0.50103519],
    [0.0, 0.5, 0.16654347],
    [0.5, 0.0, 0.83345653],
    [0.0, 0.5, 0.66742994],
    [0.5, 0.0, 0.33257006],
    [0.0, 0.5, 0.9991467],
    [0.5, 0.0, 0.66692839],
    [0.0, 0.5, 0.33307161],
    [0.5, 0.0, 0.0008533],
    [0.75, 0.75, 0.5],
    [0.25488118, 0.24511882, 0.16738685],
    [0.75488118, 0.74511882, 0.83261315],
    [0.25, 0.25, 0.5],
    [0.74511882, 0.75488118, 0.16738685],
    [0.24511882, 0.25488118, 0.83261315],
    [0.75, 0.25, 0.5],
    [0.25488118, 0.75488118, 0.16738685],
    [0.75488118, 0.25488118, 0.83261315],
    [0.25, 0.75, 0.5],
    [0.74511882, 0.24511882, 0.16738685],
    [0.24511882, 0.74511882, 0.83261315]
  ],
  "relaxed_energy": -226.7842334,
  "relaxed_magmom": 18.0013,
  "relaxed_mag_basis": [
    0.017,
    0.017,
    0.013,
    0.017,
    0.017,
    0.013,
    3.428,
    3.787,
    3.423,
    3.791,
    1.691,
    1.694,
    -0.038,
    -0.038,
    -0.006,
    0.002,
    -0.001,
    -0.003,
    -0.031,
    -0.005,
    -0.004,
    -0.03,
    -0.004,
    -0.005,
    -0.042,
    -0.003,
    -0.003,
    -0.042,
    -0.003,
    -0.003
  ]
}