{
  "atom_type": [
    "La",
    "Mn",
    "Ni",
    "O"
  ],
  "atoms_per_type": [
    5,
    3,
    2,
    15
  ],
  "coord_mode": "direct",
  "relaxed_forces": [
    [0.0, -0.0, -0.0],
    [0.0, -0.0, 0.07659145],
    [-0.0, -0.0, -0.06170025],
    [0.0, -0.0, 0.06170025],
    [0.0, 0.0, -0.07659145],
    [0.0, -0.0, -0.0],
    [0.0, -0.0, -0.04334196],
    [0.0, -0.0, 0.04334196],
    [0.0, -0.0, -0.08016093],
    [0.0, 0.0, 0.08016093],
    [0.0, -0.0, -0.13332782],
    [0.0, 0.0, 0.13332782],
    [0.0, 0.0, -0.01863413],
    [-0.0, 0.0, -0.0],
    [0.0, -0.0, 0.01863413],
    [0.0, 0.0, -0.06139764],
    [0.0, -0.0, -0.0],
    [0.0, -0.0, 0.06139764],
    [0.0, 0.0, -0.02323894],
    [0.0, 0.0, 0.02323894],
    [0.0, -0.0, -0.06139764],
    [0.0, -0.0, -0.0],
    [0.0, -0.0, 0.06139764],
    [0.0, -0.0, -0.02323894],
    [0.0, -0.0, 0.02323894]
  ],
  "relaxed_lattice": [
    [3.88225059, 0.0, 0.0],
    [0.0, 3.88225059, 0.0],
    [0.0, 0.0, 19.74850545]
  ],
  "relaxed_basis": [
    [0.0, 0.0, 0.2],
    [0.0, 0.0, 0.38667293],
    [0.0, 0.0, 0.59621312],
    [0.0, 0.0, 0.80378688],
    [0.0, 0.0, 0.01332707],
    [0.5, 0.5, 0.7],
    [0.5, 0.5, 0.90194165],
    [0.5, 0.5, 0.49805835],
    [0.5, 0.5, 0.29940469],
    [0.5, 0.5, 0.10059531],
    [0.5, 0.5, 0.80279395],
    [0.5, 0.5, 0.59720605],
    [0.5, 0.5, 0.40220749],
    [0.5, 0.5, 0.2],
    [0.5, 0.5, 0.99779251],
    [0.5, 0.0, 0.89642412],
    [0.5, 0.0, 0.7],
    [0.5, 0.0, 0.50357588],
    [0.5, 0.0, 0.30217023],
    [0.5, 0.0, 0.09782977],
    [0.0, 0.5, 0.89642412],
    [0.0, 0.5, 0.7],
    [0.0, 0.5, 0.50357588],
    [0.0, 0.5, 0.30217023],
    [0.0, 0.5, 0.09782977]
  ],
  "relaxed_energy": -186.37781261,
  "relaxed_magmom": 14.0454,
  "relaxed_mag_basis": [
    0.003,
    0.012,
    0.022,
    0.022,
    0.012,
    3.821,
    3.578,
    3.578,
    1.601,
    1.601,
    -0.035,
    -0.035,
    -0.013,
    -0.007,
    -0.013,
    -0.06,
    -0.042,
    -0.06,
    -0.005,
    -0.005,
    -0.046,
    -0.047,
    -0.046,
    -0.041,
    -0.041
  ]
}