{
  "atom_type": [
    "La",
    "Mn",
    "Ni",
    "O"
  ],
  "atoms_per_type": [
    6,
    3,
    3,
    18
  ],
  "coord_mode": "direct",
  "relaxed_forces": [
    [0.03389157, 0.00232609, -0.03531864],
    [-0.01659187, 0.00347637, 0.01793289],
    [-0.01588616, 0.04511758, 0.02592377],
    [0.03389157, -0.00232609, -0.03531864],
    [-0.01659187, -0.00347637, 0.01793289],
    [-0.01588616, -0.04511758, 0.02592377],
    [0.01850206, 0.0, -0.01718909],
    [-0.00459512, 0.0, 0.00878763],
    [-0.01176431, 0.0, 0.01063742],
    [0.01807681, 0.0, -0.00185345],
    [-0.01891875, 0.0, 0.01735785],
    [-0.0021237, 0.0, -0.01408495],
    [-0.01292654, 0.0, -0.02173821],
    [-0.01629528, 0.0, 0.02451685],
    [0.00295256, 0.0, -0.01388684],
    [-0.00926945, 0.0, 0.02588585],
    [0.01971226, 0.0, -0.04485499],
    [0.02664043, 0.0, 0.01329294],
    [-0.0143104, -0.04052896, 0.00940648],
    [0.01910595, 0.01967543, -0.01150107],
    [-0.01423904, -0.03180897, 0.00736772],
    [-0.0143104, 0.04052896, 0.00940648],
    [0.01910595, -0.01967543, -0.01150107],
    [-0.01423904, 0.03180897, 0.00736772],
    [0.0248414, 0.0, -0.04319428],
    [-0.00699418, 0.0, 0.00376037],
    [0.01412674, 0.0, -0.0168776],
    [0.01520067, 0.0, 0.01371713],
    [-0.03055778, 0.0, 0.00262337],
    [-0.01054788, 0.0, 0.02547768]
  ],
  "relaxed_lattice": [
    [3.88032924, -3.88579351, 3.88063147],
    [3.88032924, 3.88579351, 3.88063147],
    [-3.88098093, 0.0, 7.7619147]
  ],
  "relaxed_basis": [
    [0.16993924, 0.16987569, 0.32003001],
    [0.32993157, 0.33390907, 0.67268097],
    [0.49127325, 0.50526831, 0.00726028],
    [0.66987569, 0.66993924, 0.32003001],
    [0.83390907, 0.82993157, 0.67268097],
    [0.00526831, 0.99127325, 0.00726028],
    [0.6664066, 0.1664066, 0.33438668],
    [0.83391383, 0.33391383, 0.66686229],
    [0.33328131, 0.83328131, 0.66483635],
    [0.50112108, 0.00112108, 0.99781292],
    [0.16577846, 0.66577846, 0.33651302],
    [0.99968821, 0.49968821, 0.99899472],
    [0.74924589, 0.24924589, 0.50116015],
    [0.58533792, 0.08533792, 0.17184199],
    [0.41519029, 0.91519029, 0.82699245],
    [0.25096095, 0.75096095, 0.50451444],
    [0.08297314, 0.58297314, 0.16725132],
    [0.9159317, 0.4159317, 0.82860662],
    [0.08367086, 0.0831993, 0.66629031],
    [0.90987541, 0.92272564, 0.33459063],
    [0.7509667, 0.749483, 0.99912843],
    [0.5831993, 0.58367086, 0.66629031],
    [0.42272564, 0.40987541, 0.33459063],
    [0.249483, 0.2509667, 0.99912843],
    [0.67021265, 0.17021265, 0.82775541],
    [0.50016957, 0.00016957, 0.50060595],
    [0.33341701, 0.83341701, 0.16712695],
    [0.17135529, 0.67135529, 0.8277913],
    [0.99632593, 0.49632593, 0.50489173],
    [0.82857213, 0.32857213, 0.17209446]
  ],
  "relaxed_energy": -220.59671615,
  "relaxed_magmom": 15.0012,
  "relaxed_mag_basis": [
    0.009,
    0.016,
    0.009,
    0.012,
    0.016,
    0.009,
    3.279,
    3.39,
    3.358,
    1.667,
    1.683,
    1.636,
    -0.011,
    -0.035,
    -0.0,
    -0.005,
    0.009,
    -0.042,
    -0.057,
    0.002,
    -0.003,
    -0.057,
    0.002,
    -0.002,
    -0.007,
    -0.008,
    0.012,
    -0.033,
    -0.011,
    -0.032
  ]
}