{
  "atom_type": [
    "La",
    "Mn",
    "Ni",
    "O"
  ],
  "atoms_per_type": [
    4,
    3,
    1,
    12
  ],
  "coord_mode": "direct",
  "relaxed_forces": [
    [0.0, -0.0, 0.0],
    [-0.10254428, -0.0, 0.0],
    [0.0, -0.0, 0.0],
    [0.10254428, -0.0, 0.0],
    [0.0, 0.06697375, -0.06697375],
    [0.0, -0.0, 0.0],
    [0.0, -0.06697375, 0.06697375],
    [0.0, -0.0, 0.0],
    [0.0, -0.03717271, -0.02126661],
    [0.0, 0.03717271, 0.02126661],
    [0.0, 0.02755727, 0.06554028],
    [0.0, -0.02755727, -0.06554028],
    [0.0, 0.06554028, 0.02755727],
    [0.0, 0.02126661, 0.03717271],
    [0.0, -0.02126661, -0.03717271],
    [0.0, -0.06554028, -0.02755727],
    [0.0, -0.0, 0.0],
    [0.06886165, -0.0, 0.0],
    [0.0, -0.0, 0.0],
    [-0.06886165, -0.0, 0.0]
  ],
  "relaxed_lattice": [
    [0.0, 3.90052408, 3.90052408],
    [3.90577871, -3.90245069, 3.90245069],
    [3.90577871, 3.90245069, -3.90245069]
  ],
  "relaxed_basis": [
    [0.5, 0.25, 0.75],
    [0.0, 0.49415598, 0.49415598],
    [0.5, 0.75, 0.25],
    [0.0, 0.00584402, 0.00584402],
    [0.0, 0.49936949, 0.00063051],
    [0.5, 0.75, 0.75],
    [0.0, 0.00063051, 0.49936949],
    [0.5, 0.25, 0.25],
    [0.75363868, 0.87743452, 0.62256548],
    [0.24636132, 0.62256548, 0.87743452],
    [0.75291025, 0.37598669, 0.12401331],
    [0.24708975, 0.12401331, 0.37598669],
    [0.75291025, 0.12401331, 0.37598669],
    [0.24636132, 0.87743452, 0.62256548],
    [0.75363868, 0.62256548, 0.87743452],
    [0.24708975, 0.37598669, 0.12401331],
    [0.0, 0.75, 0.25],
    [0.5, 0.50561565, 0.50561565],
    [0.0, 0.25, 0.75],
    [0.5, 0.99438435, 0.99438435]
  ],
  "relaxed_energy": -153.03281294,
  "relaxed_magmom": 13.0001,
  "relaxed_mag_basis": [
    0.015,
    0.016,
    0.017,
    0.016,
    3.655,
    3.778,
    3.654,
    1.701,
    -0.02,
    -0.02,
    0.001,
    0.001,
    0.0,
    -0.023,
    -0.023,
    0.0,
    -0.021,
    -0.004,
    -0.024,
    -0.004
  ]
}