{
  "atom_type": [
    "La",
    "Mn",
    "Ni",
    "O"
  ],
  "atoms_per_type": [
    5,
    2,
    3,
    15
  ],
  "coord_mode": "direct",
  "relaxed_forces": [
    [0.00336614, -0.00336614, -0.00336614],
    [-0.0, -0.0, 0.0],
    [-0.00336614, 0.00336614, 0.00336614],
    [0.08771173, -0.08771173, -0.08771173],
    [-0.08771173, 0.08771173, 0.08771173],
    [0.02503494, -0.02503494, -0.02503494],
    [-0.02503494, 0.02503494, 0.02503494],
    [-0.0262175, 0.0262175, 0.0262175],
    [-0.0, -0.0, 0.0],
    [0.0262175, -0.0262175, -0.0262175],
    [0.00105825, -0.00105825, -0.00796208],
    [0.00347177, -0.00347177, 0.00063339],
    [-0.0, -0.0, -0.0],
    [-0.00347177, 0.00347177, -0.00063339],
    [-0.00105825, 0.00105825, 0.00796208],
    [0.00105825, -0.00796208, -0.00105825],
    [0.00347177, 0.00063339, -0.00347177],
    [-0.0, -0.0, 0.0],
    [-0.00347177, -0.00063339, 0.00347177],
    [-0.00105825, 0.00796208, 0.00105825],
    [0.00063339, 0.00347177, 0.00347177],
    [-0.00796208, 0.00105825, 0.00105825],
    [0.00796208, -0.00105825, -0.00105825],
    [-0.00063339, -0.00347177, -0.00347177],
    [-0.0, -0.0, -0.0]
  ],
  "relaxed_lattice": [
    [3.86750585, 0.0, 3.86750585],
    [3.86750585, 3.86750585, 0.0],
    [-3.88431442, 7.75182026, 7.75182026]
  ],
  "relaxed_basis": [
    [0.80008939, 0.80008939, 0.59973182],
    [0.6, 0.6, 0.2],
    [0.39991061, 0.39991061, 0.80026818],
    [0.20119468, 0.20119468, 0.39641595],
    [0.99880532, 0.99880532, 0.00358405],
    [0.70009551, 0.70009551, 0.89971348],
    [0.49990449, 0.49990449, 0.50028652],
    [0.90001179, 0.90001179, 0.29996462],
    [0.1, 0.1, 0.7],
    [0.29998821, 0.29998821, 0.10003538],
    [0.20419946, 0.69686182, 0.4020769],
    [0.4058914, 0.89620697, 0.80169466],
    [0.6, 0.1, 0.2],
    [0.7941086, 0.30379303, 0.59830534],
    [0.99580054, 0.50313818, 0.9979231],
    [0.69686182, 0.20419946, 0.4020769],
    [0.89620697, 0.4058914, 0.80169466],
    [0.1, 0.6, 0.2],
    [0.30379303, 0.7941086, 0.59830534],
    [0.50313818, 0.99580054, 0.9979231],
    [0.30379303, 0.30379303, 0.59830534],
    [0.50313818, 0.50313818, 0.9979231],
    [0.69686182, 0.69686182, 0.4020769],
    [0.89620697, 0.89620697, 0.80169466],
    [0.1, 0.1, 0.2]
  ],
  "relaxed_energy": -180.81879187,
  "relaxed_magmom": 11.0018,
  "relaxed_mag_basis": [
    0.015,
    0.011,
    0.015,
    0.012,
    0.012,
    3.241,
    3.241,
    1.552,
    1.677,
    1.552,
    -0.012,
    -0.007,
    -0.055,
    -0.007,
    -0.012,
    -0.018,
    -0.02,
    -0.128,
    -0.02,
    -0.018,
    -0.011,
    -0.013,
    -0.013,
    -0.011,
    -0.077
  ]
}