{
  "atom_type": [
    "La",
    "Mn",
    "Ni",
    "O"
  ],
  "atoms_per_type": [
    6,
    3,
    3,
    18
  ],
  "coord_mode": "direct",
  "relaxed_forces": [
    [-0.0, 0.07116872, 0.04653742],
    [0.0, -0.07116872, -0.04653742],
    [-0.0, -0.05558134, -0.0],
    [0.0, -0.07116872, 0.04653742],
    [-0.0, 0.07116872, -0.04653742],
    [-0.0, 0.05558134, -0.0],
    [-0.0, 0.0, -0.0],
    [-0.0, 0.0, 0.01339582],
    [0.0, 0.0, -0.01339582],
    [-0.0, 0.0, -0.01407359],
    [-0.0, 0.0, -0.0],
    [-0.0, 0.0, 0.01407359],
    [0.0, 0.0, 0.06215437],
    [-0.0, 0.0, 0.013837],
    [-0.0, 0.0, -0.0],
    [-0.0, 0.0, -0.013837],
    [0.0, 0.0, -0.06215437],
    [-0.0, 0.0, -0.0],
    [-0.0, 0.02736648, 0.00339712],
    [-0.0, 0.08936779, -0.0],
    [-0.0, 0.02736648, -0.00339712],
    [-0.0, -0.02736648, 0.00339712],
    [-0.0, -0.08936779, -0.0],
    [-0.0, -0.02736648, -0.00339712],
    [-0.0, 0.0, -0.0346444],
    [-0.0, 0.0, -0.0],
    [-0.0, 0.0, 0.0346444],
    [-0.0, 0.0, 0.07834195],
    [-0.0, 0.0, -0.0],
    [-0.0, 0.0, -0.07834195]
  ],
  "relaxed_lattice": [
    [3.87947063, 0.0, 0.0],
    [0.0, 7.78257209, 0.0],
    [0.0, 0.0, 11.6180669]
  ],
  "relaxed_basis": [
    [0.0, 0.5010986, 0.33323437],
    [0.0, 0.9989014, 0.66676563],
    [0.0, 0.48422742, 0.0],
    [0.0, 0.9989014, 0.33323437],
    [0.0, 0.5010986, 0.66676563],
    [0.0, 0.01577258, 0.0],
    [0.5, 0.25, 0.5],
    [0.5, 0.75, 0.83396467],
    [0.5, 0.75, 0.16603533],
    [0.5, 0.25, 0.83165941],
    [0.5, 0.75, 0.5],
    [0.5, 0.25, 0.16834059],
    [0.5, 0.75, 0.67126196],
    [0.5, 0.25, 0.33704],
    [0.5, 0.75, 0.0],
    [0.5, 0.25, 0.66296],
    [0.5, 0.75, 0.32873804],
    [0.5, 0.25, 0.0],
    [0.5, 0.50630513, 0.83284046],
    [0.5, 0.00566351, 0.5],
    [0.5, 0.50630513, 0.16715954],
    [0.5, 0.99369487, 0.83284046],
    [0.5, 0.49433649, 0.5],
    [0.5, 0.99369487, 0.16715954],
    [0.0, 0.75, 0.83272005],
    [0.0, 0.25, 0.5],
    [0.0, 0.75, 0.16727995],
    [0.0, 0.25, 0.83384511],
    [0.0, 0.75, 0.5],
    [0.0, 0.25, 0.16615489]
  ],
  "relaxed_energy": -220.59936725,
  "relaxed_magmom": 14.9954,
  "relaxed_mag_basis": [
    0.013,
    0.013,
    0.011,
    0.013,
    0.013,
    0.011,
    3.362,
    3.378,
    3.378,
    1.638,
    1.681,
    1.638,
    -0.037,
    -0.011,
    -0.006,
    -0.011,
    -0.037,
    -0.029,
    -0.005,
    -0.008,
    -0.005,
    -0.005,
    -0.008,
    -0.005,
    -0.056,
    -0.057,
    -0.057,
    -0.008,
    0.011,
    -0.008
  ]
}