{
  "atom_type": [
    "La",
    "Mn",
    "Ni",
    "O"
  ],
  "atoms_per_type": [
    4,
    2,
    2,
    12
  ],
  "coord_mode": "direct",
  "relaxed_forces": [
    [0.0, -0.0, -0.0],
    [0.0, -0.0, -0.0],
    [0.0, -0.0, -0.0],
    [0.0, -0.0, -0.0],
    [0.0, -0.0, -0.09952787],
    [0.0, -0.0, 0.09952787],
    [0.0, -0.0, 0.00139391],
    [0.0, -0.0, -0.00139391],
    [0.0, -0.0, -0.0],
    [0.0, -0.0, 0.06790866],
    [0.0, -0.0, -0.0],
    [-0.0, -0.0, -0.06790866],
    [0.0, 0.04116503, 0.01805699],
    [0.0, 0.04116503, -0.01805699],
    [0.0, -0.04116503, 0.01805699],
    [0.0, -0.04116503, -0.01805699],
    [0.04116503, -0.0, 0.01805699],
    [0.04116503, -0.0, -0.01805699],
    [-0.04116503, -0.0, 0.01805699],
    [-0.04116503, -0.0, -0.01805699]
  ],
  "relaxed_lattice": [
    [3.87965508, -3.87965508, 0.0],
    [3.87965508, 3.87965508, 0.0],
    [-3.87965508, 0.0, 7.75147478]
  ],
  "relaxed_basis": [
    [0.25, 0.25, 0.5],
    [0.5, 0.5, 0.0],
    [0.75, 0.75, 0.5],
    [0.0, 0.0, 0.0],
    [0.62374369, 0.12374369, 0.24748739],
    [0.87625631, 0.37625631, 0.75251261],
    [0.1254163, 0.6254163, 0.2508326],
    [0.3745837, 0.8745837, 0.7491674],
    [0.75, 0.25, 0.5],
    [0.50216419, 0.00216419, 0.00432838],
    [0.25, 0.75, 0.5],
    [0.99783581, 0.49783581, 0.99567162],
    [0.11993098, 0.13122446, 0.75115544],
    [0.86877554, 0.88006902, 0.24884456],
    [0.63122446, 0.61993098, 0.75115544],
    [0.38006902, 0.36877554, 0.24884456],
    [0.63122446, 0.13122446, 0.75115544],
    [0.38006902, 0.88006902, 0.24884456],
    [0.11993098, 0.61993098, 0.75115544],
    [0.86877554, 0.36877554, 0.24884456]
  ],
  "relaxed_energy": -147.36967212,
  "relaxed_magmom": 10.0011,
  "relaxed_mag_basis": [
    0.009,
    0.015,
    0.009,
    0.015,
    3.234,
    3.234,
    1.696,
    1.696,
    -0.012,
    -0.034,
    0.041,
    -0.034,
    -0.002,
    0.0,
    0.0,
    -0.002,
    -0.001,
    -0.001,
    -0.001,
    -0.001
  ]
}