{
  "atom_type": [
    "La",
    "Mn",
    "Ni",
    "O"
  ],
  "atoms_per_type": [
    6,
    3,
    3,
    18
  ],
  "coord_mode": "direct",
  "relaxed_forces": [
    [-0.04767998, -0.04767998, -0.04767998],
    [-0.03377955, -0.03377955, -0.03377955],
    [0.03377955, 0.03377955, 0.03377955],
    [0.04767998, 0.04767998, 0.04767998],
    [0.0038163, 0.0038163, 0.0038163],
    [-0.0038163, -0.0038163, -0.0038163],
    [0.0, 0.0, 0.0],
    [-0.00842515, -0.00842515, -0.00842515],
    [0.00842515, 0.00842515, 0.00842515],
    [-0.00612025, -0.00612025, -0.00612025],
    [0.0, 0.0, 0.0],
    [0.00612025, 0.00612025, 0.00612025],
    [0.00319631, 0.00319631, 0.0101297],
    [0.01365566, 0.01365566, 0.00798108],
    [-0.01365566, -0.01365566, -0.00798108],
    [-0.00319631, -0.00319631, -0.0101297],
    [0.02411506, 0.02411506, -0.00292162],
    [-0.02411506, -0.02411506, 0.00292162],
    [0.00319631, 0.0101297, 0.00319631],
    [0.01365566, 0.00798108, 0.01365566],
    [-0.01365566, -0.00798108, -0.01365566],
    [-0.00319631, -0.0101297, -0.00319631],
    [0.02411506, -0.00292162, 0.02411506],
    [-0.02411506, 0.00292162, -0.02411506],
    [0.0101297, 0.00319631, 0.00319631],
    [0.00798108, 0.01365566, 0.01365566],
    [-0.00798108, -0.01365566, -0.01365566],
    [-0.0101297, -0.00319631, -0.00319631],
    [-0.00292162, 0.02411506, 0.02411506],
    [0.00292162, -0.02411506, -0.02411506]
  ],
  "relaxed_lattice": [
    [3.87931258, 0.0, -3.87931258],
    [-3.87931258, 3.87931258, 0.0],
    [7.79302881, 7.79302881, 7.79302881]
  ],
  "relaxed_basis": [
    [0.6666667, 0.3333333, 0.84958018],
    [0.3333333, 0.6666667, 0.67327158],
    [0.0, 0.0, 0.49339512],
    [0.6666667, 0.3333333, 0.31708642],
    [0.3333333, 0.6666667, 0.15696746],
    [0.0, 0.0, 0.00969924],
    [0.6666667, 0.3333333, 0.5833333],
    [0.3333333, 0.6666667, 0.41639619],
    [0.0, 0.0, 0.75027051],
    [0.3333333, 0.6666667, 0.91556407],
    [0.6666667, 0.3333333, 0.0833333],
    [0.0, 0.0, 0.25110263],
    [0.6643441, 0.832172, 0.3367241],
    [0.00287708, 0.50143854, 0.50123286],
    [0.33045622, 0.16522816, 0.66543384],
    [0.6689893, 0.8344946, 0.8299425],
    [0.99930191, 0.49965095, 0.99947084],
    [0.33403139, 0.16701575, 0.16719586],
    [0.167828, 0.3356559, 0.3367241],
    [0.49856146, 0.99712292, 0.50123286],
    [0.83477184, 0.66954378, 0.66543384],
    [0.1655054, 0.3310107, 0.8299425],
    [0.50034905, 0.00069809, 0.99947084],
    [0.83298425, 0.66596861, 0.16719586],
    [0.167828, 0.832172, 0.3367241],
    [0.49856146, 0.50143854, 0.50123286],
    [0.83477184, 0.16522816, 0.66543384],
    [0.1655054, 0.8344946, 0.8299425],
    [0.50034905, 0.49965095, 0.99947084],
    [0.83298425, 0.16701575, 0.16719586]
  ],
  "relaxed_energy": -220.16323792,
  "relaxed_magmom": 14.9924,
  "relaxed_mag_basis": [
    0.013,
    0.02,
    0.02,
    0.012,
    0.005,
    0.005,
    3.634,
    3.46,
    3.46,
    1.611,
    1.534,
    1.611,
    -0.022,
    -0.029,
    -0.029,
    -0.022,
    0.026,
    0.026,
    -0.046,
    -0.047,
    -0.047,
    -0.046,
    -0.031,
    -0.031,
    -0.044,
    -0.039,
    -0.039,
    -0.044,
    -0.056,
    -0.056
  ]
}