{
  "atom_type": [
    "La",
    "Mn",
    "Ni",
    "O"
  ],
  "atoms_per_type": [
    5,
    1,
    4,
    15
  ],
  "coord_mode": "direct",
  "relaxed_forces": [
    [-0.05013441, 0.05013441, 0.05013441],
    [0.04715698, -0.04715698, -0.04715698],
    [-0.04715698, 0.04715698, 0.04715698],
    [0.05013441, -0.05013441, -0.05013441],
    [0.0, 0.0, 0.0],
    [0.0, 0.0, 0.0],
    [0.00956006, -0.00956006, -0.00956006],
    [-0.01374149, 0.01374149, 0.01374149],
    [0.01374149, -0.01374149, -0.01374149],
    [-0.00956006, 0.00956006, 0.00956006],
    [0.00977403, -0.00977403, -0.01428279],
    [-0.02446848, 0.02446848, 0.0130177],
    [0.02446848, -0.02446848, -0.0130177],
    [-0.00977403, 0.00977403, 0.01428279],
    [0.0, 0.0, 0.0],
    [0.00977403, -0.01428279, -0.00977403],
    [-0.02446848, 0.0130177, 0.02446848],
    [0.02446848, -0.0130177, -0.02446848],
    [-0.00977403, 0.01428279, 0.00977403],
    [0.0, 0.0, 0.0],
    [-0.01428279, 0.00977403, 0.00977403],
    [0.0, 0.0, 0.0],
    [0.01428279, -0.00977403, -0.00977403],
    [-0.0130177, 0.02446848, 0.02446848],
    [0.0130177, -0.02446848, -0.02446848]
  ],
  "relaxed_lattice": [
    [3.85349241, 0.0, 3.85349241],
    [3.85349241, 3.85349241, 0.0],
    [-3.86687578, 7.72036818, 7.72036818]
  ],
  "relaxed_basis": [
    [0.79888782, 0.79888782, 0.60333655],
    [0.60127998, 0.60127998, 0.19616007],
    [0.39872002, 0.39872002, 0.80383993],
    [0.20111218, 0.20111218, 0.39666345],
    [0.0, 0.0, 0.0],
    [0.5, 0.5, 0.5],
    [0.69997406, 0.69997406, 0.90007783],
    [0.90005613, 0.90005613, 0.29983161],
    [0.09994387, 0.09994387, 0.70016839],
    [0.30002594, 0.30002594, 0.09992217],
    [0.20371395, 0.69720591, 0.40187423],
    [0.40308522, 0.89806982, 0.80077514],
    [0.59691478, 0.10193018, 0.19922486],
    [0.79628605, 0.30279409, 0.59812577],
    [0.0, 0.5, 0.0],
    [0.69720591, 0.20371395, 0.40187423],
    [0.89806982, 0.40308522, 0.80077514],
    [0.10193018, 0.59691478, 0.19922486],
    [0.30279409, 0.79628605, 0.59812577],
    [0.5, 0.0, 0.0],
    [0.30279409, 0.30279409, 0.59812577],
    [0.5, 0.5, 0.0],
    [0.69720591, 0.69720591, 0.40187423],
    [0.89806982, 0.89806982, 0.80077514],
    [0.10193018, 0.10193018, 0.19922486]
  ],
  "relaxed_energy": -173.67629662,
  "relaxed_magmom": 7.9991,
  "relaxed_mag_basis": [
    0.013,
    0.009,
    0.009,
    0.013,
    0.008,
    3.242,
    1.308,
    1.56,
    1.56,
    1.308,
    -0.019,
    -0.081,
    -0.081,
    -0.019,
    -0.08,
    -0.028,
    -0.121,
    -0.121,
    -0.028,
    -0.092,
    -0.021,
    -0.086,
    -0.021,
    -0.09,
    -0.09
  ]
}