{
  "atom_type": [
    "La",
    "Mn",
    "Ni",
    "O"
  ],
  "atoms_per_type": [
    6,
    3,
    3,
    18
  ],
  "coord_mode": "direct",
  "relaxed_forces": [
    [-0.01467882, 0.01467882, 0.01038937],
    [0.01467882, -0.01467882, -0.01038937],
    [-0.00995378, 0.00995378, -0.03283942],
    [-0.02147324, 0.02147324, -0.05151771],
    [0.02147324, -0.02147324, 0.05151771],
    [0.00995378, -0.00995378, 0.03283942],
    [0.0, 0.0, -0.0],
    [-0.07517893, 0.07517893, -0.03364211],
    [0.07517893, -0.07517893, 0.03364211],
    [-0.02558799, 0.02558799, 0.07447051],
    [0.0, 0.0, -0.0],
    [0.02558799, -0.02558799, -0.07447051],
    [0.04355588, -0.04355588, 0.07961638],
    [-0.04355588, 0.04355588, -0.07961638],
    [-0.02839574, 0.02839574, 0.0245834],
    [0.0205131, -0.0205131, -0.01818963],
    [-0.0205131, 0.0205131, 0.01818963],
    [0.02839574, -0.02839574, -0.0245834],
    [-0.00279864, -0.09830546, 0.03266975],
    [0.02170287, 0.04094248, 0.02242851],
    [0.0, 0.0, -0.0],
    [-0.02170287, -0.04094248, -0.02242851],
    [0.00279864, 0.09830546, -0.03266975],
    [0.0, 0.0, -0.0],
    [0.0, 0.0, -0.0],
    [0.04094248, 0.02170287, -0.02242851],
    [-0.09830546, -0.00279864, -0.03266975],
    [0.0, 0.0, -0.0],
    [0.09830546, 0.00279864, 0.03266975],
    [-0.04094248, -0.02170287, 0.02242851]
  ],
  "relaxed_lattice": [
    [3.88404614, 3.88404614, -0.0],
    [-3.88412794, 7.76817406, -0.00267554],
    [0.00176909, 3.88227705, 7.75022055]
  ],
  "relaxed_basis": [
    [0.83881997, 0.82887719, 0.49348278],
    [0.66118003, 0.67112281, 0.00651722],
    [0.49615556, 0.51832545, 0.48936343],
    [0.32861598, 0.34090544, 0.0018625],
    [0.17138402, 0.15909456, 0.4981375],
    [0.00384444, 0.98167455, 0.01063657],
    [0.75, 0.25, 0.25],
    [0.58257608, 0.08354482, 0.75130292],
    [0.91742392, 0.41645518, 0.74869708],
    [0.08493887, 0.58033767, 0.24978448],
    [0.25, 0.75, 0.75],
    [0.41506113, 0.91966233, 0.25021552],
    [0.66743853, 0.16712063, 0.49800241],
    [0.83256147, 0.33287937, 0.00199759],
    [0.99837913, 0.49721358, 0.50602817],
    [0.16884925, 0.66502568, 0.99727593],
    [0.33115075, 0.83497432, 0.50272407],
    [0.50162087, 0.00278642, 0.99397183],
    [0.41996547, 0.92294197, 0.75026846],
    [0.58607911, 0.08833965, 0.24939242],
    [0.75, 0.25, 0.75],
    [0.91392089, 0.41166035, 0.25060758],
    [0.08003453, 0.57705803, 0.74973154],
    [0.25, 0.75, 0.25],
    [0.25, 0.25, 0.75],
    [0.42381128, 0.41166035, 0.25060758],
    [0.59317579, 0.57705803, 0.74973154],
    [0.75, 0.75, 0.25],
    [0.90682421, 0.92294197, 0.75026846],
    [0.07618872, 0.08833965, 0.24939242]
  ],
  "relaxed_energy": -220.60082265,
  "relaxed_magmom": 15.0007,
  "relaxed_mag_basis": [
    0.009,
    0.009,
    0.01,
    0.015,
    0.015,
    0.01,
    3.257,
    3.323,
    3.323,
    1.692,
    1.668,
    1.692,
    -0.023,
    -0.023,
    -0.055,
    0.018,
    0.018,
    -0.055,
    -0.037,
    -0.005,
    -0.008,
    -0.005,
    -0.037,
    0.042,
    -0.008,
    -0.005,
    -0.037,
    0.042,
    -0.037,
    -0.005
  ]
}