{
  "atom_type": [
    "La",
    "Mn",
    "Ni",
    "O"
  ],
  "atoms_per_type": [
    4,
    3,
    1,
    12
  ],
  "coord_mode": "direct",
  "relaxed_forces": [
    [0.0, 0.04538899, -0.04538899],
    [-0.0, -0.0, 0.0],
    [-0.0, -0.04538899, 0.04538899],
    [-0.0, -0.0, 0.0],
    [-0.0, 0.02087777, -0.02087777],
    [-0.0, -0.0, -0.0],
    [0.0, -0.02087777, 0.02087777],
    [-0.0, -0.0, 0.0],
    [-0.0, 0.01688305, -0.05070836],
    [-0.0, -0.01688305, 0.05070836],
    [-0.0, 0.00509397, 0.00218312],
    [-0.0, -0.00509397, -0.00218312],
    [-0.0, 0.00218312, 0.00509397],
    [-0.0, 0.05070836, -0.01688305],
    [-0.0, -0.05070836, 0.01688305],
    [-0.0, -0.00218312, -0.00509397],
    [-0.0, -0.04038173, 0.04038173],
    [-0.0, -0.0, 0.0],
    [-0.0, 0.04038173, -0.04038173],
    [-0.0, -0.0, 0.0]
  ],
  "relaxed_lattice": [
    [3.91000088, 0.0, 0.0],
    [0.0, 3.92000322, 3.92000322],
    [0.0, -7.83388727, 7.83388727]
  ],
  "relaxed_basis": [
    [0.0, 0.5, 0.23768086],
    [0.0, 0.0, 0.5],
    [0.0, 0.5, 0.76231914],
    [0.0, 0.0, 0.0],
    [0.5, 0.0, 0.25036566],
    [0.5, 0.5, 0.5],
    [0.5, 0.0, 0.74963434],
    [0.5, 0.5, 0.0],
    [0.5, 0.75654441, 0.62643437],
    [0.5, 0.24345559, 0.37356563],
    [0.5, 0.75366572, 0.1280021],
    [0.5, 0.24633428, 0.8719979],
    [0.5, 0.75366572, 0.8719979],
    [0.5, 0.24345559, 0.62643437],
    [0.5, 0.75654441, 0.37356563],
    [0.5, 0.24633428, 0.1280021],
    [0.0, 0.0, 0.75008533],
    [0.0, 0.5, 0.5],
    [0.0, 0.0, 0.24991467],
    [0.0, 0.5, 0.0]
  ],
  "relaxed_energy": -153.00452152,
  "relaxed_magmom": 13.0011,
  "relaxed_mag_basis": [
    0.015,
    0.022,
    0.015,
    0.011,
    3.592,
    3.967,
    3.593,
    1.723,
    -0.03,
    -0.03,
    -0.001,
    -0.001,
    -0.001,
    -0.03,
    -0.03,
    -0.001,
    -0.042,
    -0.044,
    -0.042,
    0.032
  ]
}