{
  "atom_type": [
    "La",
    "Mn",
    "Ni",
    "O"
  ],
  "atoms_per_type": [
    6,
    2,
    4,
    18
  ],
  "coord_mode": "direct",
  "relaxed_forces": [
    [0.0160275, -0.0160275, 0.02728384],
    [0.00118214, -0.00118214, 0.00058196],
    [-0.0162826, 0.0162826, -0.02777309],
    [-0.00599086, 0.00599086, -0.03919623],
    [0.00093754, -0.00093754, -0.00178436],
    [0.00906798, -0.00906798, 0.04073411],
    [0.007707, -0.007707, -0.01814106],
    [-0.00747392, 0.00747392, 0.0185234],
    [-0.01131346, 0.01131346, 0.0119986],
    [-0.01151252, 0.01151252, 0.00222459],
    [0.01223709, -0.01223709, -0.01283479],
    [0.01206709, -0.01206709, -0.00240305],
    [0.0004714, -0.0004714, 0.00048124],
    [-0.01109963, 0.01109963, -0.00197062],
    [-0.04246129, 0.04246129, 0.02155235],
    [0.00058249, -0.00058249, 0.00067946],
    [0.04107363, -0.04107363, -0.02126524],
    [0.00654197, -0.00654197, 0.0032814],
    [-0.00152655, -0.01601952, 0.01808122],
    [0.01234208, 0.00227947, 0.02684959],
    [-0.01259908, -0.00266249, -0.02240851],
    [0.00110936, 0.01531697, -0.01737641],
    [0.00052009, 0.01272479, -0.01933333],
    [-0.00186981, -0.01190158, 0.0132012],
    [0.00266249, 0.01259908, -0.02240851],
    [-0.01531697, -0.00110936, -0.01737641],
    [-0.01272479, -0.00052009, -0.01933333],
    [0.01190159, 0.00186981, 0.0132012],
    [0.01601952, 0.00152655, 0.01808122],
    [-0.00227947, -0.01234208, 0.02684959]
  ],
  "relaxed_lattice": [
    [3.86788988, 3.86788988, -0.0],
    [-3.88061496, 7.74850483, -0.00421604],
    [-0.00142505, 3.86931493, 7.71637439]
  ],
  "relaxed_basis": [
    [0.8383769, 0.82232717, 0.50091893],
    [0.66666775, 0.66666774, 0.99999686],
    [0.49495926, 0.51100662, 0.49907486],
    [0.33186983, 0.34135382, 0.99490642],
    [0.16666969, 0.16666375, 0.49999698],
    [0.00146778, 0.99196069, 0.00510375],
    [0.75069376, 0.24935594, 0.24925654],
    [0.58264295, 0.08397107, 0.75074293],
    [0.08418102, 0.58225926, 0.24937859],
    [0.91765969, 0.41471563, 0.74996509],
    [0.24915318, 0.75107443, 0.75061922],
    [0.41567504, 0.91861752, 0.2500325],
    [0.66666688, 0.16666055, 0.50000579],
    [0.83167188, 0.33125587, 0.00540028],
    [0.00092811, 0.50107929, 0.49706448],
    [0.16666812, 0.66665902, 4.85e-06],
    [0.33239314, 0.83227408, 0.50293955],
    [0.50165371, 0.00209183, 0.99460075],
    [0.41838687, 0.9206079, 0.75027572],
    [0.585378, 0.08635379, 0.25006057],
    [0.74794866, 0.24696569, 0.74995215],
    [0.9149419, 0.41272587, 0.24972718],
    [0.08275427, 0.58286395, 0.75056523],
    [0.25057422, 0.75048566, 0.24941498],
    [0.25513349, 0.24696569, 0.74995215],
    [0.42260516, 0.41272587, 0.24972718],
    [0.58381646, 0.58286395, 0.75056523],
    [0.74952514, 0.75048566, 0.24941498],
    [0.91072961, 0.9206079, 0.75027572],
    [0.07820753, 0.08635379, 0.25006057]
  ],
  "relaxed_energy": -213.92342802,
  "relaxed_magmom": 12.0028,
  "relaxed_mag_basis": [
    0.009,
    0.01,
    0.009,
    0.013,
    0.014,
    0.013,
    3.263,
    3.263,
    1.49,
    1.568,
    1.49,
    1.568,
    -0.014,
    -0.041,
    -0.078,
    -0.069,
    -0.078,
    -0.041,
    -0.022,
    -0.023,
    -0.023,
    -0.022,
    -0.067,
    -0.067,
    -0.023,
    -0.021,
    -0.063,
    -0.063,
    -0.021,
    -0.023
  ]
}