{
  "atom_type": [
    "La",
    "Mn",
    "Ni",
    "O"
  ],
  "atoms_per_type": [
    6,
    4,
    2,
    18
  ],
  "coord_mode": "direct",
  "relaxed_forces": [
    [0.04642271, 0.07051862, -0.04642271],
    [-0.0, 0.0, 0.0],
    [-0.04642271, -0.07051862, 0.04642271],
    [0.04642271, -0.07051862, -0.04642271],
    [-0.0, 0.0, 0.0],
    [-0.04642271, 0.07051862, 0.04642271],
    [-0.05446033, 0.0, 0.05446033],
    [-0.02064625, 0.0, 0.02064625],
    [0.05446033, 0.0, -0.05446033],
    [0.02064625, 0.0, -0.02064625],
    [-0.02090283, 0.0, 0.02090283],
    [0.02090283, 0.0, -0.02090283],
    [0.00650113, 0.0, -0.00194874],
    [0.03150787, 0.0, 0.00120471],
    [0.02540425, 0.0, 0.00597168],
    [-0.02540425, 0.0, -0.00597168],
    [-0.03150787, 0.0, -0.00120471],
    [-0.00650113, 0.0, 0.00194874],
    [-0.0, 0.0, 0.0],
    [0.01534273, -0.04515441, -0.01534273],
    [-0.01534273, -0.04515441, 0.01534273],
    [-0.0, 0.0, 0.0],
    [0.01534273, 0.04515441, -0.01534273],
    [-0.01534273, 0.04515441, 0.01534273],
    [-0.00597168, 0.0, -0.02540425],
    [0.00597168, 0.0, 0.02540425],
    [0.00120471, 0.0, 0.03150787],
    [-0.00194874, 0.0, 0.00650113],
    [0.00194874, 0.0, -0.00650113],
    [-0.00120471, 0.0, -0.03150787]
  ],
  "relaxed_lattice": [
    [3.90120734, 0.0, 3.90120734],
    [0.0, -7.80258128, 0.0],
    [3.89781669, 0.0, -7.79902402]
  ],
  "relaxed_basis": [
    [0.33520549, 0.49719216, 0.67041108],
    [0.6666667, 0.0, 0.3333333],
    [0.99812781, 0.50280784, 0.99625562],
    [0.33520549, 0.00280784, 0.67041108],
    [0.6666667, 0.5, 0.3333333],
    [0.99812781, 0.99719216, 0.99625562],
    [0.83372453, 0.75, 0.66744915],
    [0.16743101, 0.25, 0.33486192],
    [0.49960877, 0.25, 0.99921755],
    [0.16590239, 0.75, 0.33180468],
    [0.83311546, 0.25, 0.66623101],
    [0.50021784, 0.75, 0.00043569],
    [0.00070458, 0.25, 0.49844871],
    [0.66814451, 0.75, 0.83210121],
    [0.33382394, 0.25, 0.1670568],
    [0.99950936, 0.75, 0.4996099],
    [0.66518889, 0.25, 0.83456539],
    [0.33262872, 0.75, 0.16821799],
    [0.1666667, 0.5, 0.3333333],
    [0.83311216, 0.99441076, 0.66622442],
    [0.50022114, 0.49441076, 0.00044228],
    [0.1666667, 0.0, 0.3333333],
    [0.83311216, 0.50558924, 0.66622442],
    [0.50022114, 0.00558924, 0.00044228],
    [0.83323276, 0.25, 0.1670568],
    [0.50010054, 0.75, 0.4996099],
    [0.1693766, 0.25, 0.83456539],
    [0.83558917, 0.75, 0.16821799],
    [0.49774413, 0.25, 0.49844871],
    [0.1639568, 0.75, 0.83210121]
  ],
  "relaxed_energy": -226.63214955,
  "relaxed_magmom": 18.0003,
  "relaxed_mag_basis": [
    0.015,
    0.017,
    0.015,
    0.015,
    0.017,
    0.015,
    3.535,
    3.721,
    3.535,
    3.721,
    1.678,
    1.679,
    -0.014,
    -0.013,
    -0.031,
    -0.031,
    -0.013,
    -0.013,
    -0.03,
    -0.005,
    -0.005,
    -0.03,
    -0.005,
    -0.005,
    -0.033,
    -0.033,
    -0.012,
    -0.013,
    -0.013,
    -0.012
  ]
}