{
  "atom_type": [
    "La",
    "Mn",
    "Ni",
    "O"
  ],
  "atoms_per_type": [
    6,
    4,
    2,
    18
  ],
  "coord_mode": "direct",
  "relaxed_forces": [
    [0.08988121, -0.08988121, -0.05517624],
    [0.00245824, -0.00245824, -0.01141548],
    [-0.0, -0.0, 0.0],
    [-0.00245824, 0.00245824, 0.01141548],
    [-0.08988121, 0.08988121, 0.05517624],
    [-0.0, -0.0, 0.0],
    [-0.0, -0.0, 0.0],
    [0.03969637, -0.03969637, 0.03542254],
    [-0.03969637, 0.03969637, -0.03542254],
    [-0.0, -0.0, 0.0],
    [0.00883047, -0.00883047, -0.04021017],
    [-0.00883047, 0.00883047, 0.04021017],
    [-0.05473349, 0.05473349, -0.06884075],
    [0.01840821, -0.01840821, 0.02464032],
    [-0.0, -0.0, 0.0],
    [-0.01840821, 0.01840821, -0.02464032],
    [0.05473349, -0.05473349, 0.06884075],
    [-0.0, -0.0, 0.0],
    [-0.01390733, 0.07505133, -0.00109219],
    [0.01390733, -0.07505133, 0.00109219],
    [0.03191263, 0.00442325, -0.00330676],
    [-0.00227826, -0.01294213, -0.01262217],
    [0.00227826, 0.01294213, 0.01262217],
    [-0.03191263, -0.00442325, 0.00330676],
    [0.00442325, 0.03191263, 0.00330676],
    [-0.07505133, 0.01390733, -0.00109219],
    [0.07505133, -0.01390733, 0.00109219],
    [-0.00442325, -0.03191263, -0.00330676],
    [0.01294213, 0.00227826, -0.01262217],
    [-0.01294213, -0.00227826, 0.01262217]
  ],
  "relaxed_lattice": [
    [3.89509294, 3.89509294, 0.0],
    [-3.8943421, 3.8943421, 3.90178641],
    [3.89557304, -3.89557304, 7.80602419]
  ],
  "relaxed_basis": [
    [0.5, 0.32599852, 0.84010973],
    [0.0, 0.6708529, 0.67182001],
    [0.5, 0.0, 0.5],
    [0.0, 0.3291471, 0.32817999],
    [0.5, 0.67400148, 0.15989027],
    [0.0, 0.0, 0.0],
    [0.5, 0.5, 0.5],
    [0.0, 0.83446811, 0.33317466],
    [0.0, 0.16553189, 0.66682534],
    [0.0, 0.5, 0.0],
    [0.5, 0.83229617, 0.8324008],
    [0.5, 0.16770383, 0.1675992],
    [0.0, 0.66726995, 0.16605763],
    [0.5, 0.33628391, 0.33810185],
    [0.0, 0.0, 0.5],
    [0.5, 0.66371609, 0.66189815],
    [0.0, 0.33273005, 0.83394237],
    [0.5, 0.0, 0.0],
    [0.75407191, 0.67030085, 0.41544191],
    [0.24592809, 0.32969915, 0.58455809],
    [0.75471993, 0.00130937, 0.74751554],
    [0.24465904, 0.66214299, 0.9175723],
    [0.75534096, 0.33785701, 0.0824277],
    [0.24528007, 0.99869063, 0.25248446],
    [0.75471993, 0.99869063, 0.25248446],
    [0.24592809, 0.67030085, 0.41544191],
    [0.75407191, 0.32969915, 0.58455809],
    [0.24528007, 0.00130937, 0.74751554],
    [0.75534096, 0.66214299, 0.9175723],
    [0.24465904, 0.33785701, 0.0824277]
  ],
  "relaxed_energy": -226.7808697,
  "relaxed_magmom": 18.0014,
  "relaxed_mag_basis": [
    0.014,
    0.017,
    0.017,
    0.017,
    0.013,
    0.011,
    3.729,
    3.562,
    3.562,
    3.461,
    1.711,
    1.711,
    -0.036,
    -0.009,
    -0.044,
    -0.009,
    -0.036,
    0.041,
    -0.014,
    -0.014,
    0.001,
    -0.001,
    -0.001,
    0.001,
    -0.006,
    -0.02,
    -0.02,
    -0.006,
    -0.001,
    -0.001
  ]
}