{
  "atom_type": [
    "La",
    "Mn",
    "Ni",
    "O"
  ],
  "atoms_per_type": [
    6,
    5,
    1,
    18
  ],
  "coord_mode": "direct",
  "relaxed_forces": [
    [0.0, -0.00468377, 0.05544638],
    [0.0, 0.03232609, -0.04123142],
    [0.0, 0.03707595, 0.08563045],
    [0.0, -0.03707595, -0.08563045],
    [0.0, -0.03232609, 0.04123142],
    [0.0, 0.00468377, -0.05544638],
    [0.0, 0.00744818, -0.02017825],
    [0.0, -0.01063686, -0.01165286],
    [0.0, 0.0, 0.0],
    [0.0, -0.00744818, 0.02017825],
    [0.0, 0.01063686, 0.01165286],
    [0.0, 0.0, 0.0],
    [0.0, -0.00049979, 0.01323448],
    [0.0, -0.02210258, -0.09119949],
    [0.0, -0.02452636, 0.13498106],
    [0.0, 0.02452636, -0.13498106],
    [0.0, 0.02210258, 0.09119949],
    [0.0, 0.00049979, -0.01323448],
    [0.0, -0.01664021, 0.01911202],
    [0.0, 0.0, 0.0],
    [0.0, 0.01664021, -0.01911202],
    [0.0, 0.1014935, -0.00424112],
    [0.0, 0.0, 0.0],
    [0.0, -0.1014935, 0.00424112],
    [0.0, -0.05137056, -0.07866434],
    [0.0, 0.05806208, 0.0011618],
    [0.0, 0.0, 0.0],
    [0.0, -0.05806208, -0.0011618],
    [0.0, 0.05137056, 0.07866434],
    [0.0, 0.0, -0.0]
  ],
  "relaxed_lattice": [
    [-3.91469245, 0.0, 0.0],
    [0.0, 3.93207126, 7.84348293],
    [0.0, 7.86805074, -7.84543685]
  ],
  "relaxed_basis": [
    [0.0, 0.65443066, 0.16241759],
    [0.0, 0.33329148, 0.32386377],
    [0.0, 0.00323516, 0.49929215],
    [0.0, 0.66343154, 0.66737455],
    [0.0, 0.33337512, 0.84280283],
    [0.0, 0.01223604, 0.00424911],
    [0.5, 0.99909274, 0.74953265],
    [0.5, 0.6680012, 0.91688112],
    [0.5, 0.3333333, 0.5833333],
    [0.5, 0.66757396, 0.41713405],
    [0.5, 0.9986655, 0.24978558],
    [0.5, 0.3333333, 0.0833333],
    [0.5, 0.50268625, 0.99880427],
    [0.5, 0.82966982, 0.83287531],
    [0.5, 0.1660213, 0.66488165],
    [0.5, 0.5006454, 0.50178505],
    [0.5, 0.83699678, 0.33379129],
    [0.5, 0.16398045, 0.16786243],
    [0.5, 0.5004083, 0.74872216],
    [0.5, 0.8333333, 0.5833333],
    [0.5, 0.1662584, 0.41794454],
    [0.5, 0.50149273, 0.25145747],
    [0.5, 0.8333333, 0.0833333],
    [0.5, 0.16517397, 0.91520923],
    [0.0, 0.6649559, 0.91611107],
    [0.0, 0.99866718, 0.74950553],
    [0.0, 0.3333333, 0.5833333],
    [0.0, 0.66799952, 0.41716117],
    [0.0, 0.0017108, 0.25055563],
    [0.0, 0.3333333, 0.0833333]
  ],
  "relaxed_energy": -232.27766137,
  "relaxed_magmom": 21.0005,
  "relaxed_mag_basis": [
    0.016,
    0.015,
    0.022,
    0.022,
    0.015,
    0.016,
    3.863,
    3.78,
    3.794,
    3.863,
    3.78,
    1.715,
    -0.002,
    -0.031,
    -0.031,
    -0.031,
    -0.031,
    -0.002,
    -0.024,
    -0.041,
    -0.024,
    -0.002,
    -0.033,
    -0.002,
    -0.035,
    -0.037,
    -0.037,
    -0.037,
    -0.035,
    0.034
  ]
}