{
  "atom_type": [
    "La",
    "Mn",
    "Ni",
    "O"
  ],
  "atoms_per_type": [
    4,
    3,
    1,
    12
  ],
  "coord_mode": "direct",
  "relaxed_forces": [
    [-0.0, -0.04342033, 0.03586469],
    [-0.0, 0.04342033, -0.03586469],
    [-0.0, -0.04342033, -0.03586469],
    [-0.0, 0.04342033, 0.03586469],
    [-0.0, 0.09305858, -0.0],
    [-0.0, 0.0, 0.0],
    [-0.0, -0.09305858, 0.0],
    [-0.0, 0.0, 0.0],
    [-0.0, 0.0, 0.0],
    [-0.0, -0.0, -0.06323742],
    [-0.0, 0.0, 0.0],
    [-0.0, 0.0, 0.06323742],
    [-0.0, 0.08262588, -0.0],
    [-0.0, -0.08262588, 0.0],
    [-0.0, 0.01492236, -0.0],
    [-0.0, -0.01492236, 0.0],
    [-0.0, 0.10457602, -0.0],
    [-0.0, 0.0, 0.0],
    [0.0, -0.10457602, 0.0],
    [-0.0, 0.0, 0.0]
  ],
  "relaxed_lattice": [
    [-3.90404279, 0.0, 0.0],
    [0.0, 0.0, 7.80081962],
    [0.0, 7.81686235, -3.90040981]
  ],
  "relaxed_basis": [
    [0.0, 0.25458764, 0.49425068],
    [0.0, 0.49541236, 0.00574932],
    [0.0, 0.73966304, 0.49425068],
    [0.0, 0.01033696, 0.00574932],
    [0.5, 0.62533781, 0.75067563],
    [0.5, 0.875, 0.25],
    [0.5, 0.12466219, 0.74932437],
    [0.5, 0.375, 0.25],
    [0.5, 0.875, 0.75],
    [0.5, 0.63149552, 0.25],
    [0.5, 0.375, 0.75],
    [0.5, 0.11850448, 0.25],
    [0.5, 0.00221808, 0.50443615],
    [0.5, 0.74778192, 0.99556385],
    [0.5, 0.50222643, 0.50445285],
    [0.5, 0.24777357, 0.99554715],
    [0.0, 0.12554741, 0.75109482],
    [0.0, 0.875, 0.25],
    [0.0, 0.62445259, 0.74890518],
    [0.0, 0.375, 0.25]
  ],
  "relaxed_energy": -153.01662403,
  "relaxed_magmom": 13.0005,
  "relaxed_mag_basis": [
    0.016,
    0.016,
    0.016,
    0.016,
    3.688,
    3.713,
    3.688,
    1.732,
    -0.035,
    -0.001,
    -0.03,
    -0.001,
    -0.026,
    -0.026,
    0.001,
    0.001,
    -0.031,
    -0.023,
    -0.031,
    0.043
  ]
}