{
  "atom_type": [
    "La",
    "Mn",
    "Ni",
    "O"
  ],
  "atoms_per_type": [
    3,
    1,
    2,
    9
  ],
  "coord_mode": "direct",
  "relaxed_forces": [
    [-0.0, -0.0, 0.08105035],
    [-0.0, -0.0, -0.0],
    [0.0, 0.0, -0.08105035],
    [-0.0, 0.0, -0.0],
    [-0.0, -0.0, -0.00727482],
    [-0.0, 0.0, 0.00727482],
    [-0.0, -0.0, -0.01382569],
    [-0.0, -0.0, 0.01382569],
    [-0.0, -0.0, -0.0],
    [-0.0, 0.0, -0.01382569],
    [-0.0, 0.0, 0.01382569],
    [0.0, 0.0, -0.0],
    [-0.0, -0.0, 0.00416598],
    [-0.0, -0.0, -0.0],
    [-0.0, 0.0, -0.00416598]
  ],
  "relaxed_lattice": [
    [3.86671945, 0.0, 0.0],
    [0.0, 3.86671945, 0.0],
    [0.0, 0.0, 11.64435053]
  ],
  "relaxed_basis": [
    [0.0, 0.0, 0.0090458],
    [0.0, 0.0, 0.3333333],
    [0.0, 0.0, 0.6576209],
    [0.5, 0.5, 0.8333333],
    [0.5, 0.5, 0.16722095],
    [0.5, 0.5, 0.49944575],
    [0.0, 0.5, 0.16492025],
    [0.0, 0.5, 0.50174645],
    [0.0, 0.5, 0.8333333],
    [0.5, 0.0, 0.16492025],
    [0.5, 0.0, 0.50174645],
    [0.5, 0.0, 0.8333333],
    [0.5, 0.5, 0.99689102],
    [0.5, 0.5, 0.3333333],
    [0.5, 0.5, 0.66977568]
  ],
  "relaxed_energy": -106.77203075,
  "relaxed_magmom": 5.9937,
  "relaxed_mag_basis": [
    0.013,
    0.005,
    0.013,
    3.468,
    1.478,
    1.478,
    -0.086,
    -0.086,
    -0.04,
    -0.03,
    -0.03,
    -0.066,
    -0.025,
    -0.089,
    -0.025
  ]
}