{
  "atom_type": [
    "La",
    "Mn",
    "Ni",
    "O"
  ],
  "atoms_per_type": [
    6,
    4,
    2,
    18
  ],
  "coord_mode": "direct",
  "relaxed_forces": [
    [-0.0, 0.00637704, -0.13460204],
    [0.0, 0.00637704, 0.13460204],
    [0.0, -0.0, 0.0],
    [0.0, -0.00637704, -0.13460204],
    [0.0, -0.00637704, 0.13460204],
    [0.0, -0.0, 0.0],
    [0.0, -0.0, 0.0],
    [0.0, -0.0, 0.09186903],
    [0.0, 0.0, -0.09186903],
    [0.0, -0.0, 0.0],
    [0.0, -0.0, 0.04946682],
    [0.0, 0.0, -0.04946682],
    [0.0, 0.0, -0.13353485],
    [0.0, -0.0, 0.13353485],
    [0.0, -0.0, 0.03506434],
    [0.0, 0.0, -0.05940412],
    [0.0, -0.0, 0.05940412],
    [0.0, 0.0, -0.03506434],
    [0.0, -0.04431575, -0.02129051],
    [0.0, -0.07095309, -0.0],
    [0.0, -0.04431575, 0.02129051],
    [0.0, 0.04431575, -0.02129051],
    [0.0, 0.07095309, 0.0],
    [0.0, 0.04431575, 0.02129051],
    [-0.0, -0.0, 0.01433843],
    [0.0, -0.0, 0.0],
    [0.0, 0.0, -0.01433843],
    [0.0, 0.0, -0.10159944],
    [0.0, -0.0, 0.0],
    [0.0, -0.0, 0.10159944]
  ],
  "relaxed_lattice": [
    [3.90309556, 0.0, 0.0],
    [0.0, 7.79610283, 0.0],
    [0.0, -3.89805142, 11.70299603]
  ],
  "relaxed_basis": [
    [0.0, 0.17111834, 0.32789072],
    [0.0, 0.34322753, 0.67210928],
    [0.0, 0.5, 0.0],
    [0.0, 0.65677247, 0.32789072],
    [0.0, 0.82888166, 0.67210928],
    [0.0, 0.0, 0.0],
    [0.5, 0.0, 0.5],
    [0.5, 0.16662401, 0.83324792],
    [0.5, 0.83337599, 0.16675208],
    [0.5, 0.5, 0.5],
    [0.5, 0.66705075, 0.83410139],
    [0.5, 0.33294925, 0.16589861],
    [0.5, 0.08473681, 0.66947371],
    [0.5, 0.91526319, 0.33052629],
    [0.5, 0.75177412, 0.00354823],
    [0.5, 0.58126496, 0.66253001],
    [0.5, 0.41873504, 0.33746999],
    [0.5, 0.24822588, 0.99645177],
    [0.5, 0.92259428, 0.83238344],
    [0.5, 0.74965365, 0.5],
    [0.5, 0.59021073, 0.16761656],
    [0.5, 0.40978927, 0.83238344],
    [0.5, 0.25034635, 0.5],
    [0.5, 0.07740572, 0.16761656],
    [0.0, 0.16630313, 0.83260615],
    [0.0, 0.0, 0.5],
    [0.0, 0.83369687, 0.16739385],
    [0.0, 0.66567068, 0.83134125],
    [0.0, 0.5, 0.5],
    [0.0, 0.33432932, 0.16865875]
  ],
  "relaxed_energy": -226.69074108,
  "relaxed_magmom": 18.002,
  "relaxed_mag_basis": [
    0.017,
    0.017,
    0.012,
    0.017,
    0.017,
    0.012,
    3.816,
    3.494,
    3.494,
    3.578,
    1.725,
    1.725,
    -0.028,
    -0.028,
    -0.003,
    -0.005,
    -0.005,
    -0.003,
    -0.001,
    -0.036,
    -0.001,
    -0.001,
    -0.036,
    -0.001,
    -0.048,
    -0.048,
    -0.048,
    0.034,
    -0.04,
    0.034
  ]
}