{
  "atom_type": [
    "La",
    "Mn",
    "Ni",
    "O"
  ],
  "atoms_per_type": [
    6,
    3,
    3,
    18
  ],
  "coord_mode": "direct",
  "relaxed_forces": [
    [0.0, -0.0, 0.02344781],
    [0.0, 0.0, -0.02344781],
    [0.0, 0.0, 0.0],
    [0.0, 0.0, 0.02344781],
    [-0.0, -0.0, -0.02344781],
    [0.0, 0.0, 0.0],
    [0.0, 0.0, 0.0],
    [0.0, 0.0, 0.04237569],
    [0.0, 0.0, -0.04237569],
    [0.0, 0.0, 0.01553503],
    [0.0, 0.0, 0.0],
    [0.0, 0.0, -0.01553503],
    [0.0, -0.0, -0.00790036],
    [0.0, 0.0, 0.00790036],
    [0.0, 0.0, 0.01212527],
    [-0.0, 0.0, 0.02010828],
    [0.0, 0.0, -0.02010828],
    [0.0, 0.0, -0.01212527],
    [0.0, 0.00127624, 0.04244213],
    [0.0, 0.01158494, 0.0],
    [0.0, 0.00127624, -0.04244213],
    [0.0, -0.00127624, 0.04244213],
    [0.0, -0.01158494, 0.0],
    [0.0, -0.00127624, -0.04244213],
    [0.00127624, 0.0, 0.04244213],
    [0.01158494, 0.0, 0.0],
    [0.00127624, 0.0, -0.04244213],
    [-0.00127624, 0.0, 0.04244213],
    [-0.01158494, 0.0, 0.0],
    [-0.00127624, -0.0, -0.04244213]
  ],
  "relaxed_lattice": [
    [3.878849, -3.878849, 0.0],
    [3.878849, 3.878849, 0.0],
    [-3.878849, 0.0, 11.62177815]
  ],
  "relaxed_basis": [
    [0.16702881, 0.16702881, 0.33405752],
    [0.33297119, 0.33297119, 0.66594248],
    [0.5, 0.5, 0.0],
    [0.66702881, 0.66702881, 0.33405752],
    [0.83297119, 0.83297119, 0.66594248],
    [0.0, 0.0, 0.0],
    [0.75, 0.25, 0.5],
    [0.91778983, 0.41778983, 0.83557957],
    [0.58221017, 0.08221017, 0.16442043],
    [0.41622945, 0.91622945, 0.8324588],
    [0.25, 0.75, 0.5],
    [0.08377055, 0.58377055, 0.1675412],
    [0.83314168, 0.33314168, 0.66628345],
    [0.66685832, 0.16685832, 0.33371655],
    [0.50137892, 0.00137892, 0.00275785],
    [0.33342188, 0.83342188, 0.66684386],
    [0.16657812, 0.66657812, 0.33315614],
    [0.99862108, 0.49862108, 0.99724215],
    [0.16128791, 0.172935, 0.83422281],
    [0.99319398, 0.00680602, 0.5],
    [0.827065, 0.83871209, 0.16577719],
    [0.672935, 0.66128791, 0.83422281],
    [0.50680602, 0.49319398, 0.5],
    [0.33871209, 0.327065, 0.16577719],
    [0.672935, 0.172935, 0.83422281],
    [0.50680602, 0.00680602, 0.5],
    [0.33871209, 0.83871209, 0.16577719],
    [0.16128791, 0.66128791, 0.83422281],
    [0.99319398, 0.49319398, 0.5],
    [0.827065, 0.327065, 0.16577719]
  ],
  "relaxed_energy": -220.86534939,
  "relaxed_magmom": 14.9981,
  "relaxed_mag_basis": [
    0.011,
    0.011,
    0.017,
    0.011,
    0.011,
    0.017,
    3.233,
    3.24,
    3.239,
    1.687,
    1.723,
    1.687,
    -0.027,
    -0.027,
    -0.045,
    0.035,
    0.035,
    -0.045,
    -0.003,
    0.003,
    -0.004,
    -0.004,
    0.003,
    -0.003,
    -0.004,
    0.003,
    -0.003,
    -0.003,
    0.003,
    -0.004
  ]
}