{
  "atom_type": [
    "La",
    "Mn",
    "Ni",
    "O"
  ],
  "atoms_per_type": [
    3,
    2,
    1,
    9
  ],
  "coord_mode": "direct",
  "relaxed_forces": [
    [-0.10389416, 0.10389416, 0.10389416],
    [0.10389416, -0.10389416, -0.10389416],
    [-0.0, 0.0, 0.0],
    [-0.06718641, 0.06718641, 0.06718641],
    [0.06718641, -0.06718641, -0.06718641],
    [-0.0, 0.0, 0.0],
    [0.01457253, -0.00124025, -0.00124025],
    [-0.0, 0.0, 0.0],
    [-0.01457253, 0.00124025, 0.00124025],
    [-0.00124025, 0.01457253, 0.00124025],
    [0.00124025, -0.01457253, -0.00124025],
    [-0.0, 0.0, 0.0],
    [-0.00124025, 0.00124025, 0.01457253],
    [0.00124025, -0.00124025, -0.01457253],
    [-0.0, 0.0, 0.0]
  ],
  "relaxed_lattice": [
    [-3.89939328, 0.0, -3.89939328],
    [0.0, -3.89939328, 3.89939328],
    [-3.90039533, 3.90039533, 3.90039533]
  ],
  "relaxed_basis": [
    [0.0, 0.0, 0.00395517],
    [0.6666667, 0.3333333, 0.32937813],
    [0.3333333, 0.6666667, 0.6666667],
    [0.0, 0.0, 0.4976368],
    [0.6666667, 0.3333333, 0.8356965],
    [0.3333333, 0.6666667, 0.1666667],
    [0.66915835, 0.83457913, 0.33521529],
    [0.3333333, 0.1666667, 0.6666667],
    [0.99750835, 0.49875417, 0.99811801],
    [0.50124583, 0.00249165, 0.99811801],
    [0.16542087, 0.33084165, 0.33521529],
    [0.8333333, 0.6666667, 0.6666667],
    [0.50124583, 0.49875417, 0.99811801],
    [0.16542087, 0.83457913, 0.33521529],
    [0.8333333, 0.1666667, 0.6666667]
  ],
  "relaxed_energy": -113.24524805,
  "relaxed_magmom": 9.0003,
  "relaxed_mag_basis": [
    0.015,
    0.015,
    0.016,
    3.661,
    3.661,
    1.659,
    0.004,
    -0.032,
    0.004,
    -0.026,
    -0.025,
    -0.031,
    -0.029,
    -0.03,
    -0.034
  ]
}