{
  "atom_type": [
    "La",
    "Mn",
    "Ni",
    "O"
  ],
  "atoms_per_type": [
    6,
    5,
    1,
    18
  ],
  "coord_mode": "direct",
  "relaxed_forces": [
    [0.01306262, -0.01306262, -0.08669494],
    [-0.05129029, 0.05129029, 0.00527833],
    [-0.06415917, 0.06415917, -0.00514808],
    [0.06415917, -0.06415917, 0.00514808],
    [0.05129029, -0.05129029, -0.00527833],
    [-0.01306262, 0.01306262, 0.08669494],
    [-0.11333004, 0.11333004, 0.00449273],
    [-0.01162207, 0.01162207, 0.01209822],
    [0.0, 0.0, -0.0],
    [0.11333004, -0.11333004, -0.00449273],
    [0.01162207, -0.01162207, -0.01209822],
    [0.0, 0.0, -0.0],
    [0.00931052, -0.00931052, 0.02411365],
    [0.00726799, -0.00726799, -0.04777777],
    [-0.00726799, 0.00726799, 0.04777777],
    [-0.00931052, 0.00931052, -0.02411365],
    [-0.0025102, 0.0025102, -0.02720791],
    [0.0025102, -0.0025102, 0.02720791],
    [0.0, 0.0, -0.0],
    [0.01255202, -0.05834006, 0.01596635],
    [-0.01299749, -0.01267275, 0.04735228],
    [0.0, 0.0, -0.0],
    [0.01299749, 0.01267275, -0.04735228],
    [-0.01255202, 0.05834006, -0.01596635],
    [0.01267275, 0.01299749, 0.04735228],
    [0.0, 0.0, -0.0],
    [-0.01267275, -0.01299749, -0.04735228],
    [-0.05834006, 0.01255202, -0.01596635],
    [0.0, 0.0, -0.0],
    [0.05834006, -0.01255202, 0.01596635]
  ],
  "relaxed_lattice": [
    [3.90702691, 3.90702691, -0.0],
    [-3.9089302, 7.81595709, -0.00078939],
    [-0.00010941, 3.90713632, 7.85893424]
  ],
  "relaxed_basis": [
    [0.83542217, 0.83513706, 0.49401851],
    [0.66363434, 0.67096799, 0.00176342],
    [0.49810208, 0.50573563, 0.49806022],
    [0.33523122, 0.32759767, 0.00193978],
    [0.16969906, 0.16236541, 0.49823658],
    [0.99791113, 0.99819624, 0.00598149],
    [0.75005966, 0.24950728, 0.2503734],
    [0.58284573, 0.08339545, 0.75091298],
    [0.9166667, 0.4166667, 0.75],
    [0.08327364, 0.58382602, 0.2496266],
    [0.25048757, 0.74993785, 0.74908702],
    [0.4166667, 0.9166667, 0.25],
    [0.66457564, 0.16512311, 0.50572572],
    [0.83448916, 0.33514349, 0.99587809],
    [0.99884414, 0.49818981, 0.50412191],
    [0.16875776, 0.66821029, 0.99427428],
    [0.33252081, 0.83237499, 0.5025833],
    [0.50081249, 0.00095831, 0.9974167],
    [0.4166667, 0.9166667, 0.75],
    [0.584355, 0.08547751, 0.25019426],
    [0.74957691, 0.25041197, 0.75026059],
    [0.9166667, 0.4166667, 0.25],
    [0.08375639, 0.58292133, 0.74973941],
    [0.2489783, 0.74785579, 0.24980574],
    [0.24975053, 0.25041197, 0.75026059],
    [0.4166667, 0.4166667, 0.25],
    [0.58358277, 0.58292133, 0.74973941],
    [0.75336018, 0.74785579, 0.24980574],
    [0.9166667, 0.9166667, 0.75],
    [0.07997312, 0.08547751, 0.25019426]
  ],
  "relaxed_energy": -232.30877709,
  "relaxed_magmom": 21.0008,
  "relaxed_mag_basis": [
    0.017,
    0.019,
    0.019,
    0.019,
    0.019,
    0.017,
    3.852,
    3.768,
    3.774,
    3.852,
    3.768,
    1.705,
    -0.025,
    -0.017,
    -0.017,
    -0.025,
    0.003,
    0.003,
    -0.034,
    -0.0,
    -0.032,
    -0.032,
    -0.032,
    -0.0,
    -0.032,
    -0.032,
    -0.032,
    -0.0,
    -0.034,
    -0.0
  ]
}