{
  "atom_type": [
    "La",
    "Mn",
    "Ni",
    "O"
  ],
  "atoms_per_type": [
    6,
    3,
    3,
    18
  ],
  "coord_mode": "direct",
  "relaxed_forces": [
    [0.0, 0.04848126, -0.04848126],
    [0.0, 0.00774126, -0.00774126],
    [0.0, -0.10995344, 0.10995344],
    [0.0, 0.00077901, -0.00077901],
    [0.0, 0.03188224, -0.03188224],
    [0.0, 0.07676733, -0.07676733],
    [0.0, -0.02145446, 0.02145446],
    [0.0, 0.06630148, -0.06630148],
    [0.0, -0.03601956, 0.03601956],
    [0.0, -0.06272748, 0.06272748],
    [0.0, 0.00114757, -0.00114757],
    [0.0, 0.05095482, -0.05095482],
    [0.0, 0.01025284, 4.239e-05],
    [0.0, 0.01309621, -0.03476517],
    [0.0, 0.01770022, -0.02402297],
    [0.0, -0.02506952, 0.02012706],
    [0.0, -0.05891909, 0.0237306],
    [0.0, 0.02718586, 0.01864787],
    [0.0, -0.01864787, -0.02718586],
    [0.0, -4.239e-05, -0.01025284],
    [0.0, 0.03476517, -0.01309621],
    [0.0, 0.02402297, -0.01770022],
    [0.0, -0.02012706, 0.02506952],
    [0.0, -0.0237306, 0.05891909],
    [0.0, 0.01290205, -0.01290205],
    [0.0, 0.02819742, -0.02819742],
    [0.0, -0.0039513, 0.0039513],
    [0.0, -0.01531984, 0.01531984],
    [0.0, 0.01090452, -0.01090452],
    [0.0, -0.0671196, 0.0671196]
  ],
  "relaxed_lattice": [
    [3.87956836, 0.0, 0.0],
    [0.0, 3.88436417, 3.88436417],
    [0.0, -11.6625048, 11.6625048]
  ],
  "relaxed_basis": [
    [0.0, 0.5, 0.15987732],
    [0.0, 0.0, 0.33095133],
    [0.0, 0.5, 0.49607638],
    [0.0, 0.0, 0.65960041],
    [0.0, 0.5, 0.84187065],
    [0.0, 0.0, 0.0109943],
    [0.5, 0.5, 0.66745261],
    [0.5, 0.0, 0.83347616],
    [0.5, 0.5, 0.33245784],
    [0.5, 0.0, 0.49909097],
    [0.5, 0.0, 0.16813599],
    [0.5, 0.5, 0.99927431],
    [0.5, 0.75081791, 0.74972687],
    [0.5, 0.25553489, 0.58663442],
    [0.5, 0.74201834, 0.41527424],
    [0.5, 0.25284821, 0.25267449],
    [0.5, 0.75127112, 0.08289842],
    [0.5, 0.24751017, 0.91276261],
    [0.5, 0.75248983, 0.91276261],
    [0.5, 0.24918209, 0.74972687],
    [0.5, 0.74446511, 0.58663442],
    [0.5, 0.25798166, 0.41527424],
    [0.5, 0.74715179, 0.25267449],
    [0.5, 0.24872888, 0.08289842],
    [0.0, 0.0, 0.83130382],
    [0.0, 0.5, 0.66736702],
    [0.0, 0.0, 0.50261264],
    [0.0, 0.5, 0.33456341],
    [0.0, 0.0, 0.16703646],
    [0.0, 0.5, 0.99791626]
  ],
  "relaxed_energy": -220.40430519,
  "relaxed_magmom": 15.0384,
  "relaxed_mag_basis": [
    0.007,
    0.014,
    0.014,
    0.018,
    0.019,
    0.007,
    3.436,
    3.436,
    3.381,
    1.692,
    1.596,
    1.615,
    -0.018,
    -0.035,
    -0.009,
    -0.009,
    -0.011,
    -0.037,
    -0.037,
    -0.018,
    -0.035,
    -0.009,
    -0.009,
    -0.011,
    -0.055,
    -0.055,
    0.016,
    -0.059,
    -0.034,
    -0.017
  ]
}