{
  "atom_type": [
    "La",
    "Mn",
    "Ni",
    "O"
  ],
  "atoms_per_type": [
    6,
    3,
    3,
    18
  ],
  "coord_mode": "direct",
  "relaxed_forces": [
    [0.0, -0.0, -0.0],
    [0.0, -0.01752671, 0.01752671],
    [0.0, -0.00660388, 0.00660388],
    [0.0, -0.0, -0.0],
    [0.0, 0.00660388, -0.00660388],
    [0.0, 0.01752671, -0.01752671],
    [0.0, -0.0, -0.0],
    [0.0, -0.03026471, 0.03026471],
    [0.0, 0.03026471, -0.03026471],
    [0.0, -0.02880007, 0.02880007],
    [0.0, -0.0, -0.0],
    [0.0, 0.02880007, -0.02880007],
    [0.0, 0.0076931, -0.06553547],
    [0.0, -0.0076931, 0.06553547],
    [0.0, -0.0273504, 0.0380154],
    [0.0, -0.02228584, -0.079422],
    [0.0, 0.02228584, 0.079422],
    [0.0, 0.0273504, -0.0380154],
    [0.0, 0.0380154, -0.0273504],
    [0.0, 0.06553547, -0.0076931],
    [0.0, -0.06553547, 0.0076931],
    [0.0, -0.0380154, 0.0273504],
    [0.0, 0.079422, 0.02228584],
    [0.0, -0.079422, -0.02228584],
    [0.0, 0.00677071, -0.00677071],
    [0.0, -0.0, -0.0],
    [0.0, -0.00677071, 0.00677071],
    [0.0, 0.00794826, -0.00794826],
    [0.0, -0.0, -0.0],
    [0.0, -0.00794826, 0.00794826]
  ],
  "relaxed_lattice": [
    [3.87876604, 0.0, 0.0],
    [0.0, 3.88887679, 3.88887679],
    [0.0, -11.71237013, 11.71237013]
  ],
  "relaxed_basis": [
    [0.0, 0.5, 0.1666667],
    [0.0, 0.0, 0.32064337],
    [0.0, 0.5, 0.48804758],
    [0.0, 0.0, 0.6666667],
    [0.0, 0.5, 0.84528572],
    [0.0, 0.0, 0.01268993],
    [0.5, 0.5, 0.6666667],
    [0.5, 0.0, 0.83379114],
    [0.5, 0.0, 0.49954216],
    [0.5, 0.5, 0.33253466],
    [0.5, 0.0, 0.1666667],
    [0.5, 0.5, 0.00079864],
    [0.5, 0.75472619, 0.74910634],
    [0.5, 0.24527381, 0.58422696],
    [0.5, 0.7499989, 0.42021887],
    [0.5, 0.24681098, 0.24983144],
    [0.5, 0.75318902, 0.08350186],
    [0.5, 0.2500011, 0.91311453],
    [0.5, 0.7499989, 0.91311453],
    [0.5, 0.24527381, 0.74910634],
    [0.5, 0.75472619, 0.58422696],
    [0.5, 0.2500011, 0.42021887],
    [0.5, 0.75318902, 0.24983144],
    [0.5, 0.24681098, 0.08350186],
    [0.0, 0.0, 0.83038493],
    [0.0, 0.5, 0.6666667],
    [0.0, 0.0, 0.50294837],
    [0.0, 0.5, 0.33479975],
    [0.0, 0.0, 0.1666667],
    [0.0, 0.5, 0.99853355]
  ],
  "relaxed_energy": -220.04700911,
  "relaxed_magmom": 15.0424,
  "relaxed_mag_basis": [
    0.004,
    0.008,
    0.018,
    0.023,
    0.018,
    0.008,
    3.667,
    3.505,
    3.505,
    1.62,
    1.469,
    1.62,
    -0.04,
    -0.04,
    -0.033,
    -0.035,
    -0.035,
    -0.033,
    -0.033,
    -0.04,
    -0.04,
    -0.033,
    -0.035,
    -0.035,
    -0.056,
    -0.053,
    -0.056,
    -0.02,
    -0.03,
    -0.02
  ]
}