{
  "atom_type": [
    "La",
    "Mn",
    "Ni",
    "O"
  ],
  "atoms_per_type": [
    6,
    3,
    3,
    18
  ],
  "coord_mode": "direct",
  "relaxed_forces": [
    [-0.0, -0.0, -0.00309719],
    [-0.0, -0.0, -0.0],
    [-0.0, -0.0, 0.00309719],
    [-0.0, -0.0, -0.00309719],
    [-0.0, -0.0, -0.0],
    [-0.0, -0.0, 0.00309719],
    [-0.0, -0.0, -0.0],
    [-0.0, -0.0, 0.01686299],
    [-0.0, -0.0, -0.01686299],
    [-0.0, -0.0, 0.03204287],
    [-0.0, -0.0, -0.0],
    [-0.0, -0.0, -0.03204287],
    [-0.0, -0.0, -0.0],
    [-0.0, -0.0, -0.00131827],
    [-0.0, -0.0, -0.00562227],
    [-0.0, -0.0, -0.0],
    [-0.0, -0.0, 0.00562227],
    [-0.0, -0.0, 0.00131827],
    [-0.0, -0.00811658, 0.03094949],
    [-0.0, -0.00469653, -0.0],
    [-0.0, -0.00811658, -0.03094949],
    [-0.0, 0.00811658, 0.03094949],
    [-0.0, 0.00469653, -0.0],
    [-0.0, 0.00811658, -0.03094949],
    [-0.00811658, -0.0, 0.03094949],
    [-0.00469653, -0.0, -0.0],
    [-0.00811658, -0.0, -0.03094949],
    [0.00811658, -0.0, 0.03094949],
    [0.00469653, -0.0, -0.0],
    [0.00811658, -0.0, -0.03094949]
  ],
  "relaxed_lattice": [
    [3.87977714, 3.87977714, 0.0],
    [3.87977714, -3.87977714, 0.0],
    [0.0, 0.0, -11.63514655]
  ],
  "relaxed_basis": [
    [0.5, 0.5, 0.33391369],
    [0.0, 0.0, 0.6666667],
    [0.5, 0.5, 0.99941961],
    [0.0, 0.0, 0.33391369],
    [0.5, 0.5, 0.6666667],
    [0.0, 0.0, 0.99941961],
    [0.5, 0.0, 0.1666667],
    [0.0, 0.5, 0.49846153],
    [0.0, 0.5, 0.83487177],
    [0.5, 0.0, 0.50046804],
    [0.0, 0.5, 0.1666667],
    [0.5, 0.0, 0.83286526],
    [0.0, 0.5, 0.6666667],
    [0.5, 0.0, 0.33001747],
    [0.0, 0.5, 0.99676826],
    [0.5, 0.0, 0.6666667],
    [0.0, 0.5, 0.33656504],
    [0.5, 0.0, 0.00331583],
    [0.75606865, 0.74393135, 0.4994255],
    [0.25459109, 0.24540891, 0.1666667],
    [0.75606865, 0.74393135, 0.8339078],
    [0.24393135, 0.25606865, 0.4994255],
    [0.74540891, 0.75459109, 0.1666667],
    [0.24393135, 0.25606865, 0.8339078],
    [0.75606865, 0.25606865, 0.4994255],
    [0.25459109, 0.75459109, 0.1666667],
    [0.75606865, 0.25606865, 0.8339078],
    [0.24393135, 0.74393135, 0.4994255],
    [0.74540891, 0.24540891, 0.1666667],
    [0.24393135, 0.74393135, 0.8339078]
  ],
  "relaxed_energy": -221.16616419,
  "relaxed_magmom": 14.9993,
  "relaxed_mag_basis": [
    0.015,
    0.011,
    0.015,
    0.015,
    0.01,
    0.014,
    3.217,
    3.225,
    3.225,
    1.711,
    1.68,
    1.711,
    -0.012,
    -0.004,
    -0.03,
    0.04,
    -0.03,
    -0.004,
    -0.001,
    -0.005,
    -0.001,
    -0.001,
    -0.005,
    -0.001,
    0.002,
    -0.004,
    0.002,
    0.002,
    -0.004,
    0.002
  ]
}