{
  "atom_type": [
    "La",
    "Mn",
    "Ni",
    "O"
  ],
  "atoms_per_type": [
    6,
    2,
    4,
    18
  ],
  "coord_mode": "direct",
  "relaxed_forces": [
    [-0.0, 0.07750141, -0.03805863],
    [-0.0, 0.08520243, 0.0],
    [0.0, 0.07750141, 0.03805863],
    [0.0, -0.07750141, -0.03805863],
    [0.0, -0.08520243, -0.0],
    [0.0, -0.07750141, 0.03805863],
    [0.0, -0.0, 0.00994252],
    [0.0, 0.0, -0.00994252],
    [0.0, -0.0, 0.01613103],
    [0.0, -0.0, 0.02984227],
    [0.0, 0.0, -0.01613103],
    [0.0, 0.0, -0.02984227],
    [0.0, -0.0, -0.0],
    [0.0, -0.0, 0.07136287],
    [0.0, -0.0, 0.02725588],
    [0.0, -0.0, -0.0],
    [0.0, 0.0, -0.02725588],
    [0.0, 0.0, -0.07136287],
    [0.0, 0.04008573, -0.02329919],
    [0.0, 0.04008573, 0.02329919],
    [0.0, -0.0, -0.0],
    [0.0, -0.04008573, -0.02329919],
    [0.0, -0.04008573, 0.02329919],
    [0.0, -0.0, -0.0],
    [0.0, 0.0, -0.04659416],
    [0.0, -0.0, 0.04659416],
    [0.0, 0.0, -0.05457541],
    [0.0, 0.0, -0.01955964],
    [0.0, -0.0, 0.01955964],
    [0.0, -0.0, 0.05457541]
  ],
  "relaxed_lattice": [
    [3.86512984, 0.0, 0.0],
    [0.0, 7.75696017, 0.0],
    [0.0, -3.87848009, 11.57204024]
  ],
  "relaxed_basis": [
    [0.0, 0.17059924, 0.32924111],
    [0.0, 0.34358634, 0.6666667],
    [0.0, 0.50802473, 0.00409219],
    [0.0, 0.65864197, 0.32924111],
    [0.0, 0.82308026, 0.6666667],
    [0.0, 0.99606746, 0.00409219],
    [0.5, 0.99964188, 0.49928376],
    [0.5, 0.16702482, 0.83404954],
    [0.5, 0.66685155, 0.833703],
    [0.5, 0.83367098, 0.16734207],
    [0.5, 0.49981515, 0.4996303],
    [0.5, 0.33299562, 0.16599133],
    [0.5, 0.0833333, 0.6666667],
    [0.5, 0.91834117, 0.33668223],
    [0.5, 0.74947625, 0.9989525],
    [0.5, 0.5833333, 0.6666667],
    [0.5, 0.41719045, 0.3343808],
    [0.5, 0.24832553, 0.99665107],
    [0.5, 0.92163625, 0.83252602],
    [0.5, 0.75577682, 0.50080728],
    [0.5, 0.5833333, 0.1666667],
    [0.5, 0.41088988, 0.83252602],
    [0.5, 0.24503045, 0.50080728],
    [0.5, 0.0833333, 0.1666667],
    [0.0, 0.16613416, 0.83226822],
    [0.0, 0.00053254, 0.50106508],
    [0.0, 0.83307607, 0.16615224],
    [0.0, 0.66633326, 0.83266642],
    [0.0, 0.50033344, 0.50066688],
    [0.0, 0.33359053, 0.16718116]
  ],
  "relaxed_energy": -213.72915603,
  "relaxed_magmom": 11.9966,
  "relaxed_mag_basis": [
    0.01,
    0.013,
    0.009,
    0.01,
    0.013,
    0.01,
    3.353,
    3.353,
    1.501,
    1.488,
    1.501,
    1.488,
    -0.02,
    -0.037,
    -0.08,
    -0.058,
    -0.08,
    -0.037,
    -0.012,
    -0.012,
    -0.068,
    -0.012,
    -0.012,
    -0.07,
    -0.054,
    -0.054,
    -0.047,
    -0.05,
    -0.05,
    -0.047
  ]
}