{
  "atom_type": [
    "La",
    "Mn",
    "Ni",
    "O"
  ],
  "atoms_per_type": [
    4,
    3,
    1,
    12
  ],
  "coord_mode": "direct",
  "relaxed_forces": [
    [0.0, -0.03723879, 0.03723879],
    [-0.0, 0.03723879, -0.03723879],
    [-0.0, -0.03723879, -0.03723879],
    [0.0, 0.03723879, 0.03723879],
    [-0.0, -0.0, -0.0],
    [-0.0, -0.0, -0.0],
    [-0.0, -0.0, -0.0],
    [-0.0, 0.0, -0.0],
    [0.0, -0.0, 0.02833001],
    [-0.0, 0.0, 0.00310781],
    [0.0, -0.0, -0.02833001],
    [-0.0, -0.0, -0.00310781],
    [-0.0, 0.02833001, -0.0],
    [-0.0, -0.02833001, -0.0],
    [-0.0, 0.00310781, -0.0],
    [-0.0, -0.00310781, -0.0],
    [-0.0, -0.0, -0.0],
    [-0.0, 0.0, -0.0],
    [-0.0, 0.0, -0.0],
    [-0.0, -0.0, -0.0]
  ],
  "relaxed_lattice": [
    [3.91148767, 0.0, 0.0],
    [0.0, 7.81696483, 0.0],
    [0.0, 0.0, 7.81696483]
  ],
  "relaxed_basis": [
    [0.0, 0.49438293, 0.00561707],
    [0.0, 0.00561707, 0.49438293],
    [0.0, 0.49438293, 0.49438293],
    [0.0, 0.00561707, 0.00561707],
    [0.5, 0.75, 0.25],
    [0.5, 0.25, 0.75],
    [0.5, 0.75, 0.75],
    [0.5, 0.25, 0.25],
    [0.5, 0.75, 0.49922234],
    [0.5, 0.25, 0.50587872],
    [0.5, 0.75, 0.00077766],
    [0.5, 0.25, 0.99412128],
    [0.5, 0.49922234, 0.75],
    [0.5, 0.00077766, 0.75],
    [0.5, 0.50587872, 0.25],
    [0.5, 0.99412128, 0.25],
    [0.0, 0.75, 0.75],
    [0.0, 0.25, 0.75],
    [0.0, 0.75, 0.25],
    [0.0, 0.25, 0.25]
  ],
  "relaxed_energy": -153.0535427,
  "relaxed_magmom": 13.0003,
  "relaxed_mag_basis": [
    0.016,
    0.016,
    0.016,
    0.016,
    3.656,
    3.63,
    3.83,
    1.73,
    -0.025,
    -0.007,
    -0.025,
    -0.007,
    -0.035,
    -0.035,
    0.002,
    0.002,
    -0.037,
    -0.029,
    -0.031,
    0.037
  ]
}