{
  "atom_type": [
    "La",
    "Mn",
    "Ni",
    "O"
  ],
  "atoms_per_type": [
    6,
    1,
    5,
    18
  ],
  "coord_mode": "direct",
  "relaxed_forces": [
    [-0.0, -0.0, -0.0],
    [0.05969802, -0.05969802, 0.02074241],
    [0.00115411, -0.00115411, 0.07983998],
    [-0.0, -0.0, -0.0],
    [-0.00115411, 0.00115411, -0.07983998],
    [-0.05969802, 0.05969802, -0.02074241],
    [-0.0, -0.0, -0.0],
    [-0.01799602, 0.01799602, -0.00727887],
    [-0.01070408, 0.01070408, -0.01452105],
    [-0.0, -0.0, -0.0],
    [0.01070408, -0.01070408, 0.01452105],
    [0.01799602, -0.01799602, 0.00727887],
    [0.00138078, -0.00138078, -0.02690475],
    [-0.0, -0.0, -0.0],
    [-0.00138078, 0.00138078, 0.02690475],
    [0.01311608, -0.01311608, 0.04118367],
    [-0.0, -0.0, -0.0],
    [-0.01311608, 0.01311608, -0.04118367],
    [0.00117828, 0.00401278, -0.00256345],
    [0.02735074, 0.00763847, 0.00856564],
    [0.00570807, -0.02180139, 0.01344871],
    [-0.00570807, 0.02180139, -0.01344871],
    [-0.02735074, -0.00763847, -0.00856564],
    [-0.00117828, -0.00401278, 0.00256345],
    [0.00401278, 0.00117828, 0.00256345],
    [-0.00401278, -0.00117828, -0.00256345],
    [-0.00763847, -0.02735074, 0.00856564],
    [0.02180139, -0.00570807, 0.01344871],
    [-0.02180139, 0.00570807, -0.01344871],
    [0.00763847, 0.02735074, -0.00856564]
  ],
  "relaxed_lattice": [
    [3.85390665, 3.85390665, 0.0],
    [-3.85891988, 3.85891988, 3.85070321],
    [3.85832747, -3.85832747, 7.70021863]
  ],
  "relaxed_basis": [
    [0.5, 0.3333333, 0.8333333],
    [0.0, 0.66479078, 0.67008309],
    [0.5, 0.00309854, 0.50363784],
    [0.0, 0.3333333, 0.3333333],
    [0.5, 0.66356816, 0.16302886],
    [0.0, 0.00187592, 0.99658361],
    [0.0, 0.8333333, 0.3333333],
    [0.5, 0.50020682, 0.50000512],
    [0.0, 0.16665635, 0.66673104],
    [0.5, 0.8333333, 0.8333333],
    [0.0, 0.50001035, 0.99993566],
    [0.5, 0.16645988, 0.16666158],
    [0.0, 0.66844134, 0.16895239],
    [0.5, 0.3333333, 0.3333333],
    [0.0, 0.99822536, 0.49771431],
    [0.5, 0.66739157, 0.66682529],
    [0.0, 0.3333333, 0.8333333],
    [0.5, 0.99927513, 0.99984141],
    [0.75346272, 0.66898814, 0.41525672],
    [0.24862939, 0.33202732, 0.58363004],
    [0.75004934, 0.99994868, 0.74991549],
    [0.24995066, 0.66671802, 0.91675121],
    [0.75137061, 0.33463928, 0.08303656],
    [0.24653728, 0.99767856, 0.25140998],
    [0.75346272, 0.99767856, 0.25140998],
    [0.24653728, 0.66898814, 0.41525672],
    [0.75137061, 0.33202732, 0.58363004],
    [0.24995066, 0.99994868, 0.74991549],
    [0.75004934, 0.66671802, 0.91675121],
    [0.24862939, 0.33463928, 0.08303656]
  ],
  "relaxed_energy": -206.92840731,
  "relaxed_magmom": 9.0092,
  "relaxed_mag_basis": [
    0.007,
    0.009,
    0.011,
    0.011,
    0.011,
    0.009,
    3.269,
    1.473,
    1.391,
    1.346,
    1.391,
    1.473,
    -0.035,
    -0.093,
    -0.035,
    -0.092,
    -0.127,
    -0.092,
    -0.027,
    -0.089,
    -0.079,
    -0.079,
    -0.089,
    -0.027,
    -0.033,
    -0.033,
    -0.1,
    -0.088,
    -0.088,
    -0.1
  ]
}