{
  "atom_type": [
    "La",
    "Mn",
    "Ni",
    "O"
  ],
  "atoms_per_type": [
    6,
    4,
    2,
    18
  ],
  "coord_mode": "direct",
  "relaxed_forces": [
    [0.0, 0.0, 0.0],
    [-0.02748224, 0.04660443, 0.04800754],
    [0.02748224, 0.04660443, -0.04800754],
    [0.0, 0.0, 0.0],
    [-0.02748224, -0.04660443, 0.04800754],
    [0.02748224, -0.04660443, -0.04800754],
    [0.0, 0.0, 0.0],
    [-0.04034412, 0.0, 0.03457395],
    [0.04034412, 0.0, -0.03457395],
    [0.0, 0.0, 0.0],
    [0.01636579, 0.0, 0.00499403],
    [-0.01636579, 0.0, -0.00499403],
    [0.01486541, 0.0, -0.03547975],
    [-0.01486541, 0.0, 0.03547975],
    [-0.00208912, 0.0, 0.02810761],
    [0.00302801, 0.0, -0.00752041],
    [-0.00302801, 0.0, 0.00752041],
    [0.00208912, 0.0, -0.02810761],
    [-0.01243985, -0.00644506, 0.00983741],
    [0.0, -0.03723917, 0.0],
    [0.01243985, -0.00644506, -0.00983741],
    [-0.01243985, 0.00644506, 0.00983741],
    [0.0, 0.03723917, 0.0],
    [0.01243985, 0.00644506, -0.00983741],
    [0.0, 0.0, 0.0],
    [0.08428108, 0.0, -0.04378267],
    [-0.07615184, 0.0, -0.03830719],
    [0.0, 0.0, 0.0],
    [0.07615184, 0.0, 0.03830719],
    [-0.08428108, 0.0, 0.04378267]
  ],
  "relaxed_lattice": [
    [3.90377005, -3.89445549, 3.89959075],
    [3.90377005, 3.89445549, 3.89959075],
    [-3.90203987, 0.0, 7.79744544]
  ],
  "relaxed_basis": [
    [0.1666667, 0.1666667, 0.3333333],
    [0.32773605, 0.33799793, 0.67305167],
    [0.49533537, 0.50559725, 0.99361503],
    [0.6666667, 0.6666667, 0.3333333],
    [0.83799793, 0.82773605, 0.67305167],
    [0.00559725, 0.99533537, 0.99361503],
    [0.6666667, 0.1666667, 0.3333333],
    [0.83377785, 0.33377785, 0.66677719],
    [0.49955545, 0.99955545, 0.99988951],
    [0.1666667, 0.6666667, 0.3333333],
    [0.33469671, 0.83469671, 0.66440211],
    [0.99863659, 0.49863659, 0.00226459],
    [0.75205396, 0.25205396, 0.50244624],
    [0.58127934, 0.08127934, 0.16422046],
    [0.41782095, 0.91782095, 0.83576246],
    [0.24889722, 0.74889722, 0.49522182],
    [0.08443608, 0.58443608, 0.17144488],
    [0.91551245, 0.41551245, 0.83090414],
    [0.07806017, 0.0891083, 0.66668261],
    [0.91951554, 0.91381786, 0.3333333],
    [0.744225, 0.75527313, 0.99998409],
    [0.5891083, 0.57806017, 0.66668261],
    [0.41381786, 0.41951554, 0.3333333],
    [0.25527313, 0.244225, 0.99998409],
    [0.6666667, 0.1666667, 0.8333333],
    [0.50356057, 0.00356057, 0.49455181],
    [0.33258629, 0.83258629, 0.16689668],
    [0.1666667, 0.6666667, 0.8333333],
    [0.00074701, 0.50074701, 0.49977002],
    [0.82977273, 0.32977273, 0.17211489]
  ],
  "relaxed_energy": -226.79964376,
  "relaxed_magmom": 18.0003,
  "relaxed_mag_basis": [
    0.018,
    0.013,
    0.015,
    0.017,
    0.015,
    0.013,
    3.699,
    3.54,
    3.54,
    3.528,
    1.713,
    1.713,
    -0.02,
    -0.02,
    -0.001,
    0.0,
    0.0,
    -0.001,
    0.0,
    -0.024,
    0.002,
    0.002,
    -0.024,
    0.0,
    -0.043,
    -0.007,
    -0.033,
    0.041,
    -0.033,
    -0.008
  ]
}