{
  "atom_type": [
    "La",
    "Mn",
    "Ni",
    "O"
  ],
  "atoms_per_type": [
    6,
    2,
    4,
    18
  ],
  "coord_mode": "direct",
  "relaxed_forces": [
    [-0.0, 0.0, 0.09389285],
    [-0.0, -0.0, -0.09389285],
    [-0.0, 0.0, 0.0],
    [-0.0, -0.0, 0.09389285],
    [-0.0, -0.0, -0.09389285],
    [-0.0, -0.0, 0.0],
    [-0.0, -0.0, -0.00038827],
    [-0.0, 0.0, 0.00038827],
    [-0.0, -0.0, 0.0],
    [-0.0, 0.0, -0.03129282],
    [-0.0, -0.0, 0.0],
    [-0.0, 0.0, 0.03129282],
    [-0.0, 0.0, -0.05857959],
    [-0.0, 0.0, 0.05857959],
    [-0.0, 0.0, 0.05023642],
    [-0.0, 0.0, -0.09157482],
    [-0.0, 0.0, 0.09157482],
    [-0.0, 0.0, -0.05023642],
    [-0.0, 0.02864071, 0.00099834],
    [-0.0, -0.280468, 0.0],
    [-0.0, 0.02864071, -0.00099834],
    [-0.0, -0.02864071, 0.00099834],
    [-0.0, 0.280468, -0.0],
    [-0.0, -0.02864071, -0.00099834],
    [0.02864071, 0.0, 0.00099834],
    [-0.280468, 0.0, 0.0],
    [0.02864071, 0.0, -0.00099834],
    [-0.02864071, 0.0, 0.00099834],
    [0.280468, 0.0, 0.0],
    [-0.02864071, 0.0, -0.00099834]
  ],
  "relaxed_lattice": [
    [3.8653767, -3.8653767, 0.0],
    [3.8653767, 3.8653767, 0.0],
    [-3.8653767, 0.0, 11.60611181]
  ],
  "relaxed_basis": [
    [0.16780891, 0.16780891, 0.33561772],
    [0.33219109, 0.33219109, 0.66438228],
    [0.5, 0.5, 0.0],
    [0.66780891, 0.66780891, 0.33561772],
    [0.83219109, 0.83219109, 0.66438228],
    [0.0, 0.0, 0.0],
    [0.91674438, 0.41674438, 0.83348867],
    [0.58325562, 0.08325562, 0.16651133],
    [0.75, 0.25, 0.5],
    [0.4163469, 0.9163469, 0.83269369],
    [0.25, 0.75, 0.5],
    [0.0836531, 0.5836531, 0.16730631],
    [0.83459317, 0.33459317, 0.66918644],
    [0.66540683, 0.16540683, 0.33081356],
    [0.50138296, 0.00138296, 0.00276591],
    [0.33126649, 0.83126649, 0.66253308],
    [0.16873351, 0.66873351, 0.33746692],
    [0.99861704, 0.49861704, 0.99723409],
    [0.1624678, 0.17131645, 0.83378414],
    [0.0022266, 0.9977734, 0.5],
    [0.82868355, 0.8375322, 0.16621586],
    [0.67131645, 0.6624678, 0.83378414],
    [0.4977734, 0.5022266, 0.5],
    [0.3375322, 0.32868355, 0.16621586],
    [0.67131645, 0.17131645, 0.83378414],
    [0.4977734, 0.9977734, 0.5],
    [0.3375322, 0.8375322, 0.16621586],
    [0.1624678, 0.6624678, 0.83378414],
    [0.0022266, 0.5022266, 0.5],
    [0.82868355, 0.32868355, 0.16621586]
  ],
  "relaxed_energy": -214.14234441,
  "relaxed_magmom": 11.9997,
  "relaxed_mag_basis": [
    0.009,
    0.009,
    0.014,
    0.009,
    0.009,
    0.014,
    3.22,
    3.22,
    1.57,
    1.662,
    1.066,
    1.662,
    -0.021,
    -0.021,
    -0.014,
    -0.06,
    -0.06,
    -0.014,
    -0.007,
    -0.069,
    -0.007,
    -0.007,
    -0.069,
    -0.007,
    -0.008,
    -0.071,
    -0.008,
    -0.008,
    -0.071,
    -0.008
  ]
}