{
  "atom_type": [
    "La",
    "Mn",
    "Ni",
    "O"
  ],
  "atoms_per_type": [
    6,
    4,
    2,
    18
  ],
  "coord_mode": "direct",
  "relaxed_forces": [
    [0.03661051, 0.05907715, -0.00967888],
    [0.0, 0.07247, 0.0],
    [-0.03661051, 0.05907715, 0.00967888],
    [0.03661051, -0.05907715, -0.00967888],
    [0.0, -0.07247, -0.0],
    [-0.03661051, -0.05907715, 0.00967888],
    [-0.08708242, 0.0, 0.02330667],
    [-0.08068161, 0.0, -0.03809276],
    [0.08708242, 0.0, -0.02330667],
    [0.08068161, 0.0, 0.03809276],
    [0.00466874, 0.0, 0.03684995],
    [-0.00466874, 0.0, -0.03684995],
    [0.04219358, 0.0, 0.01749971],
    [0.0, 0.0, 0.0],
    [-0.04219358, 0.0, -0.01749971],
    [-0.04334597, 0.0, -0.02154916],
    [0.0, 0.0, 0.0],
    [0.04334597, 0.0, 0.02154916],
    [0.0, 0.0, 0.0],
    [0.01073909, -0.00751748, -0.01179024],
    [-0.01073909, -0.00751748, 0.01179024],
    [0.0, 0.0, 0.0],
    [0.01073909, 0.00751748, -0.01179024],
    [-0.01073909, 0.00751748, 0.01179024],
    [0.00981106, 0.0, 0.01616316],
    [-0.00981106, 0.0, -0.01616316],
    [-0.00384534, 0.0, -0.06084775],
    [0.008748, 0.0, -0.01477822],
    [-0.008748, 0.0, 0.01477822],
    [0.00384534, 0.0, 0.06084775]
  ],
  "relaxed_lattice": [
    [3.87620596, -3.90542382, 3.91784282],
    [3.87620596, 3.90542382, 3.91784282],
    [-3.87527965, 0.0, 7.83476993]
  ],
  "relaxed_basis": [
    [0.16412443, 0.17254725, 0.32851696],
    [0.32757268, 0.33909392, 0.6666667],
    [0.49411945, 0.50254227, 0.00481634],
    [0.67254725, 0.66412443, 0.32851696],
    [0.83909392, 0.82757268, 0.6666667],
    [0.00254227, 0.99411945, 0.00481634],
    [0.66699334, 0.16699334, 0.33377102],
    [0.83404793, 0.33404793, 0.66788338],
    [0.49967336, 0.99967336, 0.99956228],
    [0.33261867, 0.83261867, 0.66545002],
    [0.166733, 0.666733, 0.33363879],
    [0.9999337, 0.4999337, 0.99969451],
    [0.75113702, 0.25113702, 0.50335314],
    [0.5833333, 0.0833333, 0.1666667],
    [0.41552968, 0.91552968, 0.82998016],
    [0.25004264, 0.75004264, 0.50198631],
    [0.0833333, 0.5833333, 0.1666667],
    [0.91662406, 0.41662406, 0.83134699],
    [0.0833333, 0.0833333, 0.6666667],
    [0.91072539, 0.92239314, 0.33410785],
    [0.74427356, 0.75594131, 0.99922545],
    [0.5833333, 0.5833333, 0.6666667],
    [0.42239314, 0.41072539, 0.33410785],
    [0.25594131, 0.24427356, 0.99922545],
    [0.66670404, 0.16670404, 0.83284751],
    [0.49996266, 0.99996266, 0.50048579],
    [0.33659028, 0.83659028, 0.16331318],
    [0.16986324, 0.66986324, 0.82926941],
    [0.99680346, 0.49680346, 0.50406389],
    [0.83007632, 0.33007632, 0.17002022]
  ],
  "relaxed_energy": -226.70937815,
  "relaxed_magmom": 18.0003,
  "relaxed_mag_basis": [
    0.013,
    0.017,
    0.015,
    0.015,
    0.017,
    0.013,
    3.572,
    3.612,
    3.572,
    3.612,
    1.704,
    1.704,
    -0.024,
    -0.048,
    -0.025,
    0.003,
    0.037,
    0.003,
    -0.027,
    -0.004,
    -0.001,
    -0.019,
    -0.001,
    -0.004,
    -0.013,
    -0.013,
    -0.015,
    -0.023,
    -0.023,
    -0.015
  ]
}