{
  "atom_type": [
    "La",
    "Mn",
    "Ni",
    "O"
  ],
  "atoms_per_type": [
    5,
    2,
    3,
    15
  ],
  "coord_mode": "direct",
  "relaxed_forces": [
    [-0.01039191, 0.01039191, -0.01322913],
    [0.01039191, -0.01039191, 0.01322913],
    [0.06058381, -0.06058381, -0.04879779],
    [0.0, 0.0, -0.0],
    [-0.06058381, 0.06058381, 0.04879779],
    [0.00470304, -0.00470304, 0.01900682],
    [-0.00470304, 0.00470304, -0.01900682],
    [-0.01034384, 0.01034384, 0.01222682],
    [0.0, 0.0, -0.0],
    [0.01034384, -0.01034384, -0.01222682],
    [0.0, 0.0, -0.0],
    [0.01091163, -0.01091163, -0.02199022],
    [0.01783207, -0.01783207, 0.02557415],
    [-0.01783207, 0.01783207, -0.02557415],
    [-0.01091163, 0.01091163, 0.02199022],
    [0.01295359, 0.01535801, -0.02368401],
    [-0.00469334, 0.01447113, -0.00466904],
    [0.0, 0.0, -0.0],
    [0.00469334, -0.01447113, 0.00466904],
    [-0.01295359, -0.01535801, 0.02368401],
    [0.01447113, -0.00469334, 0.00466904],
    [0.01535801, 0.01295359, 0.02368401],
    [-0.01535801, -0.01295359, -0.02368401],
    [-0.01447113, 0.00469334, -0.00466904],
    [0.0, 0.0, -0.0]
  ],
  "relaxed_lattice": [
    [-3.86874939, -3.86874939, 0.0],
    [-3.87786932, 3.87786932, 3.87200449],
    [-0.00185279, 3.87060219, -7.73860863]
  ],
  "relaxed_basis": [
    [0.80256585, 0.20338104, 0.6051317],
    [0.59743415, 0.39661896, 0.1948683],
    [0.39957555, 0.59012096, 0.79915109],
    [0.2, 0.8, 0.4],
    [0.00042445, 0.00987904, 0.00084891],
    [0.80074539, 0.69968761, 0.60149078],
    [0.59925461, 0.90031239, 0.19850922],
    [0.00080963, 0.50146966, 0.00161926],
    [0.2, 0.3, 0.4],
    [0.39919037, 0.09853034, 0.79838074],
    [0.7, 0.8, 0.4],
    [0.89775812, 0.60131537, 0.79551625],
    [0.10106975, 0.39870612, 0.20213951],
    [0.29893025, 0.20129388, 0.59786049],
    [0.50224188, 0.99868463, 0.00448375],
    [0.79646866, 0.70315758, 0.10206197],
    [0.99667976, 0.50460439, 0.50227483],
    [0.2, 0.3, 0.9],
    [0.40332024, 0.09539561, 0.29772517],
    [0.60353134, 0.89684242, 0.69793803],
    [0.89440493, 0.09539561, 0.29772517],
    [0.0944067, 0.89684242, 0.69793803],
    [0.3055933, 0.70315758, 0.10206197],
    [0.50559507, 0.50460439, 0.50227483],
    [0.7, 0.3, 0.9]
  ],
  "relaxed_energy": -180.61380428,
  "relaxed_magmom": 11.0023,
  "relaxed_mag_basis": [
    0.011,
    0.011,
    0.012,
    0.013,
    0.012,
    3.27,
    3.27,
    1.591,
    1.566,
    1.591,
    -0.017,
    -0.039,
    -0.041,
    -0.041,
    -0.039,
    -0.019,
    -0.019,
    -0.048,
    -0.019,
    -0.019,
    -0.02,
    -0.02,
    -0.02,
    -0.02,
    -0.056
  ]
}