{
  "atom_type": [
    "La",
    "Mn",
    "Ni",
    "O"
  ],
  "atoms_per_type": [
    4,
    2,
    2,
    12
  ],
  "coord_mode": "direct",
  "relaxed_forces": [
    [0.02462773, 0.02462773, 0.02462773],
    [0.0, -0.0, 0.0],
    [-0.02462773, -0.02462773, -0.02462773],
    [0.0, -0.0, 0.0],
    [-0.00236067, -0.00236067, -0.00236067],
    [0.00236067, 0.00236067, 0.00236067],
    [-0.01642623, -0.01642623, -0.01642623],
    [0.01642623, 0.01642623, 0.01642623],
    [0.0, -0.0, 0.0],
    [-0.0233274, -0.0233274, 0.00308694],
    [0.0, -0.0, -0.0],
    [0.0233274, 0.0233274, -0.00308694],
    [0.0, -0.0, 0.0],
    [-0.0233274, 0.00308694, -0.0233274],
    [0.0, -0.0, -0.0],
    [0.0233274, -0.00308694, 0.0233274],
    [0.0, -0.0, -0.0],
    [0.00308694, -0.0233274, -0.0233274],
    [0.0, -0.0, 0.0],
    [-0.00308694, 0.0233274, 0.0233274]
  ],
  "relaxed_lattice": [
    [-3.88271505, 0.0, 3.88271505],
    [0.0, -3.88271505, 3.88271505],
    [3.88487747, 3.88487747, 7.7675925]
  ],
  "relaxed_basis": [
    [0.2428801, 0.2428801, 0.27135969],
    [0.5, 0.5, 0.5],
    [0.7571199, 0.7571199, 0.72864031],
    [0.0, 0.0, 0.0],
    [0.37461681, 0.37461681, 0.87614956],
    [0.62538319, 0.62538319, 0.12385044],
    [0.87584406, 0.87584406, 0.37246783],
    [0.12415594, 0.12415594, 0.62753217],
    [0.5, 0.5, 0.0],
    [0.25204825, 0.25204825, 0.75552031],
    [0.0, 0.0, 0.5],
    [0.74795175, 0.74795175, 0.24447969],
    [0.5, 0.0, 0.0],
    [0.25204825, 0.7403832, 0.75552031],
    [0.0, 0.5, 0.5],
    [0.74795175, 0.2596168, 0.24447969],
    [0.0, 0.5, 0.0],
    [0.7403832, 0.25204825, 0.75552031],
    [0.5, 0.0, 0.5],
    [0.2596168, 0.74795175, 0.24447969]
  ],
  "relaxed_energy": -146.99079222,
  "relaxed_magmom": 10.0003,
  "relaxed_mag_basis": [
    0.009,
    0.005,
    0.009,
    0.019,
    3.293,
    3.292,
    1.683,
    1.683,
    -0.01,
    -0.036,
    0.039,
    -0.037,
    -0.008,
    -0.043,
    0.042,
    -0.043,
    -0.001,
    -0.039,
    0.051,
    -0.039
  ]
}