{
  "atom_type": [
    "La",
    "Mn",
    "Ni",
    "O"
  ],
  "atoms_per_type": [
    4,
    2,
    2,
    12
  ],
  "coord_mode": "direct",
  "relaxed_forces": [
    [0.0, 0.0, 0.06424648],
    [0.0, 0.0, 0.0],
    [0.0, -0.0, -0.06424648],
    [0.0, 0.0, 0.0],
    [0.0, 0.07000486, -0.0],
    [0.0, -0.07000486, 0.0],
    [0.0, -0.02299305, 0.0],
    [0.0, 0.02299305, -0.0],
    [0.0, 0.00022805, -0.02298995],
    [0.0, -0.00022805, -0.02298995],
    [0.0, 0.00022805, 0.02298995],
    [0.0, -0.00022805, 0.02298995],
    [0.0, 0.0, 0.0],
    [0.0, -0.00426844, 0.0],
    [0.0, 0.0, 0.0],
    [0.0, 0.00426844, -0.0],
    [0.0, 0.03215699, -0.0],
    [0.0, -0.03215699, 0.0],
    [-0.0, -0.03414096, 0.0],
    [0.0, 0.03414096, -0.0]
  ],
  "relaxed_lattice": [
    [-3.87976024, 0.0, 0.0],
    [0.0, 0.0, 7.80598911],
    [0.0, 7.72782961, -3.90299456]
  ],
  "relaxed_basis": [
    [0.0, 0.26571017, 0.5],
    [0.0, 0.5, 0.0],
    [0.0, 0.73428983, 0.5],
    [0.0, 0.0, 0.0],
    [0.5, 0.87531786, 0.25063573],
    [0.5, 0.12468214, 0.74936427],
    [0.5, 0.3737591, 0.2475182],
    [0.5, 0.6262409, 0.7524818],
    [0.5, 0.88226427, 0.75105814],
    [0.5, 0.63120612, 0.24894186],
    [0.5, 0.36879388, 0.75105814],
    [0.5, 0.11773573, 0.24894186],
    [0.5, 0.0, 0.5],
    [0.5, 0.75313845, 0.00627689],
    [0.5, 0.5, 0.5],
    [0.5, 0.24686155, 0.99372311],
    [0.0, 0.12548445, 0.7509689],
    [0.0, 0.87451555, 0.2490311],
    [0.0, 0.62484806, 0.74969611],
    [0.0, 0.37515194, 0.25030389]
  ],
  "relaxed_energy": -147.03918749,
  "relaxed_magmom": 9.9996,
  "relaxed_mag_basis": [
    0.009,
    0.014,
    0.009,
    0.014,
    3.382,
    3.383,
    1.643,
    1.643,
    -0.006,
    -0.002,
    -0.002,
    -0.006,
    -0.009,
    -0.033,
    -0.013,
    -0.033,
    -0.055,
    -0.055,
    -0.005,
    -0.005
  ]
}