{
  "atom_type": [
    "La",
    "Mn",
    "Ni",
    "O"
  ],
  "atoms_per_type": [
    6,
    2,
    4,
    18
  ],
  "coord_mode": "direct",
  "relaxed_forces": [
    [0.0, 0.04753256, -0.01375596],
    [0.0, -0.04753256, 0.01375596],
    [0.0, -0.02990297, -0.00767515],
    [0.0, 0.02135359, 0.07424296],
    [0.0, -0.02135359, -0.07424296],
    [0.0, 0.02990297, 0.00767515],
    [0.0, -0.03150819, -0.02095006],
    [0.0, 0.03150819, 0.02095006],
    [0.0, 0.0, 0.0],
    [0.0, 0.00276175, -0.02735384],
    [0.0, 0.0, 0.0],
    [0.0, -0.00276175, 0.02735384],
    [0.0, -0.00909551, 0.03640463],
    [0.0, -0.0160398, -0.01794023],
    [0.0, 0.0160398, 0.01794023],
    [0.0, 0.00909551, -0.03640463],
    [0.0, -0.01242334, 0.04808832],
    [0.0, 0.01242334, -0.04808832],
    [0.0, 0.0, 0.0],
    [0.0, 0.00637533, 0.01198562],
    [0.0, 0.06365681, -0.00024543],
    [0.0, 0.0, 0.0],
    [0.0, -0.06365681, 0.00024543],
    [0.0, -0.00637533, -0.01198562],
    [0.0, -0.02190758, -0.00456596],
    [0.0, 0.0, 0.0],
    [0.0, 0.02190758, 0.00456596],
    [0.0, 0.00588812, 0.04472745],
    [0.0, 0.0, 0.0],
    [0.0, -0.00588812, -0.04472745]
  ],
  "relaxed_lattice": [
    [-3.8675416, 0.0, 0.0],
    [0.0, 3.86362559, 7.75457118],
    [0.0, 7.72901833, -7.75546052]
  ],
  "relaxed_basis": [
    [0.0, 0.66787908, 0.1730413],
    [0.0, 0.33212092, 0.3269587],
    [0.0, 0.99252125, 0.49712332],
    [0.0, 0.67474403, 0.66295386],
    [0.0, 0.32525597, 0.83704614],
    [0.0, 0.00747875, 0.00287668],
    [0.5, 0.66712209, 0.91714563],
    [0.5, 0.33287791, 0.58285437],
    [0.5, 0.0, 0.75],
    [0.5, 0.6655806, 0.41644997],
    [0.5, 0.0, 0.25],
    [0.5, 0.3344194, 0.08355003],
    [0.5, 0.50188029, 0.99746436],
    [0.5, 0.82886515, 0.8344275],
    [0.5, 0.17113485, 0.6655725],
    [0.5, 0.49811971, 0.50253564],
    [0.5, 0.8342574, 0.3326],
    [0.5, 0.1657426, 0.1674],
    [0.5, 0.5, 0.75],
    [0.5, 0.83196946, 0.58274947],
    [0.5, 0.17081178, 0.42070027],
    [0.5, 0.5, 0.25],
    [0.5, 0.82918822, 0.07929973],
    [0.5, 0.16803054, 0.91725053],
    [0.0, 0.6653396, 0.91556807],
    [0.0, 0.0, 0.75],
    [0.0, 0.3346604, 0.58443193],
    [0.0, 0.66760164, 0.41698499],
    [0.0, 0.0, 0.25],
    [0.0, 0.33239836, 0.08301501]
  ],
  "relaxed_energy": -213.76731708,
  "relaxed_magmom": 12.001,
  "relaxed_mag_basis": [
    0.009,
    0.009,
    0.009,
    0.013,
    0.013,
    0.009,
    3.354,
    3.354,
    1.545,
    1.48,
    1.489,
    1.48,
    -0.017,
    -0.021,
    -0.021,
    -0.017,
    -0.065,
    -0.065,
    -0.017,
    -0.066,
    -0.038,
    -0.069,
    -0.038,
    -0.067,
    -0.056,
    -0.041,
    -0.056,
    -0.049,
    -0.062,
    -0.049
  ]
}