{
  "atom_type": [
    "La",
    "Mn",
    "Ni",
    "O"
  ],
  "atoms_per_type": [
    4,
    3,
    1,
    12
  ],
  "coord_mode": "direct",
  "relaxed_forces": [
    [0.0, 0.0, 0.01132608],
    [-0.0, 0.0, -0.01132608],
    [0.0, 0.0, 0.01132608],
    [0.0, 0.0, -0.01132608],
    [0.0, 0.0, 0.00640835],
    [0.0, 0.0, -0.0],
    [0.0, 0.0, -0.00640835],
    [0.0, 0.0, -0.0],
    [-0.0, 0.0, 0.10140298],
    [0.0, 0.0, -0.10140298],
    [-0.0, 0.0, 0.07461491],
    [0.0, 0.0, -0.07461491],
    [0.0, 0.0, -0.0],
    [0.0, 0.01448332, -0.0],
    [0.0, 0.0, -0.0],
    [0.0, -0.01448332, -0.0],
    [0.0, 0.0, -0.0],
    [0.01448332, 0.0, -0.0],
    [0.0, 0.0, -0.0],
    [-0.01448332, 0.0, -0.0]
  ],
  "relaxed_lattice": [
    [3.90143891, -3.90143891, 0.0],
    [3.90143891, 3.90143891, 0.0],
    [-3.90143891, 0.0, 7.84869506]
  ],
  "relaxed_basis": [
    [0.24739413, 0.24739413, 0.49478826],
    [0.50260587, 0.50260587, 0.00521174],
    [0.74739413, 0.74739413, 0.49478826],
    [0.00260587, 0.00260587, 0.00521174],
    [0.37389676, 0.87389676, 0.74779352],
    [0.625, 0.125, 0.25],
    [0.87610324, 0.37610324, 0.75220648],
    [0.125, 0.625, 0.25],
    [0.75335013, 0.25335013, 0.50670026],
    [0.49664987, 0.99664987, 0.99329974],
    [0.25081951, 0.75081951, 0.50163902],
    [0.99918049, 0.49918049, 0.99836098],
    [0.125, 0.125, 0.75],
    [0.8705085, 0.8794915, 0.25],
    [0.625, 0.625, 0.75],
    [0.3794915, 0.3705085, 0.25],
    [0.625, 0.125, 0.75],
    [0.3794915, 0.8794915, 0.25],
    [0.125, 0.625, 0.75],
    [0.8705085, 0.3705085, 0.25]
  ],
  "relaxed_energy": -153.14615266,
  "relaxed_magmom": 13.0003,
  "relaxed_mag_basis": [
    0.016,
    0.016,
    0.016,
    0.016,
    3.711,
    3.679,
    3.718,
    1.714,
    -0.033,
    -0.034,
    0.008,
    0.008,
    -0.035,
    0.003,
    -0.028,
    0.003,
    -0.031,
    0.002,
    -0.034,
    0.003
  ]
}