{
  "atom_type": [
    "La",
    "Mn",
    "Ni",
    "O"
  ],
  "atoms_per_type": [
    6,
    1,
    5,
    18
  ],
  "coord_mode": "direct",
  "relaxed_forces": [
    [-0.0, 0.02724873, -0.0],
    [-0.0, 0.04499841, -0.00383114],
    [-0.0, -0.04499841, 0.00383114],
    [-0.0, -0.02724873, -0.0],
    [-0.0, -0.04499841, -0.00383114],
    [-0.0, 0.04499841, 0.00383114],
    [-0.0, -0.0, -0.0],
    [-0.0, -0.0, -0.01184334],
    [-0.0, -0.0, 0.00322094],
    [-0.0, -0.0, -0.0],
    [-0.0, -0.0, -0.00322094],
    [-0.0, -0.0, 0.01184334],
    [-0.0, -0.0, 0.01197858],
    [-0.0, -0.0, -0.0],
    [-0.0, -0.0, -0.01197858],
    [0.0, -0.0, -0.03316245],
    [-0.0, -0.0, -0.0],
    [0.0, -0.0, 0.03316245],
    [-0.0, 0.04780795, -0.0],
    [-0.0, 0.02546499, -0.00502976],
    [-0.0, -0.02546499, 0.00502976],
    [-0.0, -0.04780795, -0.0],
    [-0.0, -0.02546499, -0.00502976],
    [-0.0, 0.02546499, 0.00502976],
    [-0.0, -0.0, -0.0],
    [-0.0, -0.0, 0.02041682],
    [-0.0, -0.0, 0.03439493],
    [-0.0, -0.0, -0.0],
    [-0.0, -0.0, -0.03439493],
    [-0.0, -0.0, -0.02041682]
  ],
  "relaxed_lattice": [
    [3.85533503, 0.0, 0.0],
    [0.0, 7.71990014, 0.0],
    [0.0, 0.0, 11.55080417]
  ],
  "relaxed_basis": [
    [0.0, 0.5007325, 0.3333333],
    [0.0, 0.00523397, 0.66304458],
    [0.0, 0.49476603, 0.00362212],
    [0.0, 0.9992675, 0.3333333],
    [0.0, 0.49476603, 0.66304458],
    [0.0, 0.00523397, 0.00362212],
    [0.5, 0.75, 0.8333333],
    [0.5, 0.25, 0.4991257],
    [0.5, 0.75, 0.16659968],
    [0.5, 0.25, 0.8333333],
    [0.5, 0.75, 0.50006702],
    [0.5, 0.25, 0.167541],
    [0.5, 0.75, 0.66880946],
    [0.5, 0.25, 0.3333333],
    [0.5, 0.75, 0.99785724],
    [0.5, 0.25, 0.66538514],
    [0.5, 0.75, 0.3333333],
    [0.5, 0.25, 0.00128156],
    [0.5, 0.50419638, 0.8333333],
    [0.5, 0.00037785, 0.50047845],
    [0.5, 0.49962215, 0.16618825],
    [0.5, 0.99580362, 0.8333333],
    [0.5, 0.49962215, 0.50047845],
    [0.5, 0.00037785, 0.16618825],
    [0.0, 0.75, 0.8333333],
    [0.0, 0.25, 0.50083935],
    [0.0, 0.75, 0.16670482],
    [0.0, 0.25, 0.8333333],
    [0.0, 0.75, 0.49996188],
    [0.0, 0.25, 0.16582735]
  ],
  "relaxed_energy": -206.77481669,
  "relaxed_magmom": 8.9984,
  "relaxed_mag_basis": [
    0.008,
    0.01,
    0.01,
    0.008,
    0.01,
    0.01,
    3.316,
    1.358,
    1.413,
    1.493,
    1.413,
    1.358,
    -0.035,
    -0.086,
    -0.035,
    -0.086,
    -0.13,
    -0.086,
    -0.028,
    -0.087,
    -0.087,
    -0.028,
    -0.087,
    -0.087,
    -0.053,
    -0.084,
    -0.083,
    -0.066,
    -0.083,
    -0.084
  ]
}