{
  "atom_type": [
    "La",
    "Mn",
    "Ni",
    "O"
  ],
  "atoms_per_type": [
    6,
    3,
    3,
    18
  ],
  "coord_mode": "direct",
  "relaxed_forces": [
    [-0.05321073, -0.05321073, -0.05321073],
    [-0.06209217, -0.06209217, -0.06209217],
    [0.03700801, 0.03700801, 0.03700801],
    [0.0537824, 0.0537824, 0.0537824],
    [0.02727906, 0.02727906, 0.02727906],
    [0.03184959, 0.03184959, 0.03184959],
    [0.0409217, 0.0409217, 0.0409217],
    [0.00361946, 0.00361946, 0.00361946],
    [-0.07130908, -0.07130908, -0.07130908],
    [-0.0067796, -0.0067796, -0.0067796],
    [-0.01123238, -0.01123238, -0.01123238],
    [0.0054955, 0.0054955, 0.0054955],
    [-0.01508944, -0.01508944, 0.01320362],
    [0.03698334, 0.03698334, 0.00338863],
    [-0.00412809, -0.00412809, -0.0193252],
    [-0.03112583, -0.03112583, -0.00067669],
    [0.02510953, 0.02510953, 0.02018618],
    [-0.01779498, -0.01779498, -1.734e-05],
    [-0.01508944, 0.01320362, -0.01508944],
    [0.03698334, 0.00338863, 0.03698334],
    [-0.00412809, -0.0193252, -0.00412809],
    [-0.03112583, -0.00067669, -0.03112583],
    [0.02510953, 0.02018618, 0.02510953],
    [-0.01779498, -1.734e-05, -0.01779498],
    [0.01320362, -0.01508944, -0.01508944],
    [0.00338863, 0.03698334, 0.03698334],
    [-0.0193252, -0.00412809, -0.00412809],
    [-0.00067669, -0.03112583, -0.03112583],
    [0.02018618, 0.02510953, 0.02510953],
    [-1.734e-05, -0.01779498, -0.01779498]
  ],
  "relaxed_lattice": [
    [3.88011919, 0.0, -3.88011919],
    [-3.88011919, 3.88011919, 0.0],
    [7.77821953, 7.77821953, 7.77821953]
  ],
  "relaxed_basis": [
    [0.6666667, 0.3333333, 0.8391356],
    [0.3333333, 0.6666667, 0.67337217],
    [0.0, 0.0, 0.49840039],
    [0.6666667, 0.3333333, 0.31490489],
    [0.3333333, 0.6666667, 0.16317648],
    [0.0, 0.0, 0.01166717],
    [0.6666667, 0.3333333, 0.58367843],
    [0.3333333, 0.6666667, 0.41689763],
    [0.3333333, 0.6666667, 0.91540784],
    [0.0, 0.0, 0.75015045],
    [0.6666667, 0.3333333, 0.0818963],
    [0.0, 0.0, 0.25179281],
    [0.65977435, 0.82988712, 0.33752624],
    [0.00133893, 0.50066946, 0.50194287],
    [0.33978605, 0.16989308, 0.663622],
    [0.65859334, 0.82929662, 0.83263531],
    [0.00700848, 0.50350424, 0.99662059],
    [0.33317043, 0.16658527, 0.16749293],
    [0.17011288, 0.34022565, 0.33752624],
    [0.49933054, 0.99866107, 0.50194287],
    [0.83010692, 0.66021395, 0.663622],
    [0.17070338, 0.34140666, 0.83263531],
    [0.49649576, 0.99299152, 0.99662059],
    [0.83341473, 0.66682957, 0.16749293],
    [0.17011288, 0.82988712, 0.33752624],
    [0.49933054, 0.50066946, 0.50194287],
    [0.83010692, 0.16989308, 0.663622],
    [0.17070338, 0.82929662, 0.83263531],
    [0.49649576, 0.50350424, 0.99662059],
    [0.83341473, 0.16658527, 0.16749293]
  ],
  "relaxed_energy": -220.73741887,
  "relaxed_magmom": 14.9939,
  "relaxed_mag_basis": [
    0.014,
    0.016,
    0.019,
    0.01,
    0.005,
    0.007,
    3.247,
    3.321,
    3.245,
    1.675,
    1.72,
    1.671,
    -0.038,
    -0.006,
    -0.027,
    0.004,
    -0.001,
    0.051,
    -0.048,
    -0.012,
    -0.034,
    -0.002,
    -0.009,
    0.045,
    -0.049,
    -0.01,
    -0.037,
    -0.006,
    -0.016,
    0.042
  ]
}