{
  "atom_type": [
    "La",
    "Mn",
    "Ni",
    "O"
  ],
  "atoms_per_type": [
    6,
    2,
    4,
    18
  ],
  "coord_mode": "direct",
  "relaxed_forces": [
    [0.0, 0.02392003, -0.00687433],
    [0.0, -0.0, 0.0],
    [0.0, -0.02392003, 0.00687433],
    [0.0, -0.02392003, -0.00687433],
    [0.0, -0.0, 0.0],
    [-0.0, 0.02392003, 0.00687433],
    [-0.0, -0.0, -0.1102064],
    [-0.0, -0.0, 0.1102064],
    [0.0, -0.0, 0.00490694],
    [0.0, -0.0, 0.01230253],
    [0.0, -0.0, -0.00490694],
    [0.0, -0.0, -0.01230253],
    [-0.0, -0.0, -0.02528651],
    [-0.0, -0.0, 0.07470865],
    [-0.0, -0.0, -0.07470865],
    [-0.0, -0.0, 0.02528651],
    [0.0, -0.0, 0.00184581],
    [0.0, -0.0, -0.00184581],
    [0.0, 0.02842212, -0.0074155],
    [0.0, 0.02842212, 0.0074155],
    [0.0, -0.0, 0.0],
    [0.0, -0.02842212, -0.0074155],
    [0.0, -0.02842212, 0.0074155],
    [0.0, -0.0, 0.0],
    [0.0, -0.0, -0.03939507],
    [0.0, -0.0, 0.03939507],
    [0.0, -0.0, 0.04280612],
    [-0.0, -0.0, 0.04452877],
    [-0.0, -0.0, -0.04452877],
    [0.0, -0.0, -0.04280612]
  ],
  "relaxed_lattice": [
    [3.86182919, 0.0, 0.0],
    [0.0, 7.73440569, 0.0],
    [0.0, 0.0, 11.57616012]
  ],
  "relaxed_basis": [
    [0.0, 0.50789905, 0.3294326],
    [0.0, 0.0, 0.6666667],
    [0.0, 0.49210095, 0.0039007],
    [0.0, 0.99210095, 0.3294326],
    [0.0, 0.5, 0.6666667],
    [0.0, 0.00789905, 0.0039007],
    [0.5, 0.25, 0.49939491],
    [0.5, 0.75, 0.83393839],
    [0.5, 0.25, 0.83307887],
    [0.5, 0.75, 0.16522778],
    [0.5, 0.75, 0.50025443],
    [0.5, 0.25, 0.16810562],
    [0.5, 0.75, 0.66963343],
    [0.5, 0.25, 0.33587664],
    [0.5, 0.75, 0.99745666],
    [0.5, 0.25, 0.66369997],
    [0.5, 0.75, 0.33258281],
    [0.5, 0.25, 0.00075049],
    [0.5, 0.50518961, 0.8324128],
    [0.5, 0.00518961, 0.5009205],
    [0.5, 0.5, 0.1666667],
    [0.5, 0.99481039, 0.8324128],
    [0.5, 0.49481039, 0.5009205],
    [0.5, 0.0, 0.1666667],
    [0.0, 0.75, 0.83160991],
    [0.0, 0.25, 0.50172339],
    [0.0, 0.75, 0.16822659],
    [0.0, 0.25, 0.83344874],
    [0.0, 0.75, 0.49988456],
    [0.0, 0.25, 0.16510681]
  ],
  "relaxed_energy": -213.77192949,
  "relaxed_magmom": 11.9995,
  "relaxed_mag_basis": [
    0.009,
    0.014,
    0.009,
    0.009,
    0.014,
    0.009,
    3.326,
    3.326,
    1.554,
    1.449,
    1.554,
    1.449,
    -0.023,
    -0.018,
    -0.018,
    -0.023,
    -0.087,
    -0.087,
    -0.013,
    -0.013,
    -0.075,
    -0.013,
    -0.013,
    -0.075,
    -0.055,
    -0.055,
    -0.056,
    -0.049,
    -0.049,
    -0.056
  ]
}