{
  "atom_type": [
    "La",
    "Mn",
    "Ni",
    "O"
  ],
  "atoms_per_type": [
    6,
    5,
    1,
    18
  ],
  "coord_mode": "direct",
  "relaxed_forces": [
    [0.08974803, 0.04373853, -0.08974803],
    [-0.08974803, -0.04373853, 0.08974803],
    [0.0, -0.05599321, -0.0],
    [0.08974803, -0.04373853, -0.08974803],
    [-0.08974803, 0.04373853, 0.08974803],
    [0.0, 0.05599321, -0.0],
    [0.00150072, -0.0, -0.00150072],
    [0.00986634, -0.0, -0.00986634],
    [0.0, -0.0, -0.0],
    [-0.00150072, -0.0, 0.00150072],
    [-0.00986634, -0.0, 0.00986634],
    [0.0, -0.0, -0.0],
    [0.0, -0.0, -0.0],
    [0.00147171, -0.0, 0.04132235],
    [0.03897991, -0.0, -0.0241673],
    [0.0, -0.0, -0.0],
    [-0.03897991, -0.0, 0.0241673],
    [-0.00147171, -0.0, -0.04132235],
    [-0.01855552, 0.02716034, 0.01855552],
    [0.01855552, -0.02716034, -0.01855552],
    [0.0, -0.06367141, -0.0],
    [-0.01855552, -0.02716034, 0.01855552],
    [0.01855552, 0.02716034, -0.01855552],
    [0.0, 0.06367141, -0.0],
    [0.0241673, -0.0, -0.03897991],
    [0.0, -0.0, -0.0],
    [-0.0241673, -0.0, 0.03897991],
    [0.04132235, -0.0, 0.00147171],
    [-0.0, -0.0, -0.0],
    [-0.04132235, -0.0, -0.00147171]
  ],
  "relaxed_lattice": [
    [3.91647094, 0.0, 3.91647094],
    [0.0, -7.85572366, 0.0],
    [3.91129201, 0.0, -7.82776294]
  ],
  "relaxed_basis": [
    [0.33536292, 0.50222502, 0.67072595],
    [0.66463708, 0.99777498, 0.32927405],
    [0.0, 0.50536389, 0.0],
    [0.33536292, 0.99777498, 0.67072595],
    [0.66463708, 0.50222502, 0.32927405],
    [0.0, 0.99463611, 0.0],
    [0.83347304, 0.75, 0.66694618],
    [0.16699687, 0.25, 0.33399364],
    [0.5, 0.25, 0.0],
    [0.16652696, 0.75, 0.33305382],
    [0.83300313, 0.25, 0.66600636],
    [0.5, 0.75, 0.0],
    [0.0, 0.25, 0.5],
    [0.66710091, 0.75, 0.83206137],
    [0.33371349, 0.25, 0.16722945],
    [0.0, 0.75, 0.5],
    [0.66628651, 0.25, 0.83277055],
    [0.33289909, 0.75, 0.16793863],
    [0.16685694, 0.49899321, 0.33371378],
    [0.83314306, 0.00100679, 0.66628622],
    [0.5, 0.49530501, 0.0],
    [0.16685694, 0.00100679, 0.33371378],
    [0.83314306, 0.49899321, 0.66628622],
    [0.5, 0.00469499, 0.0],
    [0.83351586, 0.25, 0.16722945],
    [0.5, 0.75, 0.5],
    [0.16648414, 0.25, 0.83277055],
    [0.83503944, 0.75, 0.16793863],
    [0.5, 0.25, 0.5],
    [0.16496056, 0.75, 0.83206137]
  ],
  "relaxed_energy": -232.29145651,
  "relaxed_magmom": 21.0018,
  "relaxed_mag_basis": [
    0.019,
    0.019,
    0.017,
    0.019,
    0.019,
    0.017,
    3.816,
    3.847,
    3.745,
    3.816,
    3.847,
    1.69,
    -0.027,
    -0.003,
    -0.03,
    -0.034,
    -0.03,
    -0.003,
    -0.023,
    -0.023,
    -0.005,
    -0.022,
    -0.022,
    -0.005,
    -0.031,
    -0.038,
    -0.031,
    -0.009,
    -0.031,
    -0.009
  ]
}