{
  "atom_type": [
    "La",
    "Mn",
    "Ni",
    "O"
  ],
  "atoms_per_type": [
    6,
    5,
    1,
    18
  ],
  "coord_mode": "direct",
  "relaxed_forces": [
    [-0.0, 0.0, 0.02766381],
    [-0.0, 0.0, -0.0],
    [-0.0, 0.0, -0.02766381],
    [-0.0, 0.0, 0.02766381],
    [-0.0, -0.0, -0.0],
    [-0.0, 0.0, -0.02766381],
    [-0.0, 0.0, 0.08369692],
    [0.0, 0.0, -0.03653278],
    [-0.0, 0.0, -0.0],
    [0.0, 0.0, -0.08369692],
    [-0.0, 0.0, 0.03653278],
    [-0.0, 0.0, -0.0],
    [-0.0, -0.0, 0.04556808],
    [-0.0, 0.0, -0.17176494],
    [0.0, 0.0, 0.17176494],
    [0.0, 0.0, -0.04556808],
    [-0.0, 0.0, -0.05074081],
    [0.0, 0.0, 0.05074081],
    [-0.0, -0.02959095, -0.01827234],
    [0.0, 0.02959095, 0.01827234],
    [-0.0, 0.00869916, -0.0],
    [-0.0, 0.02959095, -0.01827234],
    [0.0, -0.02959095, 0.01827234],
    [-0.0, -0.00869916, -0.0],
    [-0.02959095, 0.0, -0.01827234],
    [0.02959095, 0.0, 0.01827234],
    [0.00869916, -0.0, -0.0],
    [0.02959095, 0.0, -0.01827234],
    [-0.02959095, 0.0, 0.01827234],
    [-0.00869916, -0.0, -0.0]
  ],
  "relaxed_lattice": [
    [3.91747816, -3.91747816, 0.0],
    [3.91747816, 3.91747816, 0.0],
    [-3.91747816, 0.0, 11.79934672]
  ],
  "relaxed_basis": [
    [0.16472218, 0.16472218, 0.32944426],
    [0.3333333, 0.3333333, 0.6666667],
    [0.50194452, 0.50194452, 0.00388904],
    [0.66472218, 0.66472218, 0.32944426],
    [0.8333333, 0.8333333, 0.6666667],
    [0.00194452, 0.00194452, 0.00388904],
    [0.75021402, 0.25021402, 0.50042804],
    [0.91723693, 0.41723693, 0.83447376],
    [0.5833333, 0.0833333, 0.1666667],
    [0.41645268, 0.91645268, 0.83290526],
    [0.24942977, 0.74942977, 0.49885954],
    [0.0833333, 0.5833333, 0.1666667],
    [0.83476379, 0.33476379, 0.66952767],
    [0.66694513, 0.16694513, 0.33389017],
    [0.49972157, 0.99972157, 0.99944313],
    [0.33190281, 0.83190281, 0.66380573],
    [0.16719786, 0.66719786, 0.33439561],
    [0.99946884, 0.49946884, 0.99893769],
    [0.16651734, 0.16586106, 0.83237831],
    [0.00014936, 0.00080564, 0.50095499],
    [0.82856126, 0.83810534, 0.1666667],
    [0.66586106, 0.66651734, 0.83237831],
    [0.50080564, 0.50014936, 0.50095499],
    [0.33810534, 0.32856126, 0.1666667],
    [0.66586106, 0.16586106, 0.83237831],
    [0.50080564, 0.00080564, 0.50095499],
    [0.33810534, 0.83810534, 0.1666667],
    [0.16651734, 0.66651734, 0.83237831],
    [0.00014936, 0.50014936, 0.50095499],
    [0.82856126, 0.32856126, 0.1666667]
  ],
  "relaxed_energy": -232.41458885,
  "relaxed_magmom": 20.999,
  "relaxed_mag_basis": [
    0.017,
    0.022,
    0.017,
    0.017,
    0.022,
    0.017,
    3.91,
    3.798,
    3.586,
    3.91,
    3.812,
    1.716,
    -0.036,
    -0.027,
    -0.027,
    -0.036,
    0.005,
    0.005,
    -0.03,
    -0.027,
    -0.002,
    -0.028,
    -0.025,
    -0.002,
    -0.028,
    -0.025,
    -0.003,
    -0.034,
    -0.032,
    -0.003
  ]
}