{
  "atom_type": [
    "La",
    "Mn",
    "Ni",
    "O"
  ],
  "atoms_per_type": [
    4,
    2,
    2,
    12
  ],
  "coord_mode": "direct",
  "relaxed_forces": [
    [0.02863302, 0.01025993, -0.01025993],
    [-0.02863302, -0.01025993, 0.01025993],
    [-0.02863302, 0.01025993, -0.01025993],
    [0.02863302, -0.01025993, 0.01025993],
    [-0.0, 0.0128076, -0.0128076],
    [-0.0, -0.0128076, 0.0128076],
    [-0.0, 0.03834749, -0.03834749],
    [-0.0, -0.03834749, 0.03834749],
    [-0.0, -0.0, -0.0],
    [-0.0, 0.04336134, -0.00502793],
    [-0.0, -0.0, -0.0],
    [-0.0, -0.04336134, 0.00502793],
    [-0.0, -0.00502793, 0.04336134],
    [-0.0, -0.0, -0.0],
    [-0.0, 0.00502793, -0.04336134],
    [-0.0, -0.0, -0.0],
    [-0.00424741, 0.03472119, -0.03472119],
    [-0.00424741, -0.03472119, 0.03472119],
    [0.00424741, 0.03472119, -0.03472119],
    [0.00424741, -0.03472119, 0.03472119]
  ],
  "relaxed_lattice": [
    [0.0, 3.87606342, 3.87606342],
    [3.88398174, -3.87374374, 3.87374374],
    [3.88398174, 3.87374374, -3.87374374]
  ],
  "relaxed_basis": [
    [0.5, 0.25689149, 0.76265494],
    [0.0, 0.49310851, 0.48734506],
    [0.5, 0.73734506, 0.24310851],
    [0.0, 0.01265494, 0.00689149],
    [0.5, 0.74909214, 0.75090786],
    [0.0, 0.00090786, 0.49909214],
    [0.5, 0.24832076, 0.25167924],
    [0.0, 0.50167924, 0.99832076],
    [0.75, 0.875, 0.625],
    [0.2573077, 0.62768052, 0.87231948],
    [0.75, 0.375, 0.125],
    [0.2426923, 0.12231948, 0.37768052],
    [0.7573077, 0.12231948, 0.37768052],
    [0.25, 0.875, 0.625],
    [0.7426923, 0.62768052, 0.87231948],
    [0.25, 0.375, 0.125],
    [0.0, 0.75644369, 0.25618454],
    [0.5, 0.50618454, 0.50644369],
    [0.0, 0.24381546, 0.74355631],
    [0.5, 0.99355631, 0.99381546]
  ],
  "relaxed_energy": -147.21536447,
  "relaxed_magmom": 10.0002,
  "relaxed_mag_basis": [
    0.01,
    0.01,
    0.013,
    0.013,
    3.257,
    3.257,
    1.69,
    1.69,
    -0.008,
    -0.035,
    0.041,
    -0.035,
    -0.034,
    -0.007,
    -0.034,
    0.038,
    0.004,
    -0.004,
    -0.004,
    0.004
  ]
}