{
  "atom_type": [
    "La",
    "Mn",
    "Ni",
    "O"
  ],
  "atoms_per_type": [
    6,
    5,
    1,
    18
  ],
  "coord_mode": "direct",
  "relaxed_forces": [
    [-0.03053163, -0.03053163, -0.03053163],
    [0.03053163, 0.03053163, 0.03053163],
    [-0.0205808, -0.0205808, -0.0205808],
    [-0.01616492, -0.01616492, -0.01616492],
    [0.01616492, 0.01616492, 0.01616492],
    [0.0205808, 0.0205808, 0.0205808],
    [-0.00130154, -0.00130154, -0.00130154],
    [0.09397349, 0.09397349, 0.09397349],
    [0.0, 0.0, 0.0],
    [0.00130154, 0.00130154, 0.00130154],
    [-0.09397349, -0.09397349, -0.09397349],
    [0.0, 0.0, 0.0],
    [-0.03889386, -0.03889386, -0.08329113],
    [-0.03144526, -0.03144526, 0.00804156],
    [0.0152407, 0.0152407, -0.03311208],
    [-0.0152407, -0.0152407, 0.03311208],
    [0.03144526, 0.03144526, -0.00804156],
    [0.03889386, 0.03889386, 0.08329113],
    [-0.03889386, -0.08329113, -0.03889386],
    [-0.03144526, 0.00804156, -0.03144526],
    [0.0152407, -0.03311208, 0.0152407],
    [-0.0152407, 0.03311208, -0.0152407],
    [0.03144526, -0.00804156, 0.03144526],
    [0.03889386, 0.08329113, 0.03889386],
    [-0.08329113, -0.03889386, -0.03889386],
    [0.00804156, -0.03144526, -0.03144526],
    [-0.03311208, 0.0152407, 0.0152407],
    [0.03311208, -0.0152407, -0.0152407],
    [-0.00804156, 0.03144526, 0.03144526],
    [0.08329113, 0.03889386, 0.03889386]
  ],
  "relaxed_lattice": [
    [3.91912835, 0.0, -3.91912835],
    [-3.91912835, 3.91912835, 0.0],
    [7.84221486, 7.84221486, 7.84221486]
  ],
  "relaxed_basis": [
    [0.6666667, 0.3333333, 0.83377944],
    [0.3333333, 0.6666667, 0.66622056],
    [0.0, 0.0, 0.49344819],
    [0.6666667, 0.3333333, 0.32796714],
    [0.3333333, 0.6666667, 0.17203286],
    [0.0, 0.0, 0.00655181],
    [0.6666667, 0.3333333, 0.58272998],
    [0.3333333, 0.6666667, 0.41581389],
    [0.0, 0.0, 0.75],
    [0.3333333, 0.6666667, 0.91727002],
    [0.6666667, 0.3333333, 0.08418611],
    [0.0, 0.0, 0.25],
    [0.66349057, 0.83174524, 0.33468204],
    [0.00711233, 0.50355616, 0.49865192],
    [0.32933999, 0.16467004, 0.6679643],
    [0.67066001, 0.83532996, 0.8320357],
    [0.99288767, 0.49644384, 0.00134808],
    [0.33650943, 0.16825476, 0.16531796],
    [0.16825476, 0.33650943, 0.33468204],
    [0.49644384, 0.99288767, 0.49865192],
    [0.83532996, 0.67066001, 0.6679643],
    [0.16467004, 0.32933999, 0.8320357],
    [0.50355616, 0.00711233, 0.00134808],
    [0.83174524, 0.66349057, 0.16531796],
    [0.16825476, 0.83174524, 0.33468204],
    [0.49644384, 0.50355616, 0.49865192],
    [0.83532996, 0.16467004, 0.6679643],
    [0.16467004, 0.83532996, 0.8320357],
    [0.50355616, 0.49644384, 0.00134808],
    [0.83174524, 0.16825476, 0.16531796]
  ],
  "relaxed_energy": -232.31846239,
  "relaxed_magmom": 21.0007,
  "relaxed_mag_basis": [
    0.022,
    0.022,
    0.019,
    0.014,
    0.014,
    0.019,
    4.1,
    3.56,
    3.644,
    4.101,
    3.56,
    1.717,
    0.016,
    -0.036,
    -0.016,
    -0.016,
    -0.036,
    0.016,
    0.008,
    -0.036,
    -0.023,
    -0.023,
    -0.036,
    0.008,
    0.0,
    -0.037,
    -0.029,
    -0.029,
    -0.037,
    0.0
  ]
}