{
  "atom_type": [
    "La",
    "Mn",
    "Ni",
    "O"
  ],
  "atoms_per_type": [
    6,
    2,
    4,
    18
  ],
  "coord_mode": "direct",
  "relaxed_forces": [
    [0.05900618, 0.06358717, -0.05900618],
    [-0.05900618, 0.06358717, 0.05900618],
    [0.0, -0.0, -0.0],
    [0.05900618, -0.06358717, -0.05900618],
    [-0.05900618, -0.06358717, 0.05900618],
    [0.0, -0.0, -0.0],
    [-0.02607359, -0.0, 0.02607359],
    [0.02607359, -0.0, -0.02607359],
    [0.01653203, -0.0, -0.01653203],
    [0.0082027, -0.0, -0.0082027],
    [-0.01653203, -0.0, 0.01653203],
    [-0.0082027, -0.0, 0.0082027],
    [0.01902487, -0.0, 0.01436536],
    [-0.00724905, -0.0, 0.02858044],
    [0.00724905, -0.0, -0.02858044],
    [-0.01902487, -0.0, -0.01436536],
    [-0.00895012, -0.0, 0.02024968],
    [0.00895012, -0.0, -0.02024968],
    [-0.01334962, 0.01157031, 0.01334962],
    [0.01334962, 0.01157031, -0.01334962],
    [0.0, -0.0, -0.0],
    [-0.01334962, -0.01157031, 0.01334962],
    [0.01334962, -0.01157031, -0.01334962],
    [0.0, -0.0, -0.0],
    [0.02858044, -0.0, -0.00724905],
    [0.01436536, -0.0, 0.01902487],
    [-0.02024968, -0.0, 0.00895012],
    [0.02024968, -0.0, -0.00895012],
    [-0.01436536, -0.0, -0.01902487],
    [-0.02858044, -0.0, 0.00724905]
  ],
  "relaxed_lattice": [
    [3.86143668, 0.0, 3.86143668],
    [0.0, -7.73748204, 0.0],
    [3.87532682, 0.0, -7.73676349]
  ],
  "relaxed_basis": [
    [0.33506552, 0.49749969, 0.67013115],
    [0.66493448, 0.99749969, 0.32986885],
    [0.0, 0.5, 0.0],
    [0.33506552, 0.00250031, 0.67013115],
    [0.66493448, 0.50250031, 0.32986885],
    [0.0, 0.0, 0.0],
    [0.83300451, 0.75, 0.66600912],
    [0.16699549, 0.25, 0.33399088],
    [0.16687721, 0.75, 0.33375432],
    [0.49991033, 0.25, 0.99982067],
    [0.83312279, 0.25, 0.66624568],
    [0.50008967, 0.75, 0.00017933],
    [0.00219015, 0.25, 0.4977045],
    [0.66852053, 0.75, 0.83048373],
    [0.33147947, 0.25, 0.16951627],
    [0.99780985, 0.75, 0.5022955],
    [0.66640489, 0.25, 0.83316937],
    [0.33359511, 0.75, 0.16683063],
    [0.16675305, 0.49524655, 0.33350599],
    [0.83324695, 0.99524655, 0.66649401],
    [0.5, 0.5, 0.0],
    [0.16675305, 0.00475345, 0.33350599],
    [0.83324695, 0.50475345, 0.66649401],
    [0.5, 0.0, 0.0],
    [0.8380367, 0.25, 0.16951627],
    [0.50448565, 0.75, 0.5022955],
    [0.16676457, 0.25, 0.83316937],
    [0.83323543, 0.75, 0.16683063],
    [0.49551435, 0.25, 0.4977045],
    [0.1619633, 0.75, 0.83048373]
  ],
  "relaxed_energy": -214.01737586,
  "relaxed_magmom": 12.0004,
  "relaxed_mag_basis": [
    0.012,
    0.012,
    0.01,
    0.012,
    0.012,
    0.01,
    3.265,
    3.265,
    1.575,
    1.483,
    1.575,
    1.483,
    -0.018,
    -0.021,
    -0.021,
    -0.018,
    -0.082,
    -0.082,
    -0.017,
    -0.018,
    -0.082,
    -0.018,
    -0.017,
    -0.079,
    -0.025,
    -0.027,
    -0.091,
    -0.091,
    -0.027,
    -0.025
  ]
}