{
  "atom_type": [
    "La",
    "Mn",
    "Ni",
    "O"
  ],
  "atoms_per_type": [
    5,
    1,
    4,
    15
  ],
  "coord_mode": "direct",
  "relaxed_forces": [
    [0.0, 0.0, 0.12890055],
    [0.0, 0.0, -0.0],
    [-0.0, 0.0, -0.12890055],
    [0.0, 0.0, -0.0241784],
    [0.0, 0.0, 0.0241784],
    [0.0, 0.0, -0.0],
    [0.0, -0.0, -0.03098808],
    [0.0, -0.0, -0.04037729],
    [0.0, 0.0, 0.04037729],
    [0.0, -0.0, 0.03098808],
    [0.0, -0.0, -0.04659373],
    [0.0, -0.0, -0.0194567],
    [0.0, -0.0, -0.0],
    [0.0, 0.0, 0.0194567],
    [0.0, 0.0, 0.04659373],
    [0.0, 0.0, -0.0],
    [-0.0, 0.0, 0.00266938],
    [0.0, 0.0, -0.00438556],
    [0.0, 0.0, 0.00438556],
    [-0.0, 0.0, -0.00266938],
    [0.0, 0.0, -0.0],
    [0.0, 0.0, 0.00266938],
    [0.0, -0.0, -0.00438556],
    [0.0, 0.0, 0.00438556],
    [0.0, 0.0, -0.00266938]
  ],
  "relaxed_lattice": [
    [3.85890287, 0.0, 0.0],
    [0.0, 3.85890287, 0.0],
    [0.0, 0.0, 19.2772522]
  ],
  "relaxed_basis": [
    [0.0, 0.0, 0.20173866],
    [0.0, 0.0, 0.4],
    [0.0, 0.0, 0.59826134],
    [0.0, 0.0, 0.79399412],
    [0.0, 0.0, 0.00600588],
    [0.5, 0.5, 0.9],
    [0.5, 0.5, 0.69938893],
    [0.5, 0.5, 0.49982577],
    [0.5, 0.5, 0.30017423],
    [0.5, 0.5, 0.10061107],
    [0.5, 0.5, 0.80171664],
    [0.5, 0.5, 0.59902558],
    [0.5, 0.5, 0.4],
    [0.5, 0.5, 0.20097442],
    [0.5, 0.5, 0.99828336],
    [0.5, 0.0, 0.9],
    [0.5, 0.0, 0.70102111],
    [0.5, 0.0, 0.50020982],
    [0.5, 0.0, 0.29979018],
    [0.5, 0.0, 0.09897889],
    [0.0, 0.5, 0.9],
    [0.0, 0.5, 0.70102111],
    [0.0, 0.5, 0.50020982],
    [0.0, 0.5, 0.29979018],
    [0.0, 0.5, 0.09897889]
  ],
  "relaxed_energy": -173.3386007,
  "relaxed_magmom": 8.0032,
  "relaxed_mag_basis": [
    0.009,
    0.01,
    0.009,
    0.015,
    0.015,
    3.455,
    1.462,
    1.362,
    1.362,
    1.462,
    -0.024,
    -0.107,
    -0.098,
    -0.107,
    -0.024,
    -0.068,
    -0.037,
    -0.06,
    -0.06,
    -0.037,
    -0.04,
    -0.099,
    -0.128,
    -0.128,
    -0.099
  ]
}