{
  "atom_type": [
    "La",
    "Mn",
    "Ni",
    "O"
  ],
  "atoms_per_type": [
    3,
    1,
    2,
    9
  ],
  "coord_mode": "direct",
  "relaxed_forces": [
    [-0.08959663, 0.08959663, 0.08959663],
    [-0.0, 0.0, 0.0],
    [0.08959663, -0.08959663, -0.08959663],
    [-0.0, 0.0, 0.0],
    [0.09429, -0.09429, -0.09429],
    [-0.09429, 0.09429, 0.09429],
    [0.0, 0.0, 0.0],
    [0.05626447, 0.00069549, 0.00069549],
    [-0.05626447, -0.00069549, -0.00069549],
    [0.00069549, 0.05626447, -0.00069549],
    [0.0, 0.0, 0.0],
    [-0.00069549, -0.05626447, 0.00069549],
    [0.00069549, -0.00069549, 0.05626447],
    [0.0, 0.0, 0.0],
    [-0.00069549, 0.00069549, -0.05626447]
  ],
  "relaxed_lattice": [
    [-3.86453874, 0.0, -3.86453874],
    [0.0, -3.86453874, 3.86453874],
    [-3.87784429, 3.87784429, 3.87784429]
  ],
  "relaxed_basis": [
    [0.0, 0.0, 0.00406788],
    [0.6666667, 0.3333333, 0.3333333],
    [0.3333333, 0.6666667, 0.66259882],
    [0.6666667, 0.3333333, 0.8333333],
    [0.3333333, 0.6666667, 0.16743054],
    [0.0, 0.0, 0.49923616],
    [0.6666667, 0.8333333, 0.3333333],
    [0.33874668, 0.16937339, 0.6698704],
    [0.99458662, 0.49729331, 0.9967963],
    [0.50270669, 0.00541338, 0.9967963],
    [0.1666667, 0.3333333, 0.3333333],
    [0.83062661, 0.66125332, 0.6698704],
    [0.50270669, 0.49729331, 0.9967963],
    [0.1666667, 0.8333333, 0.3333333],
    [0.83062661, 0.16937339, 0.6698704]
  ],
  "relaxed_energy": -106.9983831,
  "relaxed_magmom": 5.999,
  "relaxed_mag_basis": [
    0.013,
    0.01,
    0.012,
    3.251,
    1.546,
    1.545,
    -0.015,
    -0.013,
    -0.013,
    -0.02,
    -0.117,
    -0.02,
    -0.028,
    -0.144,
    -0.028
  ]
}