{
  "atom_type": [
    "La",
    "Mn",
    "Ni",
    "O"
  ],
  "atoms_per_type": [
    2,
    1,
    1,
    6
  ],
  "coord_mode": "direct",
  "relaxed_forces": [
    [-0.0, -0.0, -0.0],
    [-0.0, -0.0, -0.0],
    [-0.0, -0.0, -0.0],
    [-0.0, -0.0, -0.0],
    [0.03467666, -0.0, -0.0],
    [-0.03467666, -0.0, -0.0],
    [-0.0, 0.03467666, -0.0],
    [-0.0, -0.03467666, -0.0],
    [-0.0, -0.0, 0.03467666],
    [-0.0, -0.0, -0.03467666]
  ],
  "relaxed_lattice": [
    [0.0, 3.88024746, 3.88024746],
    [3.88024746, 0.0, 3.88024746],
    [3.88024746, 3.88024746, 0.0]
  ],
  "relaxed_basis": [
    [0.0, 0.0, 0.0],
    [0.5, 0.5, 0.5],
    [0.75, 0.75, 0.75],
    [0.25, 0.25, 0.25],
    [0.50513738, 0.99486262, 0.99486262],
    [0.99486262, 0.50513738, 0.50513738],
    [0.99486262, 0.50513738, 0.99486262],
    [0.50513738, 0.99486262, 0.50513738],
    [0.99486262, 0.99486262, 0.50513738],
    [0.50513738, 0.50513738, 0.99486262]
  ],
  "relaxed_energy": -73.80415971,
  "relaxed_magmom": 5.0001,
  "relaxed_mag_basis": [
    0.012,
    0.012,
    3.204,
    1.697,
    -0.001,
    -0.001,
    -0.003,
    -0.004,
    0.007,
    0.007
  ]
}