{
  "atom_type": [
    "La",
    "Mn",
    "Ni",
    "O"
  ],
  "atoms_per_type": [
    2,
    1,
    1,
    6
  ],
  "coord_mode": "direct",
  "relaxed_forces": [
    [0.0, 0.0, -0.0],
    [0.0, 0.0, -0.0],
    [0.0, 0.0, -0.0],
    [0.0, 0.0, -0.0],
    [0.0, 0.0, -0.0],
    [0.0, 0.0, -0.0],
    [0.0, -0.21651063, -0.0],
    [0.0, 0.21651063, -0.0],
    [0.0, 0.0, -0.21651063],
    [0.0, 0.0, 0.21651063]
  ],
  "relaxed_lattice": [
    [-3.87168419, 0.0, 0.0],
    [0.0, 3.87663451, 3.87663451],
    [0.0, 3.87663451, -3.87663451]
  ],
  "relaxed_basis": [
    [0.0, 0.0, 0.0],
    [0.0, 0.5, 0.5],
    [0.5, 0.0, 0.5],
    [0.5, 0.5, 0.0],
    [0.0, 0.5, 0.0],
    [0.0, 0.0, 0.5],
    [0.5, 0.24511497, 0.74511497],
    [0.5, 0.75488503, 0.25488503],
    [0.5, 0.24511497, 0.25488503],
    [0.5, 0.75488503, 0.74511497]
  ],
  "relaxed_energy": -73.54245552,
  "relaxed_magmom": 4.9996,
  "relaxed_mag_basis": [
    0.011,
    0.011,
    3.357,
    1.647,
    -0.004,
    -0.052,
    -0.009,
    -0.009,
    -0.008,
    -0.008
  ]
}