{
  "atom_type": [
    "La",
    "Mn",
    "Ni",
    "O"
  ],
  "atoms_per_type": [
    6,
    3,
    3,
    18
  ],
  "coord_mode": "direct",
  "relaxed_forces": [
    [0.00993024, -0.00993024, -0.01038337],
    [0.05557085, -0.05557085, -0.02318464],
    [0.00928654, -0.00928654, 0.02341798],
    [-0.01531245, 0.01531245, -0.0325902],
    [0.01768306, -0.01768306, -0.03513043],
    [-0.08353269, 0.08353269, 0.05130223],
    [-0.00812777, 0.00812777, 0.01265176],
    [0.01504049, -0.01504049, 0.03743877],
    [-0.03504412, 0.03504412, -0.01667956],
    [-0.0038293, 0.0038293, -0.02439961],
    [-0.01481151, 0.01481151, 0.02249047],
    [0.02573696, -0.02573696, -0.00475055],
    [0.02897077, -0.02897077, -0.01511313],
    [-0.0183713, 0.0183713, -0.00258415],
    [0.00176669, -0.00176669, -0.02153896],
    [0.00271718, -0.00271718, -0.00153131],
    [0.00626282, -0.00626282, 0.01907772],
    [-0.0322449, 0.0322449, 0.0017565],
    [-0.00681363, -0.00589345, -0.00048273],
    [0.00305715, 0.01506583, 0.01308676],
    [-0.00668535, -0.01131039, 0.01163948],
    [0.03220373, -0.00754319, -0.01510616],
    [0.01438808, 0.00169451, -0.00190198],
    [-0.01211776, -0.0062895, 0.00263989],
    [0.0062895, 0.01211776, 0.00263989],
    [0.00589345, 0.00681363, -0.00048273],
    [-0.01506583, -0.00305715, 0.01308676],
    [0.01131039, 0.00668535, 0.01163948],
    [0.00754319, -0.03220373, -0.01510616],
    [-0.00169451, -0.01438808, -0.00190198]
  ],
  "relaxed_lattice": [
    [3.88180102, 3.88180102, 0.0],
    [-3.88043547, 3.88043547, 3.88250401],
    [3.87849477, -3.87849477, 7.76111606]
  ],
  "relaxed_basis": [
    [0.5, 0.33130201, 0.84140643],
    [0.0, 0.66060051, 0.67413847],
    [0.5, 0.00409272, 0.50204932],
    [0.0, 0.33080678, 0.32359104],
    [0.5, 0.65656836, 0.15995151],
    [0.0, 0.01520144, 0.99826064],
    [0.5, 0.49748182, 0.49990728],
    [0.0, 0.83431968, 0.33326718],
    [0.5, 0.8343598, 0.83352374],
    [0.0, 0.16634116, 0.66494062],
    [0.0, 0.50205112, 0.99988516],
    [0.5, 0.16381422, 0.16821192],
    [0.0, 0.67037007, 0.17233521],
    [0.5, 0.33754204, 0.33821403],
    [0.0, 0.99638607, 0.49700201],
    [0.5, 0.66729836, 0.66532023],
    [0.0, 0.33459051, 0.83015979],
    [0.5, 0.9962515, 0.99551164],
    [0.74915111, 0.66722443, 0.41751282],
    [0.25686192, 0.33762772, 0.58048971],
    [0.74468781, 0.9951169, 0.74988578],
    [0.25676228, 0.67045477, 0.91421006],
    [0.74910363, 0.33275228, 0.08594039],
    [0.24394053, 0.99713481, 0.25312312],
    [0.75605947, 0.99713481, 0.25312312],
    [0.25084889, 0.66722443, 0.41751282],
    [0.74313808, 0.33762772, 0.58048971],
    [0.25531219, 0.9951169, 0.74988578],
    [0.74323772, 0.67045477, 0.91421006],
    [0.25089637, 0.33275228, 0.08594039]
  ],
  "relaxed_energy": -220.81014554,
  "relaxed_magmom": 15.0009,
  "relaxed_mag_basis": [
    0.008,
    0.014,
    0.017,
    0.013,
    0.012,
    0.009,
    3.279,
    3.278,
    3.259,
    1.683,
    1.722,
    1.667,
    -0.006,
    -0.035,
    -0.006,
    -0.01,
    0.031,
    -0.034,
    -0.008,
    -0.034,
    0.0,
    -0.005,
    0.038,
    -0.037,
    -0.038,
    -0.011,
    -0.036,
    -0.001,
    -0.003,
    0.035
  ]
}