{
  "atom_type": [
    "La",
    "Mn",
    "Ni",
    "O"
  ],
  "atoms_per_type": [
    6,
    2,
    4,
    18
  ],
  "coord_mode": "direct",
  "relaxed_forces": [
    [0.0, -0.0, 0.0],
    [-0.01817535, -0.00697131, -0.01817535],
    [0.01817535, -0.00697131, 0.01817535],
    [0.0, -0.0, 0.0],
    [-0.01817535, 0.00697131, -0.01817535],
    [0.01817535, 0.00697131, 0.01817535],
    [0.02119919, -0.0, 0.02119919],
    [-0.02119919, 0.0, -0.02119919],
    [0.00721131, -0.0, 0.00721131],
    [0.01693046, -0.0, 0.01693046],
    [-0.00721131, 0.0, -0.00721131],
    [-0.01693046, 0.0, -0.01693046],
    [0.0, -0.0, 0.0],
    [-0.0089137, 0.0, 0.00454038],
    [-0.01849945, 0.0, -0.0123783],
    [0.0, -0.0, 0.0],
    [0.01849945, -0.0, 0.0123783],
    [0.0089137, -0.0, -0.00454038],
    [-0.00485216, -0.01485992, -0.00485216],
    [0.00485216, -0.01485992, 0.00485216],
    [0.0, 0.0, 0.0],
    [-0.00485216, 0.01485992, -0.00485216],
    [0.00485216, 0.01485992, 0.00485216],
    [0.0, 0.0, 0.0],
    [0.0, 0.0, 0.0],
    [0.00454038, 0.0, -0.0089137],
    [-0.0123783, 0.0, -0.01849945],
    [0.0, -0.0, 0.0],
    [0.0123783, -0.0, 0.01849945],
    [-0.00454038, -0.0, 0.0089137]
  ],
  "relaxed_lattice": [
    [3.85372528, 0.0, -3.85372528],
    [0.0, 7.77540713, 0.0],
    [3.86247852, -3.88770357, 7.7162038]
  ],
  "relaxed_basis": [
    [0.6666667, 0.1666667, 0.3333333],
    [0.33146672, 0.34058556, 0.66293355],
    [0.00186658, 0.51098542, 0.00373315],
    [0.6666667, 0.6666667, 0.3333333],
    [0.33146672, 0.82234788, 0.66293355],
    [0.00186658, 0.99274774, 0.00373315],
    [0.83329228, 0.08329228, 0.66658466],
    [0.50004102, 0.25004102, 8.204e-05],
    [0.49973922, 0.74973922, 0.99947844],
    [0.16718862, 0.91718862, 0.33437714],
    [0.83359408, 0.58359408, 0.66718826],
    [0.16614478, 0.41614478, 0.33228946],
    [0.6666667, 0.1666667, 0.8333333],
    [0.99631957, 0.00189119, 0.50378239],
    [0.33406131, 0.83220683, 0.16441376],
    [0.6666667, 0.6666667, 0.8333333],
    [0.99927199, 0.50112647, 0.50225294],
    [0.33701373, 0.33144211, 0.16288431],
    [0.4997798, 0.00580128, 0.99955959],
    [0.8335535, 0.83957499, 0.66710711],
    [0.1666667, 0.6666667, 0.3333333],
    [0.4997798, 0.49375831, 0.99955959],
    [0.8335535, 0.32753202, 0.66710711],
    [0.1666667, 0.1666667, 0.3333333],
    [0.1666667, 0.1666667, 0.8333333],
    [0.50746282, 0.00189119, 0.50378239],
    [0.83035235, 0.83220683, 0.16441376],
    [0.1666667, 0.6666667, 0.8333333],
    [0.50298095, 0.50112647, 0.50225294],
    [0.82587048, 0.33144211, 0.16288431]
  ],
  "relaxed_energy": -213.90197406,
  "relaxed_magmom": 12.0006,
  "relaxed_mag_basis": [
    0.01,
    0.011,
    0.011,
    0.01,
    0.011,
    0.011,
    3.264,
    3.264,
    1.475,
    1.558,
    1.475,
    1.558,
    -0.011,
    -0.037,
    -0.071,
    -0.062,
    -0.071,
    -0.037,
    -0.005,
    -0.005,
    -0.057,
    -0.005,
    -0.005,
    -0.059,
    -0.01,
    -0.038,
    -0.071,
    -0.058,
    -0.071,
    -0.038
  ]
}