{
  "atom_type": [
    "La",
    "Mn",
    "Ni",
    "O"
  ],
  "atoms_per_type": [
    5,
    4,
    1,
    15
  ],
  "coord_mode": "direct",
  "relaxed_forces": [
    [0.0, -0.0, -0.0],
    [0.01631091, -0.01631091, -0.01631091],
    [-0.00356478, 0.00356478, 0.00356478],
    [0.00356478, -0.00356478, -0.00356478],
    [-0.01631091, 0.01631091, 0.01631091],
    [0.03682287, -0.03682287, -0.03682287],
    [-0.05070271, 0.05070271, 0.05070271],
    [-0.03682287, 0.03682287, 0.03682287],
    [0.05070271, -0.05070271, -0.05070271],
    [0.0, -0.0, -0.0],
    [0.01843261, -0.01843261, -0.02847447],
    [-0.01843261, 0.01843261, 0.02847447],
    [0.02185451, -0.02185451, 0.00345288],
    [0.0, -0.0, -0.0],
    [-0.02185451, 0.02185451, -0.00345288],
    [0.01843261, -0.02847447, -0.01843261],
    [-0.01843261, 0.02847447, 0.01843261],
    [0.02185451, 0.00345288, -0.02185451],
    [0.0, -0.0, -0.0],
    [-0.02185451, -0.00345288, 0.02185451],
    [0.0, -0.0, -0.0],
    [0.00345288, 0.02185451, 0.02185451],
    [0.02847447, -0.01843261, -0.01843261],
    [-0.02847447, 0.01843261, 0.01843261],
    [-0.00345288, -0.02185451, -0.02185451]
  ],
  "relaxed_lattice": [
    [3.91588458, 0.0, 3.91588458],
    [3.91588458, 3.91588458, 0.0],
    [-3.91813015, 7.83401471, 7.83401471]
  ],
  "relaxed_basis": [
    [0.8, 0.8, 0.6],
    [0.60211726, 0.60211726, 0.19364822],
    [0.39753126, 0.39753126, 0.80740623],
    [0.20246874, 0.20246874, 0.39259377],
    [0.99788274, 0.99788274, 0.00635178],
    [0.69974813, 0.69974813, 0.9007556],
    [0.50007242, 0.50007242, 0.49978275],
    [0.90025187, 0.90025187, 0.2992444],
    [0.09992758, 0.09992758, 0.70021725],
    [0.3, 0.3, 0.1],
    [0.19620489, 0.70227807, 0.39923896],
    [0.40379511, 0.89772193, 0.80076104],
    [0.60207214, 0.09842976, 0.20106834],
    [0.8, 0.3, 0.6],
    [0.99792786, 0.50157024, 0.99893166],
    [0.70227807, 0.19620489, 0.39923896],
    [0.89772193, 0.40379511, 0.80076104],
    [0.09842976, 0.60207214, 0.20106834],
    [0.3, 0.8, 0.6],
    [0.50157024, 0.99792786, 0.99893166],
    [0.3, 0.3, 0.6],
    [0.50157024, 0.50157024, 0.99893166],
    [0.70227807, 0.70227807, 0.39923896],
    [0.89772193, 0.89772193, 0.80076104],
    [0.09842976, 0.09842976, 0.20106834]
  ],
  "relaxed_energy": -192.66362717,
  "relaxed_magmom": 17.0008,
  "relaxed_mag_basis": [
    0.023,
    0.015,
    0.02,
    0.02,
    0.015,
    3.649,
    3.93,
    3.648,
    3.931,
    1.697,
    -0.03,
    -0.029,
    0.005,
    -0.036,
    0.005,
    -0.035,
    -0.035,
    -0.016,
    -0.056,
    -0.016,
    -0.031,
    -0.001,
    -0.035,
    -0.035,
    -0.001
  ]
}