{
  "atom_type": [
    "La",
    "Mn",
    "Ni",
    "O"
  ],
  "atoms_per_type": [
    6,
    5,
    1,
    18
  ],
  "coord_mode": "direct",
  "relaxed_forces": [
    [0.0, 0.03051224, -0.08382576],
    [-0.0, -0.0, 0.0],
    [-0.0, -0.03051224, 0.08382576],
    [0.0, -0.03051224, -0.08382576],
    [-0.0, -0.0, -0.0],
    [-0.0, 0.03051224, 0.08382576],
    [-0.0, 0.0, -0.03154601],
    [-0.0, 0.0, -0.03563817],
    [-0.0, -0.0, 0.0],
    [-0.0, -0.0, 0.03154601],
    [-0.0, -0.0, 0.03563817],
    [-0.0, -0.0, 0.0],
    [-0.0, 0.0, -0.04526923],
    [-0.0, -0.0, 0.09126629],
    [-0.0, 0.0, -0.09126629],
    [-0.0, -0.0, 0.04526923],
    [-0.0, -0.0, 0.00840708],
    [-0.0, 0.0, -0.00840708],
    [-0.0, -0.08037721, -0.00942256],
    [-0.0, 0.08037721, 0.00942256],
    [-0.0, -0.04777128, -0.0],
    [-0.0, 0.08037721, -0.00942256],
    [-0.0, -0.08037721, 0.00942256],
    [-0.0, 0.04777128, 0.0],
    [-0.0, -0.0, 0.05112638],
    [0.0, -0.0, 0.0843592],
    [-0.0, -0.0, 0.0],
    [-0.0, 0.0, -0.0843592],
    [-0.0, 0.0, -0.05112638],
    [-0.0, 0.0, -0.0]
  ],
  "relaxed_lattice": [
    [3.91671623, 0.0, 0.0],
    [0.0, 7.84188422, 0.0],
    [0.0, -3.92094212, 11.77720365]
  ],
  "relaxed_basis": [
    [0.0, 0.17091537, 0.32840136],
    [0.0, 0.3333333, 0.6666667],
    [0.0, 0.49575133, 0.00493194],
    [0.0, 0.6574861, 0.32840136],
    [0.0, 0.8333333, 0.6666667],
    [0.0, 0.0091806, 0.00493194],
    [0.5, 0.99969338, 0.49938677],
    [0.5, 0.16682705, 0.833654],
    [0.5, 0.8333333, 0.1666667],
    [0.5, 0.66697332, 0.83394653],
    [0.5, 0.49983965, 0.4996793],
    [0.5, 0.3333333, 0.1666667],
    [0.5, 0.08487391, 0.66974791],
    [0.5, 0.91564961, 0.33129912],
    [0.5, 0.75101709, 0.00203418],
    [0.5, 0.58179269, 0.66358549],
    [0.5, 0.41793895, 0.3358778],
    [0.5, 0.24872775, 0.9974555],
    [0.5, 0.91629392, 0.83224877],
    [0.5, 0.75037278, 0.50108453],
    [0.5, 0.58931245, 0.1666667],
    [0.5, 0.41595496, 0.83224877],
    [0.5, 0.25071174, 0.50108453],
    [0.5, 0.07735415, 0.1666667],
    [0.0, 0.16629466, 0.83258921],
    [0.0, 0.00077197, 0.50154395],
    [0.0, 0.8333333, 0.1666667],
    [0.0, 0.66589473, 0.83178935],
    [0.0, 0.50037204, 0.50074409],
    [0.0, 0.3333333, 0.1666667]
  ],
  "relaxed_energy": -232.32268409,
  "relaxed_magmom": 20.9981,
  "relaxed_mag_basis": [
    0.016,
    0.022,
    0.016,
    0.016,
    0.022,
    0.016,
    3.918,
    3.761,
    3.65,
    3.919,
    3.761,
    1.736,
    -0.034,
    -0.029,
    -0.029,
    -0.034,
    0.003,
    0.003,
    -0.027,
    -0.027,
    -0.004,
    -0.028,
    -0.028,
    -0.004,
    -0.031,
    -0.033,
    -0.035,
    -0.033,
    -0.031,
    0.042
  ]
}