{
  "atom_type": [
    "La",
    "Mn",
    "Ni",
    "O"
  ],
  "atoms_per_type": [
    6,
    3,
    3,
    18
  ],
  "coord_mode": "direct",
  "relaxed_forces": [
    [0.0, -0.01591961, -0.09931789],
    [0.0, -0.01591961, 0.09931789],
    [0.0, -0.0, -0.0],
    [-0.0, 0.01591961, -0.09931789],
    [-0.0, 0.01591961, 0.09931789],
    [0.0, -0.0, -0.0],
    [0.0, -0.0, -0.0],
    [0.0, -0.0, 0.05771642],
    [0.0, 0.0, -0.05771642],
    [0.0, -0.0, 0.0463463],
    [0.0, -0.0, -0.0],
    [0.0, 0.0, -0.0463463],
    [0.0, 0.0, -0.02303371],
    [0.0, -0.0, 0.02303371],
    [0.0, -0.0, 0.0974004],
    [0.0, 0.0, -0.1617745],
    [0.0, -0.0, 0.1617745],
    [0.0, 0.0, -0.0974004],
    [0.0, 0.03257179, -0.03453455],
    [0.0, -0.07242962, -0.0],
    [0.0, 0.03257179, 0.03453455],
    [0.0, -0.03257179, -0.03453455],
    [0.0, 0.07242962, 0.0],
    [0.0, -0.03257179, 0.03453455],
    [-0.0, 0.0, -0.01704886],
    [0.0, -0.0, -0.0],
    [0.0, -0.0, 0.01704886],
    [0.0, 0.0, -0.03956053],
    [0.0, -0.0, -0.0],
    [-0.0, -0.0, 0.03956053]
  ],
  "relaxed_lattice": [
    [3.87766705, 0.0, 0.0],
    [0.0, 7.79954057, 0.0],
    [0.0, -3.89977029, 11.6003898]
  ],
  "relaxed_basis": [
    [0.0, 0.18163859, 0.33365218],
    [0.0, 0.34798631, 0.66634782],
    [0.0, 0.5, 0.0],
    [0.0, 0.65201369, 0.33365218],
    [0.0, 0.81836141, 0.66634782],
    [0.0, 0.0, 0.0],
    [0.5, 0.0, 0.5],
    [0.5, 0.16629959, 0.83259909],
    [0.5, 0.83370041, 0.16740091],
    [0.5, 0.66750613, 0.83501216],
    [0.5, 0.5, 0.5],
    [0.5, 0.33249387, 0.16498784],
    [0.5, 0.08294776, 0.66589563],
    [0.5, 0.91705224, 0.33410437],
    [0.5, 0.7520494, 0.00409881],
    [0.5, 0.58333879, 0.66667768],
    [0.5, 0.41666121, 0.33332232],
    [0.5, 0.2479506, 0.99590119],
    [0.5, 0.92356267, 0.83406947],
    [0.5, 0.75684317, 0.5],
    [0.5, 0.5894931, 0.16593053],
    [0.5, 0.4105069, 0.83406947],
    [0.5, 0.24315683, 0.5],
    [0.5, 0.07643733, 0.16593053],
    [0.0, 0.1670008, 0.83400151],
    [0.0, 0.0, 0.5],
    [0.0, 0.8329992, 0.16599849],
    [0.0, 0.66681787, 0.83363564],
    [0.0, 0.5, 0.5],
    [0.0, 0.33318213, 0.16636436]
  ],
  "relaxed_energy": -220.48754144,
  "relaxed_magmom": 14.9912,
  "relaxed_mag_basis": [
    0.011,
    0.011,
    0.015,
    0.011,
    0.011,
    0.015,
    3.406,
    3.402,
    3.402,
    1.656,
    1.602,
    1.656,
    -0.026,
    -0.026,
    -0.045,
    -0.018,
    -0.018,
    -0.045,
    -0.007,
    -0.005,
    -0.007,
    -0.007,
    -0.005,
    -0.007,
    -0.057,
    -0.054,
    -0.057,
    0.005,
    -0.012,
    0.005
  ]
}