{
  "atom_type": [
    "La",
    "Mn",
    "Ni",
    "O"
  ],
  "atoms_per_type": [
    6,
    4,
    2,
    18
  ],
  "coord_mode": "direct",
  "relaxed_forces": [
    [0.0, -0.01921067, -0.15821822],
    [0.0, 0.01921067, 0.15821822],
    [0.0, -0.06688969, -0.04232132],
    [0.0, -0.08996346, 0.06171042],
    [0.0, 0.08996346, -0.06171042],
    [0.0, 0.06688969, 0.04232132],
    [0.0, 0.0, 0.0],
    [0.0, 0.03984782, 0.02343332],
    [0.0, -0.03984782, -0.02343332],
    [0.0, 0.0, 0.0],
    [0.0, 0.03398449, 0.00930671],
    [0.0, -0.03398449, -0.00930671],
    [0.0, -0.03307851, 0.04070365],
    [0.0, 0.00732549, 0.00266038],
    [0.0, -0.00732549, -0.00266038],
    [0.0, 0.03307851, -0.04070365],
    [0.0, 0.03149387, 0.02569494],
    [0.0, -0.03149387, -0.02569494],
    [0.0, 0.0, 0.0],
    [0.0, 0.02491617, 0.00456571],
    [0.0, 0.07243638, 0.00224933],
    [0.0, 0.0, 0.0],
    [0.0, -0.07243638, -0.00224933],
    [0.0, -0.02491617, -0.00456571],
    [0.0, -0.03050656, -0.0505449],
    [0.0, 0.0, 0.0],
    [0.0, 0.03050656, 0.0505449],
    [0.0, 0.0171606, 0.00976794],
    [0.0, 0.0, 0.0],
    [0.0, -0.0171606, -0.00976794]
  ],
  "relaxed_lattice": [
    [-3.89953989, 0.0, 0.0],
    [0.0, 3.90014368, 7.78572295],
    [0.0, 7.80432462, -7.78774712]
  ],
  "relaxed_basis": [
    [0.0, 0.65632933, 0.17178444],
    [0.0, 0.34367067, 0.32821556],
    [0.0, 0.99164125, 0.49574101],
    [0.0, 0.66440087, 0.65922735],
    [0.0, 0.33559913, 0.84077265],
    [0.0, 0.00835875, 0.00425899],
    [0.5, 0.0, 0.75],
    [0.5, 0.66732368, 0.91690974],
    [0.5, 0.33267632, 0.58309026],
    [0.5, 0.0, 0.25],
    [0.5, 0.66775562, 0.41752181],
    [0.5, 0.33224438, 0.08247819],
    [0.5, 0.50170822, 0.99654869],
    [0.5, 0.83159791, 0.8340488],
    [0.5, 0.16840209, 0.6659512],
    [0.5, 0.49829178, 0.50345131],
    [0.5, 0.83915926, 0.33290447],
    [0.5, 0.16084074, 0.16709553],
    [0.5, 0.5, 0.75],
    [0.5, 0.83737704, 0.58755143],
    [0.5, 0.16603033, 0.41738127],
    [0.5, 0.5, 0.25],
    [0.5, 0.83396967, 0.08261873],
    [0.5, 0.16262296, 0.91244857],
    [0.0, 0.66577781, 0.91575634],
    [0.0, 0.0, 0.75],
    [0.0, 0.33422219, 0.58424366],
    [0.0, 0.66899534, 0.41872188],
    [0.0, 0.0, 0.25],
    [0.0, 0.33100466, 0.08127812]
  ],
  "relaxed_energy": -226.56404852,
  "relaxed_magmom": 18.0011,
  "relaxed_mag_basis": [
    0.009,
    0.009,
    0.017,
    0.017,
    0.017,
    0.017,
    3.637,
    3.63,
    3.631,
    3.593,
    1.7,
    1.7,
    -0.013,
    -0.03,
    -0.03,
    -0.013,
    -0.004,
    -0.004,
    -0.038,
    -0.011,
    -0.041,
    0.04,
    -0.041,
    -0.011,
    -0.045,
    -0.03,
    -0.045,
    0.021,
    -0.039,
    0.021
  ]
}