{
  "atom_type": [
    "La",
    "Mn",
    "Ni",
    "O"
  ],
  "atoms_per_type": [
    6,
    4,
    2,
    18
  ],
  "coord_mode": "direct",
  "relaxed_forces": [
    [-0.0, 0.05911738, 0.0],
    [-0.04648122, 0.03201035, 0.04648122],
    [0.04648122, -0.03201035, -0.04648122],
    [-0.0, -0.05911738, 0.0],
    [-0.04648122, -0.03201035, 0.04648122],
    [0.04648122, 0.03201035, -0.04648122],
    [-0.0, -0.0, 0.0],
    [0.03539742, -0.0, -0.03539742],
    [-0.03539742, -0.0, 0.03539742],
    [-0.0, -0.0, 0.0],
    [0.02409825, -0.0, -0.02409825],
    [-0.02409825, -0.0, 0.02409825],
    [0.04331659, -0.0, 0.09299658],
    [0.01582823, -0.0, 0.05056857],
    [-0.0, -0.0, 0.0],
    [-0.01582823, -0.0, -0.05056857],
    [-0.04331659, -0.0, -0.09299658],
    [-0.0, -0.0, 0.0],
    [-0.01020333, 0.01103405, 0.01020333],
    [-0.0, 0.04394176, 0.0],
    [0.01020333, 0.01103405, -0.01020333],
    [-0.01020333, -0.01103405, 0.01020333],
    [-0.0, -0.04394176, 0.0],
    [0.01020333, -0.01103405, -0.01020333],
    [-0.0, -0.0, 0.0],
    [0.05056857, -0.0, 0.01582823],
    [0.09299658, -0.0, 0.04331659],
    [-0.0, -0.0, 0.0],
    [-0.09299658, -0.0, -0.04331659],
    [-0.05056857, -0.0, -0.01582823]
  ],
  "relaxed_lattice": [
    [3.90714664, 0.0, 3.90714664],
    [0.0, -7.79209811, 0.0],
    [3.89983589, 0.0, -7.80698252]
  ],
  "relaxed_basis": [
    [0.3333333, 0.50386025, 0.6666667],
    [0.66283668, 0.98927383, 0.32567326],
    [0.00383002, 0.51072617, 0.00766004],
    [0.3333333, 0.99613975, 0.6666667],
    [0.66283668, 0.51072617, 0.32567326],
    [0.00383002, 0.98927383, 0.00766004],
    [0.8333333, 0.75, 0.6666667],
    [0.16737488, 0.25, 0.33474967],
    [0.49929182, 0.25, 0.99858363],
    [0.8333333, 0.25, 0.6666667],
    [0.16754813, 0.75, 0.33509615],
    [0.49911857, 0.75, 0.99823715],
    [0.00252339, 0.25, 0.50126168],
    [0.66936308, 0.75, 0.82914376],
    [0.3333333, 0.25, 0.1666667],
    [0.99730362, 0.75, 0.50418954],
    [0.66414331, 0.25, 0.83207162],
    [0.3333333, 0.75, 0.1666667],
    [0.16711039, 0.49411106, 0.33422067],
    [0.8333333, 0.99818465, 0.6666667],
    [0.49955631, 0.49411106, 0.99911263],
    [0.16711039, 0.00588894, 0.33422067],
    [0.8333333, 0.50181535, 0.6666667],
    [0.49955631, 0.00588894, 0.99911263],
    [0.8333333, 0.25, 0.1666667],
    [0.50688593, 0.75, 0.50418954],
    [0.16792841, 0.25, 0.83207162],
    [0.8333333, 0.75, 0.1666667],
    [0.49873829, 0.25, 0.50126168],
    [0.15978077, 0.75, 0.82914376]
  ],
  "relaxed_energy": -226.75629396,
  "relaxed_magmom": 18.0007,
  "relaxed_mag_basis": [
    0.018,
    0.012,
    0.012,
    0.018,
    0.012,
    0.012,
    3.398,
    3.571,
    3.571,
    3.825,
    1.725,
    1.725,
    -0.043,
    -0.004,
    -0.031,
    -0.004,
    -0.043,
    0.053,
    -0.002,
    -0.042,
    -0.003,
    -0.002,
    -0.042,
    -0.002,
    -0.032,
    -0.007,
    -0.041,
    0.053,
    -0.041,
    -0.007
  ]
}