{
  "atom_type": [
    "La",
    "Mn",
    "Ni",
    "O"
  ],
  "atoms_per_type": [
    6,
    2,
    4,
    18
  ],
  "coord_mode": "direct",
  "relaxed_forces": [
    [-0.0, -0.0, -0.09281316],
    [0.0, 0.0, 0.0],
    [0.0, 0.0, 0.09281316],
    [-0.0, -0.0, -0.09281316],
    [-0.0, 0.0, 0.0],
    [0.0, -0.0, 0.09281316],
    [0.0, -0.0, 0.00436244],
    [0.0, -0.0, -0.00436244],
    [0.0, -0.0, -0.01675974],
    [-0.0, -0.0, -0.02031539],
    [0.0, -0.0, 0.01675974],
    [0.0, -0.0, 0.02031539],
    [-0.0, -0.0, 0.0],
    [-0.0, -0.0, 0.00718016],
    [0.0, -0.0, 0.00407403],
    [-0.0, 0.0, 0.0],
    [-0.0, -0.0, -0.00407403],
    [0.0, -0.0, -0.00718016],
    [0.0, 0.01092267, -0.0259661],
    [-0.0, 0.01092267, 0.0259661],
    [0.0, 0.0, 0.0],
    [0.0, -0.01092267, -0.0259661],
    [-0.0, -0.01092267, 0.0259661],
    [-0.0, -0.0, 0.0],
    [0.01092267, -0.0, -0.0259661],
    [0.01092267, -0.0, 0.0259661],
    [0.0, -0.0, 0.0],
    [-0.01092267, -0.0, -0.0259661],
    [-0.01092267, 0.0, 0.0259661],
    [-0.0, 0.0, 0.0]
  ],
  "relaxed_lattice": [
    [3.86682929, -3.86682929, 0.0],
    [3.86682929, 3.86682929, 0.0],
    [-3.86682929, 0.0, 11.59438883]
  ],
  "relaxed_basis": [
    [0.16497635, 0.16497635, 0.32995259],
    [0.3333333, 0.3333333, 0.6666667],
    [0.50169035, 0.50169035, 0.00338071],
    [0.66497635, 0.66497635, 0.32995259],
    [0.8333333, 0.8333333, 0.6666667],
    [0.00169035, 0.00169035, 0.00338071],
    [0.74931546, 0.24931546, 0.49863093],
    [0.91735124, 0.41735124, 0.83470237],
    [0.41655991, 0.91655991, 0.83311971],
    [0.58282727, 0.08282727, 0.16565464],
    [0.25010679, 0.75010679, 0.50021359],
    [0.08383933, 0.58383933, 0.16767876],
    [0.8333333, 0.3333333, 0.6666667],
    [0.66804523, 0.16804523, 0.33609037],
    [0.4994773, 0.9994773, 0.99895459],
    [0.3333333, 0.8333333, 0.6666667],
    [0.1671894, 0.6671894, 0.33437871],
    [0.99862147, 0.49862147, 0.99724293],
    [0.16139989, 0.17121667, 0.83261646],
    [0.99545003, 0.00526681, 0.50071684],
    [0.8333333, 0.8333333, 0.1666667],
    [0.67121667, 0.66139989, 0.83261646],
    [0.50526681, 0.49545003, 0.50071684],
    [0.3333333, 0.3333333, 0.1666667],
    [0.67121667, 0.17121667, 0.83261646],
    [0.50526681, 0.00526681, 0.50071684],
    [0.3333333, 0.8333333, 0.1666667],
    [0.16139989, 0.66139989, 0.83261646],
    [0.99545003, 0.49545003, 0.50071684],
    [0.8333333, 0.3333333, 0.1666667]
  ],
  "relaxed_energy": -213.92818761,
  "relaxed_magmom": 11.9983,
  "relaxed_mag_basis": [
    0.01,
    0.013,
    0.01,
    0.01,
    0.013,
    0.01,
    3.247,
    3.247,
    1.569,
    1.467,
    1.569,
    1.467,
    -0.025,
    -0.04,
    -0.076,
    -0.046,
    -0.076,
    -0.04,
    -0.015,
    -0.015,
    -0.061,
    -0.015,
    -0.015,
    -0.07,
    -0.017,
    -0.016,
    -0.076,
    -0.016,
    -0.017,
    -0.054
  ]
}