{
  "atom_type": [
    "La",
    "Mn",
    "O"
  ],
  "atoms_per_type": [
    1,
    1,
    3
  ],
  "coord_mode": "direct",
  "relaxed_forces": [
    [0.0, 0.0, 0.0],
    [0.0, 0.0, 0.0],
    [0.0, 0.0, 0.0],
    [0.0, 0.0, 0.0],
    [0.0, 0.0, 0.0]
  ],
  "relaxed_lattice": [
    [3.94014471, 0.0, 0.0],
    [0.0, 3.94014471, 0.0],
    [0.0, 0.0, 3.94014471]
  ],
  "relaxed_basis": [
    [0.0, 0.0, 0.0],
    [0.5, 0.5, 0.5],
    [0.0, 0.5, 0.5],
    [0.5, 0.0, 0.5],
    [0.5, 0.5, 0.0]
  ],
  "relaxed_energy": -39.62277944,
  "relaxed_magmom": 4.0,
  "relaxed_mag_basis": [
    0.002,
    3.949,
    -0.035,
    -0.027,
    0.001
  ]
}