{
  "atom_type": [
    "La",
    "Mn",
    "Ni",
    "O"
  ],
  "atoms_per_type": [
    5,
    1,
    4,
    15
  ],
  "coord_mode": "direct",
  "relaxed_forces": [
    [-0.06473229, 0.06473229, -0.03515529],
    [0.0, -0.0, 0.0],
    [0.06473229, -0.06473229, 0.03515529],
    [-0.00386312, 0.00386312, -0.08724502],
    [0.00386312, -0.00386312, 0.08724502],
    [0.0, -0.0, 0.0],
    [0.00072009, -0.00072009, 0.00266246],
    [-0.02674935, 0.02674935, -0.01220351],
    [0.02674935, -0.02674935, 0.01220351],
    [-0.00072009, 0.00072009, -0.00266246],
    [0.01545506, -0.01545506, -0.0063913],
    [0.02758722, -0.02758722, -0.01150909],
    [0.0, -0.0, 0.0],
    [-0.02758722, 0.02758722, 0.01150909],
    [-0.01545506, 0.01545506, 0.0063913],
    [0.01201537, 0.01289946, -0.00859898],
    [-0.0385689, 0.01773967, -0.00324786],
    [0.0385689, -0.01773967, 0.00324786],
    [-0.01201537, -0.01289946, 0.00859898],
    [0.0, -0.0, 0.0],
    [0.01289946, 0.01201537, 0.00859898],
    [0.0, 0.0, 0.0],
    [-0.01289946, -0.01201537, -0.00859898],
    [-0.01773967, 0.0385689, -0.00324786],
    [0.01773967, -0.0385689, 0.00324786]
  ],
  "relaxed_lattice": [
    [-3.85382157, -3.85382157, 0.0],
    [-3.85655602, 3.85655602, 3.85951863],
    [-0.00071106, 3.85453263, -7.71772388]
  ],
  "relaxed_basis": [
    [0.80189014, 0.20254985, 0.60378028],
    [0.6, 0.4, 0.2],
    [0.39810986, 0.59745015, 0.79621972],
    [0.20192753, 0.7981817, 0.40385507],
    [0.99807247, 0.0018183, 0.99614493],
    [0.6, 0.9, 0.2],
    [0.80030442, 0.69990379, 0.60060885],
    [0.00018486, 0.50009691, 0.00036972],
    [0.19981514, 0.29990309, 0.39963028],
    [0.39969558, 0.10009621, 0.79939115],
    [0.69862389, 0.80087007, 0.39724777],
    [0.90032849, 0.5991978, 0.80065698],
    [0.1, 0.4, 0.2],
    [0.29967151, 0.2008022, 0.59934302],
    [0.50137611, 0.99912993, 0.00275223],
    [0.79727414, 0.70293867, 0.1014921],
    [0.99910144, 0.50149735, 0.50062123],
    [0.20089856, 0.29850265, 0.89937877],
    [0.40272586, 0.09706133, 0.2985079],
    [0.6, 0.9, 0.7],
    [0.89578204, 0.09706133, 0.2985079],
    [0.1, 0.9, 0.7],
    [0.30421796, 0.70293867, 0.1014921],
    [0.50151979, 0.50149735, 0.50062123],
    [0.69848021, 0.29850265, 0.89937877]
  ],
  "relaxed_energy": -173.61734292,
  "relaxed_magmom": 8.0014,
  "relaxed_mag_basis": [
    0.008,
    0.01,
    0.008,
    0.01,
    0.01,
    3.27,
    1.391,
    1.473,
    1.473,
    1.391,
    -0.036,
    -0.093,
    -0.058,
    -0.093,
    -0.036,
    -0.031,
    -0.102,
    -0.102,
    -0.031,
    -0.072,
    -0.031,
    -0.07,
    -0.031,
    -0.102,
    -0.102
  ]
}