{
  "atom_type": [
    "La",
    "Mn",
    "Ni",
    "O"
  ],
  "atoms_per_type": [
    6,
    4,
    2,
    18
  ],
  "coord_mode": "direct",
  "relaxed_forces": [
    [-0.0, -0.05072972, -0.06325066],
    [-0.0, 0.05072972, 0.06325066],
    [-0.0, -0.17711484, -0.0],
    [0.0, 0.05072972, -0.06325066],
    [-0.0, -0.05072972, 0.06325066],
    [-0.0, 0.17711484, -0.0],
    [-0.0, 0.0, -0.0],
    [-0.0, 0.0, -0.00961452],
    [-0.0, 0.0, 0.00961452],
    [-0.0, 0.0, -0.0],
    [-0.0, 0.0, -0.01534083],
    [-0.0, 0.0, 0.01534083],
    [0.0, 0.0, -0.00152831],
    [-0.0, 0.0, 0.07087876],
    [-0.0, 0.0, -0.0],
    [-0.0, 0.0, -0.07087876],
    [0.0, 0.0, 0.00152831],
    [-0.0, 0.0, -0.0],
    [0.0, 0.03432995, -0.02175702],
    [-0.0, -0.11620247, -0.0],
    [0.0, 0.03432995, 0.02175702],
    [-0.0, -0.03432995, -0.02175702],
    [-0.0, 0.11620247, -0.0],
    [-0.0, -0.03432995, 0.02175702],
    [-0.0, 0.0, -0.06748602],
    [-0.0, 0.0, -0.0],
    [-0.0, 0.0, 0.06748602],
    [-0.0, 0.0, -0.0382924],
    [-0.0, 0.0, -0.0],
    [-0.0, 0.0, 0.0382924]
  ],
  "relaxed_lattice": [
    [3.8921884, 0.0, 0.0],
    [0.0, 7.79848262, 0.0],
    [0.0, 0.0, 11.69191475]
  ],
  "relaxed_basis": [
    [0.0, 0.49464288, 0.32765941],
    [0.0, 0.00535712, 0.67234059],
    [0.0, 0.48492625, 0.0],
    [0.0, 0.00535712, 0.32765941],
    [0.0, 0.49464288, 0.67234059],
    [0.0, 0.01507375, 0.0],
    [0.5, 0.25, 0.5],
    [0.5, 0.75, 0.83422209],
    [0.5, 0.75, 0.16577791],
    [0.5, 0.75, 0.5],
    [0.5, 0.25, 0.8325517],
    [0.5, 0.25, 0.1674483],
    [0.5, 0.75, 0.66709329],
    [0.5, 0.25, 0.33709946],
    [0.5, 0.75, 0.0],
    [0.5, 0.25, 0.66290054],
    [0.5, 0.75, 0.33290671],
    [0.5, 0.25, 0.0],
    [0.5, 0.50643884, 0.83177019],
    [0.5, 0.00129299, 0.5],
    [0.5, 0.50643884, 0.16822981],
    [0.5, 0.99356116, 0.83177019],
    [0.5, 0.49870701, 0.5],
    [0.5, 0.99356116, 0.16822981],
    [0.0, 0.75, 0.8314003],
    [0.0, 0.25, 0.5],
    [0.0, 0.75, 0.1685997],
    [0.0, 0.25, 0.83114116],
    [0.0, 0.75, 0.5],
    [0.0, 0.25, 0.16885884]
  ],
  "relaxed_energy": -226.60487877,
  "relaxed_magmom": 17.999,
  "relaxed_mag_basis": [
    0.017,
    0.017,
    0.009,
    0.017,
    0.017,
    0.009,
    3.582,
    3.561,
    3.562,
    3.758,
    1.709,
    1.709,
    -0.045,
    -0.012,
    -0.027,
    -0.012,
    -0.045,
    0.041,
    -0.004,
    -0.037,
    -0.003,
    -0.003,
    -0.037,
    -0.003,
    -0.041,
    -0.04,
    -0.041,
    0.027,
    -0.046,
    0.027
  ]
}