{
  "atom_type": [
    "La",
    "Mn",
    "Ni",
    "O"
  ],
  "atoms_per_type": [
    6,
    2,
    4,
    18
  ],
  "coord_mode": "direct",
  "relaxed_forces": [
    [-0.0, -0.0, 0.07553707],
    [-0.0, -0.0, -0.07553707],
    [-0.0, -0.0, -0.12603166],
    [-0.0, 0.0, -0.00617494],
    [-0.0, -0.0, 0.00617494],
    [-0.0, -0.0, 0.12603166],
    [0.0, 0.0, -0.11785919],
    [-0.0, -0.0, 0.11785919],
    [-0.0, 0.0, -0.0],
    [-0.0, -0.0, -0.01293911],
    [-0.0, 0.0, -0.0],
    [-0.0, -0.0, 0.01293911],
    [-0.0, 0.0, -0.00799851],
    [-0.0, -0.0, 0.00799851],
    [-0.0, -0.0, -0.1851244],
    [-0.0, -0.0, -0.04488771],
    [-0.0, 0.0, 0.04488771],
    [-0.0, 0.0, 0.1851244],
    [-0.0, -0.0, -0.02098527],
    [-0.0, -0.0, -0.0],
    [-0.0, -0.0, 0.02098527],
    [0.0, -0.0, -0.00562475],
    [-0.0, -0.0, -0.0],
    [0.0, 0.0, 0.00562475],
    [-0.0, -0.0, -0.02098527],
    [-0.0, -0.0, -0.0],
    [-0.0, 0.0, 0.02098527],
    [-0.0, -0.0, -0.00562475],
    [-0.0, 0.0, -0.0],
    [-0.0, -0.0, 0.00562475]
  ],
  "relaxed_lattice": [
    [3.8622116, 0.0, 0.0],
    [0.0, 3.8622116, 0.0],
    [0.0, 0.0, 23.26971896]
  ],
  "relaxed_basis": [
    [0.0, 0.0, 0.16830878],
    [0.0, 0.0, 0.33169122],
    [0.0, 0.0, 0.4943825],
    [0.0, 0.0, 0.67012606],
    [0.0, 0.0, 0.82987394],
    [0.0, 0.0, 0.0056175],
    [0.5, 0.5, 0.91705597],
    [0.5, 0.5, 0.58294403],
    [0.5, 0.5, 0.75],
    [0.5, 0.5, 0.41604449],
    [0.5, 0.5, 0.25],
    [0.5, 0.5, 0.08395551],
    [0.5, 0.5, 0.83526158],
    [0.5, 0.5, 0.66473842],
    [0.5, 0.5, 0.50181125],
    [0.5, 0.5, 0.33220989],
    [0.5, 0.5, 0.16779011],
    [0.5, 0.5, 0.99818875],
    [0.5, 0.0, 0.91631165],
    [0.5, 0.0, 0.75],
    [0.5, 0.0, 0.58368835],
    [0.5, 0.0, 0.41776508],
    [0.5, 0.0, 0.25],
    [0.5, 0.0, 0.08223492],
    [0.0, 0.5, 0.91631165],
    [0.0, 0.5, 0.75],
    [0.0, 0.5, 0.58368835],
    [0.0, 0.5, 0.41776508],
    [0.0, 0.5, 0.25],
    [0.0, 0.5, 0.08223492]
  ],
  "relaxed_energy": -213.57617861,
  "relaxed_magmom": 12.0415,
  "relaxed_mag_basis": [
    0.009,
    0.009,
    0.016,
    0.014,
    0.014,
    0.016,
    3.463,
    3.463,
    1.553,
    1.495,
    1.356,
    1.495,
    -0.02,
    -0.02,
    -0.019,
    -0.091,
    -0.091,
    -0.019,
    -0.068,
    -0.022,
    -0.068,
    -0.039,
    -0.048,
    -0.039,
    -0.041,
    -0.054,
    -0.041,
    -0.09,
    -0.114,
    -0.09
  ]
}