{
  "atom_type": [
    "La",
    "Mn",
    "Ni",
    "O"
  ],
  "atoms_per_type": [
    5,
    1,
    4,
    15
  ],
  "coord_mode": "direct",
  "relaxed_forces": [
    [0.0, -0.0, 0.0],
    [0.0, -0.079938, 0.02357676],
    [-0.0, 0.02357676, 0.079938],
    [-0.0, -0.02357676, -0.079938],
    [0.0, 0.079938, -0.02357676],
    [0.0, -0.0, 0.0],
    [0.0, 0.02862216, 0.0032771],
    [0.0, 0.0032771, -0.02862216],
    [0.0, -0.0032771, 0.02862216],
    [0.0, -0.02862216, -0.0032771],
    [0.0, 0.00328139, 0.05714862],
    [0.0, -0.0, 0.0],
    [0.0, -0.00328139, -0.05714862],
    [0.0, -0.00188634, -0.00426613],
    [0.0, 0.00188634, 0.00426613],
    [-0.0, 0.05714862, -0.00328139],
    [-0.0, -0.00426613, 0.00188634],
    [0.0, -0.0, 0.0],
    [0.0, 0.00426613, -0.00188634],
    [0.0, -0.05714862, 0.00328139],
    [0.0, -0.0, 0.0],
    [-0.0, -0.04350473, -0.00326751],
    [-0.0, -0.00326751, 0.04350473],
    [0.0, 0.00326751, -0.04350473],
    [0.0, 0.04350473, 0.00326751]
  ],
  "relaxed_lattice": [
    [-3.85720804, 0.0, 0.0],
    [0.0, 7.71298343, 3.85649172],
    [0.0, 3.85649172, -7.71298343]
  ],
  "relaxed_basis": [
    [0.0, 0.4, 0.2],
    [0.0, 0.79743686, 0.39361974],
    [0.0, 0.20638026, 0.59743686],
    [0.0, 0.59361974, 0.80256314],
    [0.0, 0.00256314, 0.00638026],
    [0.5, 0.9, 0.7],
    [0.5, 0.50052628, 0.49997507],
    [0.5, 0.10002493, 0.30052628],
    [0.5, 0.69997507, 0.09947372],
    [0.5, 0.29947372, 0.90002493],
    [0.5, 0.80138199, 0.89710005],
    [0.5, 0.4, 0.7],
    [0.5, 0.99861801, 0.50289995],
    [0.5, 0.60015654, 0.30127136],
    [0.5, 0.19984346, 0.09872864],
    [0.5, 0.70289995, 0.60138199],
    [0.5, 0.29872864, 0.40015654],
    [0.5, 0.9, 0.2],
    [0.5, 0.50127136, 0.99984346],
    [0.5, 0.09710005, 0.79861801],
    [0.0, 0.9, 0.7],
    [0.0, 0.49951354, 0.50023043],
    [0.0, 0.09976957, 0.29951354],
    [0.0, 0.70023043, 0.10048646],
    [0.0, 0.30048646, 0.89976957]
  ],
  "relaxed_energy": -173.50316081,
  "relaxed_magmom": 8.0016,
  "relaxed_mag_basis": [
    0.006,
    0.01,
    0.01,
    0.01,
    0.01,
    3.325,
    1.425,
    1.418,
    1.418,
    1.425,
    -0.031,
    -0.075,
    -0.031,
    -0.097,
    -0.097,
    -0.025,
    -0.099,
    -0.084,
    -0.099,
    -0.025,
    -0.052,
    -0.071,
    -0.071,
    -0.071,
    -0.071
  ]
}