{
  "atom_type": [
    "La",
    "Mn",
    "Ni",
    "O"
  ],
  "atoms_per_type": [
    6,
    3,
    3,
    18
  ],
  "coord_mode": "direct",
  "relaxed_forces": [
    [0.03470015, 0.03942652, 0.03470015],
    [-0.04541311, 0.05155197, -0.04541311],
    [0.01377221, 0.01920993, 0.01377221],
    [0.03470015, -0.03942652, 0.03470015],
    [-0.04541311, -0.05155197, -0.04541311],
    [0.01377221, -0.01920993, 0.01377221],
    [0.02094192, -0.0, 0.02094192],
    [-0.02663481, 0.0, -0.02663481],
    [-0.01864252, 0.0, -0.01864252],
    [0.00475581, -0.0, 0.00475581],
    [-0.00258204, 0.0, -0.00258204],
    [-0.00453076, 0.0, -0.00453076],
    [0.0253159, -0.0, -0.01282008],
    [0.00759977, 0.0, -0.01250858],
    [-0.01809505, 0.0, 0.01456712],
    [-0.00255886, -0.0, 0.07455107],
    [-0.01881352, 0.0, -0.03982079],
    [0.00397212, 0.0, -0.02316981],
    [0.01298502, 0.01193336, 0.01298502],
    [-0.01078703, 0.01813084, -0.01078703],
    [0.0089793, -0.01957295, 0.0089793],
    [0.01298502, -0.01193336, 0.01298502],
    [-0.01078703, -0.01813084, -0.01078703],
    [0.0089793, 0.01957295, 0.0089793],
    [-0.01282008, -0.0, 0.0253159],
    [-0.01250858, 0.0, 0.00759977],
    [0.01456712, 0.0, -0.01809505],
    [0.07455107, -0.0, -0.00255886],
    [-0.03982079, 0.0, -0.01881352],
    [-0.02316981, 0.0, 0.00397212]
  ],
  "relaxed_lattice": [
    [3.87680301, 0.0, -3.87680301],
    [0.0, 7.7772543, 0.0],
    [3.88096249, -3.88862715, 7.75776549]
  ],
  "relaxed_basis": [
    [0.67022947, 0.17493267, 0.34045884],
    [0.32680745, 0.33531137, 0.653615],
    [0.00302489, 0.50691564, 0.00604978],
    [0.67022947, 0.66552627, 0.34045884],
    [0.32680745, 0.81830354, 0.653615],
    [0.00302489, 0.99913414, 0.00604978],
    [0.8338428, 0.0838428, 0.6676857],
    [0.49940587, 0.24940587, 0.99881175],
    [0.49987274, 0.74987274, 0.99974549],
    [0.16634982, 0.91634982, 0.33269954],
    [0.83484954, 0.58484954, 0.66969918],
    [0.16552842, 0.41552842, 0.33105675],
    [0.66827938, 0.16742175, 0.8348434],
    [0.99629058, 0.00242257, 0.50484515],
    [0.33482042, 0.83072765, 0.1614554],
    [0.66427253, 0.66860521, 0.83721032],
    [0.99972073, 0.50052263, 0.50104526],
    [0.33660744, 0.33044294, 0.16088598],
    [0.49985542, 0.0001143, 0.99971083],
    [0.83387352, 0.84004929, 0.66774714],
    [0.1661419, 0.6673224, 0.3322837],
    [0.49985542, 0.49959653, 0.99971083],
    [0.83387352, 0.32769775, 0.66774714],
    [0.1661419, 0.16496139, 0.3322837],
    [0.16656412, 0.16742175, 0.8348434],
    [0.50855457, 0.00242257, 0.50484515],
    [0.82663488, 0.83072765, 0.1614554],
    [0.17293789, 0.66860521, 0.83721032],
    [0.50132453, 0.50052263, 0.50104526],
    [0.82427844, 0.33044294, 0.16088598]
  ],
  "relaxed_energy": -220.60055421,
  "relaxed_magmom": 15.0018,
  "relaxed_mag_basis": [
    0.009,
    0.01,
    0.016,
    0.009,
    0.01,
    0.016,
    3.296,
    3.401,
    3.36,
    1.654,
    1.673,
    1.65,
    -0.01,
    -0.036,
    -0.004,
    -0.015,
    0.014,
    -0.039,
    -0.058,
    -0.0,
    -0.002,
    -0.058,
    -0.0,
    -0.001,
    -0.008,
    -0.039,
    -0.003,
    -0.012,
    0.015,
    -0.04
  ]
}