{
  "atom_type": [
    "La",
    "Mn",
    "Ni",
    "O"
  ],
  "atoms_per_type": [
    6,
    1,
    5,
    18
  ],
  "coord_mode": "direct",
  "relaxed_forces": [
    [0.0, 0.0587235, -0.08070536],
    [0.0, -0.00458622, -0.03865264],
    [0.0, 0.00458622, 0.03865264],
    [0.0, -0.0587235, 0.08070536],
    [0.0, -0.06234645, -0.04489455],
    [0.0, 0.06234645, 0.04489455],
    [0.0, -0.0, -0.0],
    [0.0, -0.02302255, -0.02434273],
    [0.0, 0.01936676, 0.00276415],
    [0.0, -0.0, 0.0],
    [0.0, -0.01936676, -0.00276415],
    [0.0, 0.02302255, 0.02434273],
    [0.0, 0.00043569, 0.00927886],
    [0.0, -0.00043569, -0.00927886],
    [0.0, -0.00492359, -0.02194277],
    [0.0, 0.00647667, 0.00323815],
    [0.0, -0.00647667, -0.00323815],
    [0.0, 0.00492359, 0.02194277],
    [0.0, -0.01394861, 0.00376956],
    [0.0, 0.04870515, -0.00919205],
    [0.0, -0.0, 0.0],
    [0.0, -0.04870515, 0.00919205],
    [0.0, 0.01394861, -0.00376956],
    [0.0, -0.0, 0.0],
    [0.0, -0.0, 0.0],
    [0.0, 0.0080856, 0.04475168],
    [0.0, -0.02863217, 0.00364915],
    [0.0, -0.0, 0.0],
    [0.0, 0.02863217, -0.00364915],
    [0.0, -0.0080856, -0.04475168]
  ],
  "relaxed_lattice": [
    [-3.85783673, 0.0, 0.0],
    [0.0, 3.852516, 7.70292029],
    [0.0, 7.7083527, -7.70458107]
  ],
  "relaxed_basis": [
    [0.0, 0.66674236, 0.17209182],
    [0.0, 0.33251833, 0.33344061],
    [0.0, 0.00081497, 0.49989269],
    [0.0, 0.66659104, 0.66124158],
    [0.0, 0.32610092, 0.83121141],
    [0.0, 0.00723238, 0.00212189],
    [0.5, 0.6666667, 0.9166667],
    [0.5, 0.99926164, 0.74975591],
    [0.5, 0.33353135, 0.58336693],
    [0.5, 0.6666667, 0.4166667],
    [0.5, 0.99980195, 0.24996637],
    [0.5, 0.33407166, 0.08357739],
    [0.5, 0.50199166, 0.99885073],
    [0.5, 0.83134164, 0.83448257],
    [0.5, 0.16765869, 0.66669704],
    [0.5, 0.50063641, 0.50060117],
    [0.5, 0.83269689, 0.33273213],
    [0.5, 0.16567471, 0.16663636],
    [0.5, 0.50232696, 0.75232568],
    [0.5, 0.83190216, 0.58297092],
    [0.5, 0.1666667, 0.4166667],
    [0.5, 0.50143114, 0.25036238],
    [0.5, 0.83100634, 0.08100762],
    [0.5, 0.1666667, 0.9166667],
    [0.0, 0.6666667, 0.9166667],
    [0.0, 0.00062489, 0.75033801],
    [0.0, 0.33342898, 0.58334714],
    [0.0, 0.6666667, 0.4166667],
    [0.0, 0.99990432, 0.24998616],
    [0.0, 0.33270841, 0.08299529]
  ],
  "relaxed_energy": -206.79428124,
  "relaxed_magmom": 9.0014,
  "relaxed_mag_basis": [
    0.01,
    0.007,
    0.007,
    0.01,
    0.01,
    0.01,
    3.357,
    1.428,
    1.398,
    1.369,
    1.398,
    1.428,
    -0.035,
    -0.035,
    -0.1,
    -0.09,
    -0.09,
    -0.1,
    -0.033,
    -0.083,
    -0.123,
    -0.083,
    -0.033,
    -0.082,
    -0.058,
    -0.073,
    -0.083,
    -0.081,
    -0.083,
    -0.073
  ]
}