{
  "atom_type": [
    "La",
    "Mn",
    "Ni",
    "O"
  ],
  "atoms_per_type": [
    5,
    4,
    1,
    15
  ],
  "coord_mode": "direct",
  "relaxed_forces": [
    [0.0, 0.0, -0.15176138],
    [0.0, 0.0, -0.20679395],
    [-0.0, 0.0, 0.0],
    [0.0, 0.0, 0.20679395],
    [0.0, 0.0, 0.15176138],
    [0.0, 0.0, 0.03590956],
    [0.0, 0.0, 0.05637611],
    [0.0, 0.0, -0.03590956],
    [0.0, 0.0, -0.05637611],
    [0.0, -0.0, 0.0],
    [0.0, 0.0, 0.00703027],
    [0.0, 0.0, -0.0],
    [0.0, -0.0, -0.00703027],
    [0.0, -0.0, 0.14653206],
    [0.0, 0.0, -0.14653206],
    [-0.0, 0.0, -0.08741177],
    [-0.0, 0.0, -0.0514515],
    [0.0, 0.0, 0.0514515],
    [-0.0, 0.0, 0.08741177],
    [0.0, 0.0, -0.0],
    [0.0, 0.0, -0.08741177],
    [0.0, 0.0, -0.0514515],
    [0.0, 0.0, 0.0514515],
    [0.0, 0.0, 0.08741177],
    [-0.0, 0.0, 0.0]
  ],
  "relaxed_lattice": [
    [3.92397797, 0.0, 0.0],
    [0.0, 3.92397797, 0.0],
    [0.0, 0.0, 19.57962268]
  ],
  "relaxed_basis": [
    [0.0, 0.0, 0.19200895],
    [0.0, 0.0, 0.39654166],
    [0.0, 0.0, 0.6],
    [0.0, 0.0, 0.80345834],
    [0.0, 0.0, 0.00799105],
    [0.5, 0.5, 0.70032271],
    [0.5, 0.5, 0.90097692],
    [0.5, 0.5, 0.49967729],
    [0.5, 0.5, 0.29902308],
    [0.5, 0.5, 0.1],
    [0.5, 0.5, 0.80160758],
    [0.5, 0.5, 0.6],
    [0.5, 0.5, 0.39839242],
    [0.5, 0.5, 0.20244592],
    [0.5, 0.5, 0.99755408],
    [0.5, 0.0, 0.89750996],
    [0.5, 0.0, 0.69938637],
    [0.5, 0.0, 0.50061363],
    [0.5, 0.0, 0.30249004],
    [0.5, 0.0, 0.1],
    [0.0, 0.5, 0.89750996],
    [0.0, 0.5, 0.69938637],
    [0.0, 0.5, 0.50061363],
    [0.0, 0.5, 0.30249004],
    [0.0, 0.5, 0.1]
  ],
  "relaxed_energy": -192.53534337,
  "relaxed_magmom": 16.9967,
  "relaxed_mag_basis": [
    0.009,
    0.02,
    0.021,
    0.02,
    0.009,
    3.881,
    3.691,
    3.881,
    3.691,
    1.72,
    -0.023,
    -0.057,
    -0.023,
    -0.005,
    -0.005,
    -0.033,
    -0.03,
    -0.03,
    -0.033,
    0.023,
    -0.031,
    -0.041,
    -0.041,
    -0.031,
    0.031
  ]
}