{
  "atom_type": [
    "La",
    "Mn",
    "Ni",
    "O"
  ],
  "atoms_per_type": [
    4,
    3,
    1,
    12
  ],
  "coord_mode": "direct",
  "relaxed_forces": [
    [0.0, -0.0, -0.00337059],
    [0.0, -0.0, 0.00337059],
    [0.0, -0.0, 0.00337059],
    [0.0, -0.0, -0.00337059],
    [0.0, -0.0, 0.0],
    [0.0, 0.0, 0.0],
    [0.0, -0.0, 0.0],
    [0.0, -0.0, 0.0],
    [0.0, -0.0, 0.04190412],
    [0.0, -0.0, -0.00218126],
    [0.0, 0.0, -0.04190412],
    [0.0, -0.0, 0.00218126],
    [0.0, 0.02973996, 0.0],
    [0.0, -0.02973996, 0.0],
    [0.0, -0.01750654, 0.0],
    [0.0, 0.01750654, 0.0],
    [0.02973996, 0.0, 0.0],
    [-0.02973996, 0.0, 0.0],
    [-0.01750654, 0.0, 0.0],
    [0.01750654, 0.0, 0.0]
  ],
  "relaxed_lattice": [
    [3.90209058, 3.90209058, 0.0],
    [3.90209058, -3.90209058, 0.0],
    [0.0, 0.0, -7.83493321]
  ],
  "relaxed_basis": [
    [0.5, 0.5, 0.99580019],
    [0.0, 0.0, 0.50419981],
    [0.5, 0.5, 0.50419981],
    [0.0, 0.0, 0.99580019],
    [0.0, 0.5, 0.75],
    [0.5, 0.0, 0.25],
    [0.0, 0.5, 0.25],
    [0.5, 0.0, 0.75],
    [0.0, 0.5, 0.49915504],
    [0.5, 0.0, 0.49550158],
    [0.0, 0.5, 0.00084496],
    [0.5, 0.0, 0.00449842],
    [0.74947067, 0.75052933, 0.25],
    [0.25052933, 0.24947067, 0.25],
    [0.75437208, 0.74562792, 0.75],
    [0.24562792, 0.25437208, 0.75],
    [0.74947067, 0.24947067, 0.25],
    [0.25052933, 0.75052933, 0.25],
    [0.75437208, 0.25437208, 0.75],
    [0.24562792, 0.74562792, 0.75]
  ],
  "relaxed_energy": -153.12976509,
  "relaxed_magmom": 13.0001,
  "relaxed_mag_basis": [
    0.017,
    0.017,
    0.016,
    0.017,
    3.575,
    3.655,
    3.874,
    1.708,
    -0.022,
    -0.004,
    -0.022,
    -0.004,
    -0.024,
    -0.023,
    -0.002,
    -0.001,
    -0.033,
    -0.032,
    0.001,
    0.001
  ]
}