{
  "atom_type": [
    "La",
    "Mn",
    "Ni",
    "O"
  ],
  "atoms_per_type": [
    5,
    3,
    2,
    15
  ],
  "coord_mode": "direct",
  "relaxed_forces": [
    [0.0, -0.0, 0.10638683],
    [-0.0, -0.0, -0.10638683],
    [0.0, -0.0, -0.05988195],
    [0.0, -0.0, -0.0],
    [0.0, -0.0, 0.05988195],
    [0.0, -0.0, 0.10917377],
    [0.0, 0.0, -0.10917377],
    [0.0, -0.0, -0.0],
    [0.0, -0.0, -0.0006183],
    [0.0, 0.0, 0.0006183],
    [-0.0, -0.0, -0.0],
    [0.0, 0.0, -0.07418003],
    [0.0, 0.0, 0.11136735],
    [0.0, -0.0, -0.11136735],
    [0.0, 0.0, 0.07418003],
    [0.0, -0.0, -0.04712545],
    [0.0, 0.0, 0.04712545],
    [0.0, -0.0, 0.0209551],
    [-0.0, -0.0, -0.0],
    [0.0, 0.0, -0.0209551],
    [0.0, -0.0, -0.04712545],
    [0.0, -0.0, 0.04712545],
    [0.0, -0.0, 0.0209551],
    [0.0, -0.0, -0.0],
    [0.0, 0.0, -0.0209551]
  ],
  "relaxed_lattice": [
    [3.89359412, 0.0, 0.0],
    [0.0, 3.89359412, 0.0],
    [0.0, 0.0, 19.46764655]
  ],
  "relaxed_basis": [
    [0.0, 0.0, 0.19560292],
    [0.0, 0.0, 0.40439708],
    [0.0, 0.0, 0.59129036],
    [0.0, 0.0, 0.8],
    [0.0, 0.0, 0.00870964],
    [0.5, 0.5, 0.69930168],
    [0.5, 0.5, 0.90069832],
    [0.5, 0.5, 0.3],
    [0.5, 0.5, 0.49968793],
    [0.5, 0.5, 0.10031207],
    [0.5, 0.5, 0.8],
    [0.5, 0.5, 0.60340054],
    [0.5, 0.5, 0.39724188],
    [0.5, 0.5, 0.20275812],
    [0.5, 0.5, 0.99659946],
    [0.5, 0.0, 0.89746935],
    [0.5, 0.0, 0.70253065],
    [0.5, 0.0, 0.50113506],
    [0.5, 0.0, 0.3],
    [0.5, 0.0, 0.09886494],
    [0.0, 0.5, 0.89746935],
    [0.0, 0.5, 0.70253065],
    [0.0, 0.5, 0.50113506],
    [0.0, 0.5, 0.3],
    [0.0, 0.5, 0.09886494]
  ],
  "relaxed_energy": -186.74369582,
  "relaxed_magmom": 14.0852,
  "relaxed_mag_basis": [
    0.014,
    0.014,
    0.013,
    0.022,
    0.013,
    3.577,
    3.577,
    3.529,
    1.674,
    1.674,
    -0.027,
    -0.03,
    -0.005,
    -0.005,
    -0.03,
    -0.053,
    -0.053,
    0.008,
    -0.068,
    0.008,
    -0.038,
    -0.038,
    0.006,
    -0.043,
    0.006
  ]
}