{
  "atom_type": [
    "La",
    "Mn",
    "Ni",
    "O"
  ],
  "atoms_per_type": [
    5,
    4,
    1,
    15
  ],
  "coord_mode": "direct",
  "relaxed_forces": [
    [-0.00679024, 0.00679024, -0.06427016],
    [0.06970987, -0.06970987, 0.02717173],
    [-0.0, 0.0, -0.0],
    [-0.06970987, 0.06970987, -0.02717173],
    [0.00679024, -0.00679024, 0.06427016],
    [-0.03677509, 0.03677509, 2.496e-05],
    [-0.01072564, 0.01072564, 0.03090128],
    [0.03677509, -0.03677509, -2.496e-05],
    [0.01072564, -0.01072564, -0.03090128],
    [-0.0, 0.0, -0.0],
    [-0.0140426, 0.0140426, -0.09002853],
    [-0.0, 0.0, -0.0],
    [0.0140426, -0.0140426, 0.09002853],
    [-0.0103706, 0.0103706, -0.02294204],
    [0.0103706, -0.0103706, 0.02294204],
    [0.04552651, 0.03075307, 0.00220289],
    [-0.04552651, -0.03075307, -0.00220289],
    [0.02319469, 0.04148425, -0.03479661],
    [-0.0, 0.0, -0.0],
    [-0.02319469, -0.04148425, 0.03479661],
    [-0.0, 0.0, -0.0],
    [0.04148425, 0.02319469, 0.03479661],
    [-0.03075307, -0.04552651, 0.00220289],
    [0.03075307, 0.04552651, -0.00220289],
    [-0.04148425, -0.02319469, -0.03479661]
  ],
  "relaxed_lattice": [
    [-3.90947805, -3.90947805, 0.0],
    [-3.9116621, 3.9116621, 3.91897123],
    [0.00020905, 3.909269, -7.83533983]
  ],
  "relaxed_basis": [
    [0.80270049, 0.19815954, 0.60540097],
    [0.59721304, 0.39516331, 0.19442608],
    [0.4, 0.6, 0.8],
    [0.20278696, 0.80483669, 0.40557392],
    [0.99729951, 0.00184046, 0.99459903],
    [0.79977522, 0.70077886, 0.59955045],
    [0.59937382, 0.90002509, 0.19874764],
    [0.00022478, 0.49922114, 0.00044955],
    [0.20062618, 0.29997491, 0.40125236],
    [0.4, 0.1, 0.8],
    [0.69792612, 0.80214888, 0.39585223],
    [0.9, 0.6, 0.8],
    [0.10207388, 0.39785112, 0.20414777],
    [0.29900466, 0.20098732, 0.59800933],
    [0.50099534, 0.99901268, 0.00199067],
    [0.80261421, 0.69605559, 0.09832113],
    [0.99738579, 0.50394441, 0.50167887],
    [0.19767174, 0.30220324, 0.90156393],
    [0.4, 0.1, 0.3],
    [0.60232826, 0.89779676, 0.69843607],
    [0.9, 0.1, 0.3],
    [0.09610782, 0.89779676, 0.69843607],
    [0.29570692, 0.69605559, 0.09832113],
    [0.50429308, 0.50394441, 0.50167887],
    [0.70389218, 0.30220324, 0.90156393]
  ],
  "relaxed_energy": -192.7159862,
  "relaxed_magmom": 17.0015,
  "relaxed_mag_basis": [
    0.017,
    0.019,
    0.017,
    0.019,
    0.017,
    3.706,
    3.84,
    3.706,
    3.839,
    1.706,
    -0.021,
    -0.048,
    -0.021,
    0.003,
    0.003,
    -0.023,
    -0.023,
    -0.002,
    -0.049,
    -0.002,
    -0.05,
    -0.002,
    -0.023,
    -0.023,
    -0.002
  ]
}