{
  "atom_type": [
    "La",
    "Ni",
    "O"
  ],
  "atoms_per_type": [
    1,
    1,
    3
  ],
  "coord_mode": "direct",
  "relaxed_forces": [
    [0.0, 0.0, 0.0],
    [0.0, 0.0, 0.0],
    [0.0, 0.0, 0.0],
    [0.0, 0.0, 0.0],
    [0.0, 0.0, 0.0]
  ],
  "relaxed_lattice": [
    [3.84513808, 0.0, 0.0],
    [0.0, 3.84513808, 0.0],
    [0.0, 0.0, 3.84513808]
  ],
  "relaxed_basis": [
    [0.0, 0.0, 0.0],
    [0.5, 0.5, 0.5],
    [0.0, 0.5, 0.5],
    [0.5, 0.0, 0.5],
    [0.5, 0.5, 0.0]
  ],
  "relaxed_energy": -33.28987997,
  "relaxed_magmom": 0.9998,
  "relaxed_mag_basis": [
    0.006,
    1.351,
    -0.145,
    -0.122,
    -0.047
  ]
}