{
  "atom_type": [
    "La",
    "Mn",
    "Ni",
    "O"
  ],
  "atoms_per_type": [
    5,
    2,
    3,
    15
  ],
  "coord_mode": "direct",
  "relaxed_forces": [
    [-0.0, -0.0, 0.0],
    [-0.03680019, 0.03680019, -0.04239259],
    [0.05982553, -0.05982553, 0.02255311],
    [-0.05982553, 0.05982553, -0.02255311],
    [0.03680019, -0.03680019, 0.04239259],
    [0.07512627, -0.07512627, 0.05397544],
    [-0.07512627, 0.07512627, -0.05397544],
    [-0.0, -0.0, 0.0],
    [0.0351272, -0.0351272, 0.03008217],
    [-0.0351272, 0.0351272, -0.03008217],
    [-0.01190873, 0.01190873, -0.01910102],
    [0.01190873, -0.01190873, 0.01910102],
    [-0.02141555, 0.02141555, -0.01308306],
    [-0.0, -0.0, 0.0],
    [0.02141555, -0.02141555, 0.01308306],
    [-0.0, -0.0, 0.0],
    [-0.02689187, -0.00434108, 0.00040694],
    [0.04166931, -0.02644837, -0.02196167],
    [-0.04166931, 0.02644837, 0.02196167],
    [0.02689187, 0.00434108, -0.00040694],
    [-0.02644837, 0.04166931, 0.02196167],
    [-0.00434108, -0.02689187, -0.00040694],
    [-0.0, -0.0, 0.0],
    [0.00434108, 0.02689187, 0.00040694],
    [0.02644837, -0.04166931, -0.02196167]
  ],
  "relaxed_lattice": [
    [-3.85847175, -3.85847175, 0.0],
    [-3.86122837, 3.86122837, 3.89155674],
    [-0.00283117, 3.86130292, -7.78601528]
  ],
  "relaxed_basis": [
    [0.8, 0.2, 0.6],
    [0.6033996, 0.40033002, 0.20679919],
    [0.39418326, 0.59757435, 0.78836653],
    [0.20581674, 0.80242565, 0.41163347],
    [0.9966004, 0.99966998, 0.99320081],
    [0.59986832, 0.90164385, 0.19973665],
    [0.00013168, 0.49835615, 0.00026335],
    [0.8, 0.7, 0.6],
    [0.19976836, 0.29958812, 0.39953671],
    [0.40023164, 0.10041188, 0.80046329],
    [0.69646781, 0.80263915, 0.39293561],
    [0.90353219, 0.59736085, 0.80706439],
    [0.09839445, 0.40132429, 0.1967889],
    [0.3, 0.2, 0.6],
    [0.50160555, 0.99867571, 0.0032111],
    [0.8, 0.7, 0.1],
    [0.99553968, 0.50415324, 0.50092977],
    [0.19566684, 0.30454367, 0.90346461],
    [0.40433316, 0.09545633, 0.29653539],
    [0.60446032, 0.89584676, 0.69907023],
    [0.89220223, 0.09545633, 0.29653539],
    [0.09460991, 0.89584676, 0.69907023],
    [0.3, 0.7, 0.1],
    [0.50539009, 0.50415324, 0.50092977],
    [0.70779777, 0.30454367, 0.90346461]
  ],
  "relaxed_energy": -180.63773632,
  "relaxed_magmom": 11.0012,
  "relaxed_mag_basis": [
    0.009,
    0.014,
    0.009,
    0.009,
    0.014,
    3.247,
    3.247,
    1.383,
    1.652,
    1.652,
    -0.002,
    -0.002,
    -0.007,
    -0.009,
    -0.007,
    -0.007,
    -0.041,
    -0.033,
    -0.033,
    -0.041,
    -0.033,
    -0.041,
    -0.007,
    -0.041,
    -0.033
  ]
}