{
  "atom_type": [
    "La",
    "Mn",
    "Ni",
    "O"
  ],
  "atoms_per_type": [
    5,
    2,
    3,
    15
  ],
  "coord_mode": "direct",
  "relaxed_forces": [
    [0.03040007, -0.03040007, -0.03040007],
    [-0.03040007, 0.03040007, 0.03040007],
    [-0.01070118, 0.01070118, 0.01070118],
    [0.0, 0.0, 0.0],
    [0.01070118, -0.01070118, -0.01070118],
    [0.00102849, -0.00102849, -0.00102849],
    [-0.00102849, 0.00102849, 0.00102849],
    [0.0, 0.0, 0.0],
    [-0.00459206, 0.00459206, 0.00459206],
    [0.00459206, -0.00459206, -0.00459206],
    [0.0, 0.0, 0.0],
    [-0.0069467, 0.0069467, 0.0059848],
    [-0.01487483, 0.01487483, 0.00315097],
    [0.01487483, -0.01487483, -0.00315097],
    [0.0069467, -0.0069467, -0.0059848],
    [0.0, 0.0, 0.0],
    [-0.0069467, 0.0059848, 0.0069467],
    [-0.01487483, 0.00315097, 0.01487483],
    [0.01487483, -0.00315097, -0.01487483],
    [0.0069467, -0.0059848, -0.0069467],
    [0.00315097, -0.01487483, -0.01487483],
    [0.0059848, -0.0069467, -0.0069467],
    [0.0, 0.0, 0.0],
    [-0.0059848, 0.0069467, 0.0069467],
    [-0.00315097, 0.01487483, 0.01487483]
  ],
  "relaxed_lattice": [
    [3.86944735, 0.0, 3.86944735],
    [3.86944735, 3.86944735, 0.0],
    [-3.900074, 7.76952134, 7.76952134]
  ],
  "relaxed_basis": [
    [0.79478064, 0.79478064, 0.61565809],
    [0.60521936, 0.60521936, 0.18434191],
    [0.39646814, 0.39646814, 0.81059557],
    [0.2, 0.2, 0.4],
    [0.00353186, 0.00353186, 0.98940443],
    [0.49990334, 0.49990334, 0.50028997],
    [0.90009666, 0.90009666, 0.29971003],
    [0.7, 0.7, 0.9],
    [0.10067626, 0.10067626, 0.69797123],
    [0.29932374, 0.29932374, 0.10202877],
    [0.2, 0.7, 0.4],
    [0.40104499, 0.89969269, 0.79956963],
    [0.60442383, 0.09563626, 0.20430365],
    [0.79557617, 0.30436374, 0.59569635],
    [0.99895501, 0.50030731, 0.00043037],
    [0.7, 0.2, 0.4],
    [0.89969269, 0.40104499, 0.79956963],
    [0.09563626, 0.60442383, 0.20430365],
    [0.30436374, 0.79557617, 0.59569635],
    [0.50030731, 0.99895501, 0.00043037],
    [0.30436374, 0.30436374, 0.59569635],
    [0.50030731, 0.50030731, 0.00043037],
    [0.7, 0.7, 0.4],
    [0.89969269, 0.89969269, 0.79956963],
    [0.09563626, 0.09563626, 0.20430365]
  ],
  "relaxed_energy": -180.41029472,
  "relaxed_magmom": 10.9998,
  "relaxed_mag_basis": [
    0.013,
    0.013,
    0.005,
    0.019,
    0.005,
    3.289,
    3.289,
    1.475,
    1.626,
    1.626,
    -0.013,
    -0.006,
    -0.036,
    -0.036,
    -0.007,
    -0.015,
    -0.058,
    -0.045,
    -0.045,
    -0.058,
    -0.038,
    -0.023,
    -0.011,
    -0.023,
    -0.038
  ]
}