{
  "atom_type": [
    "La",
    "Mn",
    "Ni",
    "O"
  ],
  "atoms_per_type": [
    6,
    3,
    3,
    18
  ],
  "coord_mode": "direct",
  "relaxed_forces": [
    [-0.00118213, 0.01265286, -0.00118213],
    [0.0, 0.01678613, 0.0],
    [0.00118213, 0.01265286, 0.00118213],
    [-0.00118213, -0.01265286, -0.00118213],
    [-0.0, -0.01678613, -0.0],
    [0.00118213, -0.01265286, 0.00118213],
    [0.0, -0.0, -0.0],
    [-0.04208452, 0.0, -0.04208452],
    [0.04208452, -0.0, 0.04208452],
    [0.02339347, -0.0, 0.02339347],
    [0.0, -0.0, -0.0],
    [-0.02339347, 0.0, -0.02339347],
    [0.02031067, 0.0, -0.03291947],
    [-0.02031067, -0.0, 0.03291947],
    [-0.03309891, 0.0, 0.00987851],
    [-0.01278508, -0.0, 0.02241478],
    [0.01278508, 0.0, -0.02241478],
    [0.03309891, -0.0, -0.00987851],
    [-0.00473193, 0.00270638, -0.00473193],
    [-0.0, -0.01385936, -0.0],
    [0.00473193, 0.00270638, 0.00473193],
    [-0.00473193, -0.00270638, -0.00473193],
    [0.0, 0.01385936, 0.0],
    [0.00473193, -0.00270638, 0.00473193],
    [-0.03291947, 0.0, 0.02031067],
    [0.03291947, -0.0, -0.02031067],
    [0.00987851, 0.0, -0.03309891],
    [0.02241478, -0.0, -0.01278508],
    [-0.02241478, 0.0, 0.01278508],
    [-0.00987851, -0.0, 0.03309891]
  ],
  "relaxed_lattice": [
    [3.87396643, 0.0, -3.87396643],
    [0.0, 7.78459852, 0.0],
    [3.87713365, -3.89229926, 7.75110008]
  ],
  "relaxed_basis": [
    [0.66756385, 0.17454507, 0.33512761],
    [0.3333333, 0.34713544, 0.6666667],
    [0.99910285, 0.50608406, 0.99820569],
    [0.66756385, 0.66058264, 0.33512761],
    [0.3333333, 0.81953116, 0.6666667],
    [0.99910285, 0.99212163, 0.99820569],
    [0.8333333, 0.0833333, 0.6666667],
    [0.50032565, 0.25032565, 0.0006513],
    [0.16634105, 0.91634105, 0.332682],
    [0.50082647, 0.75082647, 0.00165293],
    [0.8333333, 0.5833333, 0.6666667],
    [0.16584023, 0.41584023, 0.33168037],
    [0.66706751, 0.16746057, 0.83492104],
    [0.99959919, 0.99920613, 0.49841226],
    [0.32922442, 0.8344981, 0.1689963],
    [0.66722086, 0.6663343, 0.83266851],
    [0.99944584, 0.5003324, 0.50066479],
    [0.33744218, 0.3321685, 0.1643371],
    [0.5001036, 0.0055418, 0.0002072],
    [0.8333333, 0.84085572, 0.6666667],
    [0.1665631, 0.6720013, 0.3331261],
    [0.5001036, 0.4946654, 0.0002072],
    [0.8333333, 0.32581088, 0.6666667],
    [0.1665631, 0.1611249, 0.3331261],
    [0.16785364, 0.16746057, 0.83492104],
    [0.49881306, 0.99920613, 0.49841226],
    [0.83977178, 0.8344981, 0.1689963],
    [0.16544775, 0.6663343, 0.83266851],
    [0.50121895, 0.5003324, 0.50066479],
    [0.82689482, 0.3321685, 0.1643371]
  ],
  "relaxed_energy": -220.58139183,
  "relaxed_magmom": 14.9999,
  "relaxed_mag_basis": [
    0.013,
    0.01,
    0.013,
    0.013,
    0.01,
    0.013,
    3.495,
    3.342,
    3.342,
    1.653,
    1.577,
    1.653,
    -0.029,
    -0.029,
    -0.028,
    -0.016,
    -0.016,
    -0.028,
    -0.01,
    0.005,
    -0.01,
    -0.01,
    0.005,
    -0.01,
    -0.029,
    -0.029,
    -0.027,
    -0.02,
    -0.02,
    -0.027
  ]
}