{
  "atom_type": [
    "La",
    "Mn",
    "Ni",
    "O"
  ],
  "atoms_per_type": [
    5,
    1,
    4,
    15
  ],
  "coord_mode": "direct",
  "relaxed_forces": [
    [-0.0, 0.02653732, 0.02653732],
    [0.0, -0.01338912, -0.01338912],
    [0.0, 0.01338912, 0.01338912],
    [0.0, -0.02653732, -0.02653732],
    [0.0, 0.0, -0.0],
    [0.0, -0.0, -0.0],
    [0.0, -0.02016554, -0.02016554],
    [0.0, 0.00427267, 0.00427267],
    [0.0, -0.00427267, -0.00427267],
    [0.0, 0.02016554, 0.02016554],
    [0.0, -0.01025405, 0.06820967],
    [0.0, -0.01274469, -0.02914256],
    [0.0, 0.0, -0.0],
    [0.0, 0.01274469, 0.02914256],
    [0.0, 0.01025405, -0.06820967],
    [0.0, 0.06820967, -0.01025405],
    [0.0, -0.02914256, -0.01274469],
    [0.0, -0.0, -0.0],
    [0.0, 0.02914256, 0.01274469],
    [0.0, -0.06820967, 0.01025405],
    [0.0, -0.0, -0.0],
    [0.0, -0.04318385, -0.04318385],
    [0.0, 0.00030622, 0.00030622],
    [-0.0, -0.00030622, -0.00030622],
    [-0.0, 0.04318385, 0.04318385]
  ],
  "relaxed_lattice": [
    [3.86102105, 0.0, 0.0],
    [0.0, 3.85366839, -3.85366839],
    [0.0, 7.72121749, 11.57488588]
  ],
  "relaxed_basis": [
    [0.0, 0.60347546, 0.20695091],
    [0.0, 0.20050497, 0.40100995],
    [0.0, 0.79949503, 0.59899005],
    [0.0, 0.39652454, 0.79304909],
    [0.0, 0.0, 0.0],
    [0.5, 0.5, 0.0],
    [0.5, 0.90003564, 0.80007128],
    [0.5, 0.2996158, 0.5992316],
    [0.5, 0.7003842, 0.4007684],
    [0.5, 0.09996436, 0.19992872],
    [0.5, 0.69892873, 0.90216093],
    [0.5, 0.10294922, 0.69934349],
    [0.5, 0.5, 0.5],
    [0.5, 0.89705078, 0.30065651],
    [0.5, 0.30107127, 0.09783907],
    [0.5, 0.2032322, 0.90216093],
    [0.5, 0.59639428, 0.69934349],
    [0.5, 0.0, 0.5],
    [0.5, 0.40360572, 0.30065651],
    [0.5, 0.7967678, 0.09783907],
    [0.0, 0.5, 0.0],
    [0.0, 0.899884, 0.799768],
    [0.0, 0.30024236, 0.60048471],
    [0.0, 0.69975764, 0.39951529],
    [0.0, 0.100116, 0.200232]
  ],
  "relaxed_energy": -173.46935764,
  "relaxed_magmom": 8.0028,
  "relaxed_mag_basis": [
    0.011,
    0.008,
    0.008,
    0.011,
    0.015,
    3.33,
    1.499,
    1.348,
    1.348,
    1.499,
    -0.022,
    -0.099,
    -0.083,
    -0.099,
    -0.022,
    -0.024,
    -0.104,
    -0.085,
    -0.104,
    -0.024,
    -0.054,
    -0.074,
    -0.081,
    -0.081,
    -0.074
  ]
}