{
  "atom_type": [
    "La",
    "Mn",
    "Ni",
    "O"
  ],
  "atoms_per_type": [
    6,
    4,
    2,
    18
  ],
  "coord_mode": "direct",
  "relaxed_forces": [
    [0.0, -0.0, 0.0],
    [0.0, -0.04815374, 0.06891705],
    [0.0, -0.06391868, 0.06028996],
    [0.0, -0.0, 0.0],
    [0.0, 0.06391868, -0.06028996],
    [0.0, 0.04815374, -0.06891705],
    [0.0, -0.09011094, 0.01991643],
    [0.0, -0.10796421, -0.04316168],
    [0.0, 0.09011094, -0.01991643],
    [0.0, 0.10796421, 0.04316168],
    [0.0, -0.0324331, -0.02170067],
    [0.0, 0.0324331, 0.02170067],
    [0.0, -0.01941225, 0.1168324],
    [0.0, -0.04226157, -0.01457899],
    [0.0, -0.0, 0.0],
    [0.0, 0.04226157, 0.01457899],
    [0.0, 0.01941225, -0.1168324],
    [0.0, -0.0, 0.0],
    [0.0, -0.03648444, 0.03514212],
    [0.0, 0.03648444, -0.03514212],
    [0.0, 0.04617543, -0.02600341],
    [0.0, -0.00463025, 0.00626409],
    [0.0, 0.00463025, -0.00626409],
    [0.0, -0.04617543, 0.02600341],
    [0.0, -0.0044852, -0.06043609],
    [0.0, 0.02462622, -0.00865615],
    [0.0, -0.02462622, 0.00865615],
    [0.0, 0.0044852, 0.06043609],
    [0.0, 0.03460402, -0.00102074],
    [0.0, -0.03460402, 0.00102074]
  ],
  "relaxed_lattice": [
    [-3.91139424, 0.0, 0.0],
    [0.0, 3.88915607, 7.84675892],
    [0.0, 7.77361873, -7.84443158]
  ],
  "relaxed_basis": [
    [0.0, 0.6666667, 0.1666667],
    [0.0, 0.32147769, 0.32028207],
    [0.0, 0.00167797, 0.49053466],
    [0.0, 0.6666667, 0.6666667],
    [0.0, 0.33165533, 0.84279864],
    [0.0, 0.01185561, 0.01305123],
    [0.5, 0.0001282, 0.75002779],
    [0.5, 0.66768219, 0.91695272],
    [0.5, 0.3332051, 0.58330551],
    [0.5, 0.66565121, 0.41638068],
    [0.5, 0.99832522, 0.25015993],
    [0.5, 0.33500808, 0.08317337],
    [0.5, 0.50264682, 0.99726516],
    [0.5, 0.82848301, 0.83185606],
    [0.5, 0.1666667, 0.6666667],
    [0.5, 0.50485029, 0.50147724],
    [0.5, 0.83068648, 0.33606814],
    [0.5, 0.1666667, 0.1666667],
    [0.5, 0.50122976, 0.7495467],
    [0.5, 0.83210354, 0.5837866],
    [0.5, 0.1696979, 0.42159763],
    [0.5, 0.50524039, 0.25425311],
    [0.5, 0.82809291, 0.07908019],
    [0.5, 0.1636355, 0.91173577],
    [0.0, 0.66439026, 0.91467573],
    [0.0, 0.99846093, 0.74879022],
    [0.0, 0.33487237, 0.58454308],
    [0.0, 0.66894314, 0.41865767],
    [0.0, 0.99928703, 0.25157744],
    [0.0, 0.33404627, 0.08175586]
  ],
  "relaxed_energy": -226.56008584,
  "relaxed_magmom": 18.0008,
  "relaxed_mag_basis": [
    0.014,
    0.008,
    0.017,
    0.021,
    0.017,
    0.008,
    3.688,
    3.549,
    3.687,
    3.549,
    1.718,
    1.718,
    -0.015,
    -0.021,
    -0.057,
    -0.021,
    -0.015,
    0.054,
    -0.021,
    -0.021,
    -0.027,
    -0.022,
    -0.022,
    -0.027,
    -0.048,
    -0.043,
    -0.043,
    -0.048,
    0.033,
    0.033
  ]
}