{
  "atom_type": [
    "La",
    "Mn",
    "Ni",
    "O"
  ],
  "atoms_per_type": [
    6,
    3,
    3,
    18
  ],
  "coord_mode": "direct",
  "relaxed_forces": [
    [0.08253252, 0.06011995, -0.08253252],
    [-0.03606212, 0.0228143, 0.03606212],
    [-0.05419051, 0.04506612, 0.05419051],
    [0.08253252, -0.06011995, -0.08253252],
    [-0.03606212, -0.0228143, 0.03606212],
    [-0.05419051, -0.04506612, 0.05419051],
    [-0.05580809, -0.0, 0.05580809],
    [0.06141628, -0.0, -0.06141628],
    [0.05615238, -0.0, -0.05615238],
    [0.03623825, -0.0, -0.03623825],
    [-0.05585859, -0.0, 0.05585859],
    [0.0099886, -0.0, -0.0099886],
    [0.00664623, -0.0, 0.02955577],
    [-0.00936952, -0.0, -0.00689881],
    [-0.00193135, -0.0, -0.00894148],
    [-0.04809342, -0.0, 0.01798993],
    [-0.00065511, -0.0, 0.00807939],
    [0.04635685, -0.0, -0.01613358],
    [-0.01228702, -0.03194079, 0.01228702],
    [0.01377228, 0.01247595, -0.01377228],
    [-0.00448079, -0.02380351, 0.00448079],
    [-0.01228702, 0.03194079, 0.01228702],
    [0.01377228, -0.01247595, -0.01377228],
    [-0.00448079, 0.02380351, 0.00448079],
    [0.00894148, -0.0, 0.00193135],
    [-0.01798993, -0.0, 0.04809342],
    [-0.00807939, -0.0, 0.00065511],
    [0.01613358, -0.0, -0.04635685],
    [-0.02955577, -0.0, -0.00664623],
    [0.00689881, -0.0, 0.00936952]
  ],
  "relaxed_lattice": [
    [3.875864, 0.0, 3.875864],
    [0.0, -7.77438923, 0.0],
    [3.87970746, 0.0, -7.75557145]
  ],
  "relaxed_basis": [
    [0.33937712, 0.49216355, 0.67875434],
    [0.66403776, 0.00246919, 0.32807542],
    [0.99657024, 0.49410713, 0.99314048],
    [0.33937712, 0.00783645, 0.67875434],
    [0.66403776, 0.49753081, 0.32807542],
    [0.99657024, 0.00589287, 0.99314048],
    [0.83314181, 0.75, 0.66628373],
    [0.16717754, 0.25, 0.33435497],
    [0.16635995, 0.75, 0.33271981],
    [0.50061535, 0.25, 0.0012307],
    [0.83210613, 0.25, 0.66421236],
    [0.50054435, 0.75, 0.00108869],
    [0.00242177, 0.25, 0.49637695],
    [0.67042892, 0.75, 0.82861288],
    [0.3304664, 0.25, 0.17151906],
    [0.9989114, 0.75, 0.49864916],
    [0.667122, 0.25, 0.83217215],
    [0.33074439, 0.75, 0.17250162],
    [0.16692062, 0.50016547, 0.33384114],
    [0.83258647, 0.99375592, 0.66517304],
    [0.50061932, 0.50216636, 0.00123863],
    [0.16692062, 0.99983453, 0.33384114],
    [0.83258647, 0.50624408, 0.66517304],
    [0.50061932, 0.99783364, 0.00123863],
    [0.84105256, 0.25, 0.17151906],
    [0.49973776, 0.75, 0.49864916],
    [0.16505025, 0.25, 0.83217215],
    [0.84175713, 0.75, 0.17250162],
    [0.49395519, 0.25, 0.49637695],
    [0.15818406, 0.75, 0.82861288]
  ],
  "relaxed_energy": -220.60673224,
  "relaxed_magmom": 15.0017,
  "relaxed_mag_basis": [
    0.011,
    0.016,
    0.009,
    0.011,
    0.016,
    0.009,
    3.292,
    3.369,
    3.385,
    1.674,
    1.668,
    1.647,
    -0.01,
    -0.035,
    -0.008,
    -0.008,
    0.011,
    -0.034,
    -0.06,
    0.001,
    0.002,
    -0.06,
    0.0,
    0.002,
    -0.011,
    -0.01,
    0.013,
    -0.037,
    -0.015,
    -0.038
  ]
}