{
  "atom_type": [
    "La",
    "Mn",
    "Ni",
    "O"
  ],
  "atoms_per_type": [
    6,
    1,
    5,
    18
  ],
  "coord_mode": "direct",
  "relaxed_forces": [
    [0.04163075, 0.00213309, -0.04163075],
    [0.0, 0.06277855, 0.0],
    [-0.04163075, 0.00213309, 0.04163075],
    [0.04163075, -0.00213309, -0.04163075],
    [0.0, -0.06277855, 0.0],
    [-0.04163075, -0.00213309, 0.04163075],
    [0.0, -0.0, 0.0],
    [-0.01371903, -0.0, 0.01371903],
    [0.01636172, -0.0, -0.01636172],
    [0.0, -0.0, 0.0],
    [-0.01636172, -0.0, 0.01636172],
    [0.01371903, -0.0, -0.01371903],
    [-0.00232705, -0.0, 0.00593712],
    [0.0, -0.0, 0.0],
    [0.00232705, -0.0, -0.00593712],
    [-0.00819479, -0.0, 0.00435744],
    [0.0, -0.0, 0.0],
    [0.00819479, -0.0, -0.00435744],
    [0.0, 0.04074734, 0.0],
    [0.03277627, 0.03276675, -0.03277627],
    [-0.03277627, -0.03276675, 0.03277627],
    [0.0, -0.04074734, 0.0],
    [0.03277627, -0.03276675, -0.03277627],
    [-0.03277627, 0.03276675, 0.03277627],
    [0.00593712, -0.0, -0.00232705],
    [-0.00435744, -0.0, 0.00819479],
    [0.0, -0.0, 0.0],
    [0.00435744, -0.0, -0.00819479],
    [-0.00593712, -0.0, 0.00232705],
    [0.0, -0.0, 0.0]
  ],
  "relaxed_lattice": [
    [3.84994848, 0.0, 3.84994848],
    [0.0, -7.71878512, 0.0],
    [3.8545661, 0.0, -7.70451457]
  ],
  "relaxed_basis": [
    [0.33477872, 0.50235518, 0.66955754],
    [0.6666667, 0.995566, 0.3333333],
    [0.99855458, 0.50235518, 0.99710916],
    [0.33477872, 0.99764482, 0.66955754],
    [0.6666667, 0.504434, 0.3333333],
    [0.99855458, 0.99764482, 0.99710916],
    [0.1666667, 0.25, 0.3333333],
    [0.83317236, 0.75, 0.66634481],
    [0.50003631, 0.25, 7.262e-05],
    [0.1666667, 0.75, 0.3333333],
    [0.83329699, 0.25, 0.66659408],
    [0.50016094, 0.75, 0.00032189],
    [0.00151245, 0.25, 0.49769668],
    [0.6666667, 0.75, 0.8333333],
    [0.33182085, 0.25, 0.16897002],
    [0.99894362, 0.75, 0.5000946],
    [0.6666667, 0.25, 0.8333333],
    [0.33438968, 0.75, 0.1665721],
    [0.1666667, 0.49634339, 0.3333333],
    [0.83345272, 0.99951855, 0.66690555],
    [0.49988058, 0.50048145, 0.99976115],
    [0.1666667, 0.00365661, 0.3333333],
    [0.83345272, 0.50048145, 0.66690555],
    [0.49988058, 0.99951855, 0.99976115],
    [0.83714907, 0.25, 0.16897002],
    [0.50115098, 0.75, 0.5000946],
    [0.1666667, 0.25, 0.8333333],
    [0.83218232, 0.75, 0.1665721],
    [0.49618423, 0.25, 0.49769668],
    [0.1666667, 0.75, 0.8333333]
  ],
  "relaxed_energy": -206.92609901,
  "relaxed_magmom": 9.0006,
  "relaxed_mag_basis": [
    0.009,
    0.01,
    0.009,
    0.009,
    0.01,
    0.009,
    3.271,
    1.345,
    1.443,
    1.482,
    1.443,
    1.345,
    -0.031,
    -0.088,
    -0.031,
    -0.076,
    -0.117,
    -0.076,
    -0.034,
    -0.081,
    -0.081,
    -0.034,
    -0.079,
    -0.079,
    -0.037,
    -0.086,
    -0.14,
    -0.086,
    -0.037,
    -0.095
  ]
}