{
  "atom_type": [
    "La",
    "Mn",
    "Ni",
    "O"
  ],
  "atoms_per_type": [
    4,
    1,
    3,
    12
  ],
  "coord_mode": "direct",
  "relaxed_forces": [
    [0.0, -0.0, 0.0],
    [0.0, 0.12813477, -0.12813477],
    [0.0, -0.0, 0.0],
    [0.0, -0.12813477, 0.12813477],
    [0.0, -0.0, 0.0],
    [0.0, -0.01136182, 0.01136182],
    [0.0, -0.0, 0.0],
    [0.0, 0.01136182, -0.01136182],
    [0.0, -0.01551261, 0.08955381],
    [0.0, -0.02018758, -0.0424884],
    [0.0, 0.02018758, 0.0424884],
    [0.0, 0.01551261, -0.08955381],
    [0.0, 0.08955381, -0.01551261],
    [0.0, -0.08955381, 0.01551261],
    [0.0, 0.0424884, 0.02018758],
    [0.0, -0.0424884, -0.02018758],
    [0.0, -0.0, 0.0],
    [0.0, 0.04227013, -0.04227013],
    [0.0, -0.0, 0.0],
    [0.0, -0.04227013, 0.04227013]
  ],
  "relaxed_lattice": [
    [3.86590945, 0.0, 0.0],
    [0.0, 3.85679273, 3.85679273],
    [0.0, -7.72110036, 7.72110036]
  ],
  "relaxed_basis": [
    [0.0, 0.5, 0.25],
    [0.0, 0.0, 0.49361596],
    [0.0, 0.5, 0.75],
    [0.0, 0.0, 0.00638404],
    [0.5, 0.0, 0.75],
    [0.5, 0.5, 0.99999846],
    [0.5, 0.0, 0.25],
    [0.5, 0.5, 0.50000154],
    [0.5, 0.75290636, 0.62756434],
    [0.5, 0.24619951, 0.37395034],
    [0.5, 0.75380049, 0.12604966],
    [0.5, 0.24709364, 0.87243566],
    [0.5, 0.75290636, 0.87243566],
    [0.5, 0.24709364, 0.62756434],
    [0.5, 0.75380049, 0.37395034],
    [0.5, 0.24619951, 0.12604966],
    [0.0, 0.0, 0.75],
    [0.0, 0.5, 0.50051936],
    [0.0, 0.0, 0.25],
    [0.0, 0.5, 0.99948064]
  ],
  "relaxed_energy": -140.18712703,
  "relaxed_magmom": 7.0011,
  "relaxed_mag_basis": [
    0.006,
    0.01,
    0.014,
    0.01,
    3.334,
    1.523,
    1.286,
    1.523,
    -0.022,
    -0.086,
    -0.086,
    -0.022,
    -0.022,
    -0.022,
    -0.086,
    -0.086,
    -0.054,
    -0.064,
    -0.079,
    -0.064
  ]
}