{
  "atom_type": [
    "La",
    "Mn",
    "Ni",
    "O"
  ],
  "atoms_per_type": [
    5,
    4,
    1,
    15
  ],
  "coord_mode": "direct",
  "relaxed_forces": [
    [-0.0, -0.02808401, -0.02337038],
    [0.0, 0.0, 0.0],
    [0.0, 0.02808401, 0.02337038],
    [0.0, 0.02337038, -0.02808401],
    [-0.0, -0.02337038, 0.02808401],
    [0.0, 0.02192575, 0.08680055],
    [0.0, -0.08680055, 0.02192575],
    [0.0, -0.02192575, -0.08680055],
    [0.0, 0.08680055, -0.02192575],
    [0.0, 0.0, 0.0],
    [0.0, 0.0, 0.0],
    [0.0, 0.01394766, -0.03550963],
    [0.0, -0.00920282, 0.01737915],
    [0.0, 0.00920282, -0.01737915],
    [0.0, -0.01394766, 0.03550963],
    [0.0, 0.01737915, 0.00920282],
    [0.0, 0.0, 0.0],
    [0.0, -0.01737915, -0.00920282],
    [0.0, -0.03550963, -0.01394766],
    [0.0, 0.03550963, 0.01394766],
    [0.0, 0.08154996, 0.0488019],
    [0.0, 0.0488019, -0.08154996],
    [0.0, -0.0488019, 0.08154996],
    [-0.0, -0.08154996, -0.0488019],
    [0.0, 0.0, 0.0]
  ],
  "relaxed_lattice": [
    [-3.91651405, 0.0, 0.0],
    [0.0, 7.82979548, 3.91489775],
    [0.0, 3.91489775, -7.82979548]
  ],
  "relaxed_basis": [
    [0.0, 0.39612189, 0.19054409],
    [0.0, 0.8, 0.4],
    [0.0, 0.20387811, 0.60945591],
    [0.0, 0.59054409, 0.80387811],
    [0.0, 0.00945591, 0.99612189],
    [0.5, 0.49984885, 0.49952392],
    [0.5, 0.89952392, 0.70015115],
    [0.5, 0.10015115, 0.30047608],
    [0.5, 0.70047608, 0.09984885],
    [0.5, 0.3, 0.9],
    [0.5, 0.8, 0.9],
    [0.5, 0.40195418, 0.69642739],
    [0.5, 0.00028923, 0.49647982],
    [0.5, 0.59971077, 0.30352018],
    [0.5, 0.19804582, 0.10357261],
    [0.5, 0.70352018, 0.60028923],
    [0.5, 0.3, 0.4],
    [0.5, 0.89647982, 0.19971077],
    [0.5, 0.50357261, 0.00195418],
    [0.5, 0.09642739, 0.79804582],
    [0.0, 0.90060926, 0.69889867],
    [0.0, 0.50110133, 0.50060926],
    [0.0, 0.09889867, 0.29939074],
    [0.0, 0.69939074, 0.10110133],
    [0.0, 0.3, 0.9]
  ],
  "relaxed_energy": -192.67823264,
  "relaxed_magmom": 16.9999,
  "relaxed_mag_basis": [
    0.016,
    0.021,
    0.016,
    0.016,
    0.016,
    3.772,
    3.766,
    3.772,
    3.766,
    1.73,
    -0.049,
    -0.002,
    -0.028,
    -0.028,
    -0.003,
    -0.024,
    -0.036,
    -0.023,
    -0.0,
    -0.001,
    -0.032,
    -0.032,
    -0.032,
    -0.032,
    0.042
  ]
}