{
  "atom_type": [
    "La",
    "Mn",
    "Ni",
    "O"
  ],
  "atoms_per_type": [
    6,
    4,
    2,
    18
  ],
  "coord_mode": "direct",
  "relaxed_forces": [
    [0.0, -0.0, 0.05144196],
    [0.0, -0.0, -0.05144196],
    [0.0, -0.0, -0.0],
    [0.0, -0.0, 0.05144196],
    [0.0, -0.0, -0.05144196],
    [0.0, -0.0, -0.0],
    [0.0, -0.0, -0.0],
    [0.0, -0.0, -0.02883795],
    [0.0, -0.0, 0.02883795],
    [0.0, -0.0, -0.0],
    [0.0, -0.0, -0.00243314],
    [0.0, -0.0, 0.00243314],
    [0.0, -0.0, 0.08718464],
    [0.0, -0.0, -0.08718464],
    [0.0, -0.0, 0.02249321],
    [0.0, -0.0, -0.02810709],
    [0.0, -0.0, 0.02810709],
    [0.0, -0.0, -0.02249321],
    [0.0, 0.03140535, 0.02270904],
    [0.0, 0.06283615, -0.0],
    [0.0, 0.03140535, -0.02270904],
    [0.0, -0.03140535, 0.02270904],
    [0.0, -0.06283615, -0.0],
    [0.0, -0.03140535, -0.02270904],
    [0.03140535, -0.0, 0.02270904],
    [0.06283615, -0.0, -0.0],
    [0.03140535, -0.0, -0.02270904],
    [-0.03140535, -0.0, 0.02270904],
    [-0.06283615, -0.0, -0.0],
    [-0.03140535, -0.0, -0.02270904]
  ],
  "relaxed_lattice": [
    [3.89871913, -3.89871913, 0.0],
    [3.89871913, 3.89871913, 0.0],
    [-3.89871913, 0.0, 11.73507792]
  ],
  "relaxed_basis": [
    [0.16461193, 0.16461193, 0.32922376],
    [0.33538807, 0.33538807, 0.67077624],
    [0.5, 0.5, 0.0],
    [0.66461193, 0.66461193, 0.32922376],
    [0.83538807, 0.83538807, 0.67077624],
    [0.0, 0.0, 0.0],
    [0.75, 0.25, 0.5],
    [0.91727035, 0.41727035, 0.83454061],
    [0.58272965, 0.08272965, 0.16545939],
    [0.25, 0.75, 0.5],
    [0.41651203, 0.91651203, 0.83302395],
    [0.08348797, 0.58348797, 0.16697605],
    [0.83516937, 0.33516937, 0.67033885],
    [0.66483063, 0.16483063, 0.32966115],
    [0.50062286, 0.00062286, 0.00124572],
    [0.33208317, 0.83208317, 0.66416644],
    [0.16791683, 0.66791683, 0.33583356],
    [0.99937714, 0.49937714, 0.99875428],
    [0.16166068, 0.17091228, 0.83257287],
    [0.00130363, 0.99869637, 0.5],
    [0.82908772, 0.83833932, 0.16742713],
    [0.67091228, 0.66166068, 0.83257287],
    [0.49869637, 0.50130363, 0.5],
    [0.33833932, 0.32908772, 0.16742713],
    [0.67091228, 0.17091228, 0.83257287],
    [0.49869637, 0.99869637, 0.5],
    [0.33833932, 0.83833932, 0.16742713],
    [0.16166068, 0.66166068, 0.83257287],
    [0.00130363, 0.50130363, 0.5],
    [0.82908772, 0.32908772, 0.16742713]
  ],
  "relaxed_energy": -226.9180742,
  "relaxed_magmom": 18.0001,
  "relaxed_mag_basis": [
    0.017,
    0.017,
    0.013,
    0.017,
    0.017,
    0.013,
    3.984,
    3.389,
    3.39,
    3.616,
    1.702,
    1.702,
    -0.037,
    -0.037,
    0.006,
    -0.006,
    -0.006,
    0.006,
    -0.004,
    -0.029,
    -0.003,
    -0.003,
    -0.03,
    -0.004,
    -0.004,
    -0.032,
    -0.008,
    -0.008,
    -0.031,
    -0.004
  ]
}