{
  "atom_type": [
    "La",
    "Mn",
    "Ni",
    "O"
  ],
  "atoms_per_type": [
    6,
    3,
    3,
    18
  ],
  "coord_mode": "direct",
  "relaxed_forces": [
    [0.0, -0.13284489, 0.04919701],
    [0.0, 0.13284489, -0.04919701],
    [0.0, 0.18741844, 0.00041727],
    [0.0, 0.07359586, -0.08879032],
    [0.0, -0.07359586, 0.08879032],
    [0.0, -0.18741844, -0.00041727],
    [0.0, 0.0, -0.0],
    [0.0, -0.18336967, 0.00532662],
    [0.0, 0.18336967, -0.00532662],
    [0.0, -0.01157566, -0.04733958],
    [0.0, 0.0, -0.0],
    [0.0, 0.01157566, 0.04733958],
    [0.0, 0.01840008, -0.01895902],
    [0.0, -0.01055233, -0.09824927],
    [0.0, 0.01055233, 0.09824927],
    [0.0, -0.01840008, 0.01895902],
    [0.0, -0.00287021, -0.02452005],
    [0.0, 0.00287021, 0.02452005],
    [0.0, 0.0, -0.0],
    [0.0, 0.00847477, 0.03420151],
    [0.0, -0.16122638, -0.02189568],
    [0.0, 0.0, -0.0],
    [0.0, 0.16122638, 0.02189568],
    [0.0, -0.00847477, -0.03420151],
    [0.0, -0.00681235, 0.03397622],
    [0.0, 0.0, -0.0],
    [0.0, 0.00681235, -0.03397622],
    [0.0, -0.05048869, 0.05570972],
    [0.0, 0.0, -0.0],
    [0.0, 0.05048869, -0.05570972]
  ],
  "relaxed_lattice": [
    [-3.87912196, 0.0, 0.0],
    [0.0, 3.89196321, 7.74452551],
    [0.0, 7.80396545, -7.75453076]
  ],
  "relaxed_basis": [
    [0.0, 0.66603843, 0.1777324],
    [0.0, 0.33396157, 0.3222676],
    [0.0, 0.98916122, 0.48532857],
    [0.0, 0.66623133, 0.65804995],
    [0.0, 0.33376867, 0.84195005],
    [0.0, 0.01083878, 0.01467143],
    [0.5, 0.0, 0.75],
    [0.5, 0.66809947, 0.9169819],
    [0.5, 0.33190053, 0.5830181],
    [0.5, 0.66613162, 0.41827387],
    [0.5, 0.0, 0.25],
    [0.5, 0.33386838, 0.08172613],
    [0.5, 0.50193793, 0.99475496],
    [0.5, 0.83245344, 0.83056211],
    [0.5, 0.16754656, 0.66943789],
    [0.5, 0.49806207, 0.50524504],
    [0.5, 0.83635886, 0.33451703],
    [0.5, 0.16364114, 0.16548297],
    [0.5, 0.5, 0.75],
    [0.5, 0.83562996, 0.58803013],
    [0.5, 0.17184336, 0.42285335],
    [0.5, 0.5, 0.25],
    [0.5, 0.82815664, 0.07714665],
    [0.5, 0.16437004, 0.91196987],
    [0.0, 0.66410432, 0.91373464],
    [0.0, 0.0, 0.75],
    [0.0, 0.33589568, 0.58626536],
    [0.0, 0.66861518, 0.41934457],
    [0.0, 0.0, 0.25],
    [0.0, 0.33138482, 0.08065543]
  ],
  "relaxed_energy": -220.33164799,
  "relaxed_magmom": 14.9986,
  "relaxed_mag_basis": [
    0.006,
    0.006,
    0.011,
    0.018,
    0.018,
    0.011,
    3.442,
    3.434,
    3.434,
    1.64,
    1.601,
    1.64,
    -0.041,
    -0.027,
    -0.027,
    -0.042,
    -0.006,
    -0.006,
    -0.02,
    -0.017,
    -0.029,
    0.008,
    -0.029,
    -0.017,
    -0.058,
    -0.053,
    -0.058,
    -0.004,
    -0.02,
    -0.004
  ]
}