{
  "atom_type": [
    "La",
    "Mn",
    "Ni",
    "O"
  ],
  "atoms_per_type": [
    4,
    1,
    3,
    12
  ],
  "coord_mode": "direct",
  "relaxed_forces": [
    [-0.0, -0.06029713, 0.10618733],
    [-0.0, 0.06029713, 0.10618733],
    [0.0, -0.06029713, -0.10618733],
    [-0.0, 0.06029713, -0.10618733],
    [-0.0, 0.0, 0.0],
    [-0.0, -0.03468118, 0.0],
    [-0.0, 0.0, 0.0],
    [-0.0, 0.03468118, -0.0],
    [-0.0, 0.0, 0.04005183],
    [-0.0, 0.0, 0.0],
    [-0.0, -0.0, -0.04005183],
    [-0.0, 0.0, 0.0],
    [-0.0, 0.05871763, -0.0],
    [-0.0, 0.02551272, -0.0],
    [-0.0, -0.02551272, 0.0],
    [-0.0, -0.05871763, 0.0],
    [-0.0, 0.0, 0.0],
    [-0.0, -0.05139514, 0.0],
    [-0.0, 0.0, 0.0],
    [-0.0, 0.05139514, -0.0]
  ],
  "relaxed_lattice": [
    [-3.85584815, 0.0, 0.0],
    [0.0, 0.0, 7.73324382],
    [0.0, 7.71410777, -3.86662192]
  ],
  "relaxed_basis": [
    [0.0, 0.25291144, 0.49596924],
    [0.0, 0.5069422, 0.00403076],
    [0.0, 0.7430578, 0.49596924],
    [0.0, 0.99708856, 0.00403076],
    [0.5, 0.125, 0.75],
    [0.5, 0.37468588, 0.24937177],
    [0.5, 0.625, 0.75],
    [0.5, 0.87531412, 0.25062823],
    [0.5, 0.87989391, 0.75],
    [0.5, 0.625, 0.25],
    [0.5, 0.37010609, 0.75],
    [0.5, 0.125, 0.25],
    [0.5, 0.00179587, 0.50359174],
    [0.5, 0.74926652, 0.99853305],
    [0.5, 0.50073348, 0.50146695],
    [0.5, 0.24820413, 0.99640826],
    [0.0, 0.125, 0.75],
    [0.0, 0.8747746, 0.24954919],
    [0.0, 0.625, 0.75],
    [0.0, 0.3752254, 0.25045081]
  ],
  "relaxed_energy": -140.17964036,
  "relaxed_magmom": 7.0031,
  "relaxed_mag_basis": [
    0.009,
    0.009,
    0.009,
    0.009,
    3.311,
    1.441,
    1.452,
    1.441,
    -0.019,
    -0.073,
    -0.019,
    -0.076,
    -0.029,
    -0.082,
    -0.082,
    -0.029,
    -0.05,
    -0.069,
    -0.067,
    -0.069
  ]
}