{
  "atom_type": [
    "La",
    "Mn",
    "Ni",
    "O"
  ],
  "atoms_per_type": [
    6,
    4,
    2,
    18
  ],
  "coord_mode": "direct",
  "relaxed_forces": [
    [-0.03270592, 0.00702132, -0.03270592],
    [0.0, 0.01335302, 0.0],
    [0.03270592, 0.00702132, 0.03270592],
    [-0.03270592, -0.00702132, -0.03270592],
    [-0.0, -0.01335302, -0.0],
    [0.03270592, -0.00702132, 0.03270592],
    [0.0, 0.0, 0.0],
    [-0.03731526, 0.0, -0.03731526],
    [0.03731526, -0.0, 0.03731526],
    [0.0, 0.0, 0.0],
    [-0.00736514, 0.0, -0.00736514],
    [0.00736514, -0.0, 0.00736514],
    [0.01805693, -0.0, 0.00504975],
    [-0.01805693, 0.0, -0.00504975],
    [-0.04798762, 0.0, -0.00958727],
    [-0.02344529, 0.0, -0.0054763],
    [0.02344529, -0.0, 0.0054763],
    [0.04798762, -0.0, 0.00958727],
    [0.03530075, 0.00019233, 0.03530075],
    [-0.0, -0.04342434, -0.0],
    [-0.03530075, 0.00019233, -0.03530075],
    [0.03530075, -0.00019233, 0.03530075],
    [0.0, 0.04342434, 0.0],
    [-0.03530075, -0.00019233, -0.03530075],
    [0.00504975, -0.0, 0.01805693],
    [-0.00504975, 0.0, -0.01805693],
    [-0.00958727, 0.0, -0.04798762],
    [-0.0054763, 0.0, -0.02344529],
    [0.0054763, -0.0, 0.02344529],
    [0.00958727, -0.0, 0.04798762]
  ],
  "relaxed_lattice": [
    [3.89848665, 0.0, -3.89848665],
    [0.0, 7.79924892, 0.0],
    [3.89809946, -3.89962447, 7.7965861]
  ],
  "relaxed_basis": [
    [0.66447453, 0.16699406, 0.32894896],
    [0.3333333, 0.33853377, 0.6666667],
    [0.00219217, 0.5047117, 0.00438434],
    [0.66447453, 0.661955, 0.32894896],
    [0.3333333, 0.82813283, 0.6666667],
    [0.00219217, 0.99967264, 0.00438434],
    [0.8333333, 0.0833333, 0.6666667],
    [0.50019689, 0.25019689, 0.00039379],
    [0.16646981, 0.91646981, 0.33293951],
    [0.8333333, 0.5833333, 0.6666667],
    [0.49976193, 0.74976193, 0.99952387],
    [0.16690477, 0.41690477, 0.33380943],
    [0.66284934, 0.16828241, 0.83656472],
    [0.00381736, 0.99838429, 0.49676858],
    [0.33088405, 0.83420257, 0.16840524],
    [0.66889394, 0.664914, 0.8298279],
    [0.99777276, 0.5017527, 0.5035054],
    [0.33578255, 0.33246403, 0.16492816],
    [0.49985133, 0.00465334, 0.99970266],
    [0.8333333, 0.83133587, 0.6666667],
    [0.16681537, 0.67161739, 0.33363064],
    [0.49985133, 0.49504931, 0.99970266],
    [0.8333333, 0.33533073, 0.6666667],
    [0.16681537, 0.16201336, 0.33363064],
    [0.17371548, 0.16828241, 0.83656472],
    [0.49295122, 0.99838429, 0.49676858],
    [0.83752109, 0.83420257, 0.16840524],
    [0.16093406, 0.664914, 0.8298279],
    [0.50573264, 0.5017527, 0.5035054],
    [0.82914551, 0.33246403, 0.16492816]
  ],
  "relaxed_energy": -226.89806581,
  "relaxed_magmom": 18.0005,
  "relaxed_mag_basis": [
    0.014,
    0.017,
    0.014,
    0.014,
    0.017,
    0.014,
    4.07,
    3.402,
    3.402,
    3.446,
    1.702,
    1.702,
    -0.03,
    -0.03,
    0.004,
    -0.003,
    -0.003,
    0.004,
    -0.002,
    -0.025,
    -0.003,
    -0.003,
    -0.025,
    -0.002,
    -0.028,
    -0.028,
    0.004,
    -0.002,
    -0.002,
    0.005
  ]
}