{
  "atom_type": [
    "La",
    "Mn",
    "Ni",
    "O"
  ],
  "atoms_per_type": [
    6,
    4,
    2,
    18
  ],
  "coord_mode": "direct",
  "relaxed_forces": [
    [0.05884487, -0.05884487, 0.05025912],
    [0.05845234, -0.05845234, 0.00727248],
    [-0.05845234, 0.05845234, -0.00727248],
    [-0.05884487, 0.05884487, -0.05025912],
    [0.01361314, -0.01361314, -0.04947113],
    [-0.01361314, 0.01361314, 0.04947113],
    [0.00883883, -0.00883883, 0.10260735],
    [0.01335459, -0.01335459, 0.09900026],
    [-0.00883883, 0.00883883, -0.10260735],
    [-0.01335459, 0.01335459, -0.09900026],
    [-0.03741737, 0.03741737, -0.0015149],
    [0.03741737, -0.03741737, 0.0015149],
    [0.01192183, -0.01192183, -0.02543353],
    [-0.01899643, 0.01899643, -0.06152546],
    [0.0093001, -0.0093001, -0.01446488],
    [-0.0093001, 0.0093001, 0.01446488],
    [0.01899643, -0.01899643, 0.06152546],
    [-0.01192183, 0.01192183, 0.02543353],
    [-0.03446276, 0.00196617, -0.01743936],
    [0.0, -0.0, 0.0],
    [0.03446276, -0.00196617, 0.01743936],
    [0.05294538, 0.01336526, -0.0266176],
    [0.0, -0.0, 0.0],
    [-0.05294538, -0.01336526, 0.0266176],
    [0.01336526, 0.05294538, 0.0266176],
    [-0.00196617, 0.03446276, -0.01743936],
    [0.0, -0.0, 0.0],
    [0.00196617, -0.03446276, 0.01743936],
    [-0.01336526, -0.05294538, -0.0266176],
    [0.0, -0.0, 0.0]
  ],
  "relaxed_lattice": [
    [3.90801262, 3.90801262, 0.0],
    [-3.90896963, 3.90896963, 3.88511044],
    [3.90726523, -3.90726523, 7.76680628]
  ],
  "relaxed_basis": [
    [0.5, 0.33374407, 0.84621642],
    [0.0, 0.66344442, 0.67194705],
    [0.5, 0.00322228, 0.49471965],
    [0.0, 0.33292253, 0.32045018],
    [0.5, 0.65855415, 0.16138944],
    [0.0, 0.00811255, 0.00527726],
    [0.5, 0.49905548, 0.49999466],
    [0.0, 0.83322481, 0.33293168],
    [0.0, 0.16761122, 0.66667204],
    [0.5, 0.83344179, 0.83373492],
    [0.0, 0.50130823, 0.99929448],
    [0.5, 0.16535847, 0.16737222],
    [0.0, 0.67058473, 0.17037122],
    [0.5, 0.33535786, 0.33741704],
    [0.0, 0.99875652, 0.50043153],
    [0.5, 0.66791018, 0.66623517],
    [0.0, 0.33130874, 0.82924956],
    [0.5, 0.99608197, 0.99629548],
    [0.75320857, 0.67032452, 0.41649389],
    [0.25, 0.3333333, 0.5833333],
    [0.74679143, 0.99634218, 0.75017281],
    [0.25372631, 0.66876104, 0.91395601],
    [0.75, 0.3333333, 0.0833333],
    [0.24627369, 0.99790566, 0.25271069],
    [0.75372631, 0.99790566, 0.25271069],
    [0.24679143, 0.67032452, 0.41649389],
    [0.75, 0.3333333, 0.5833333],
    [0.25320857, 0.99634218, 0.75017281],
    [0.74627369, 0.66876104, 0.91395601],
    [0.25, 0.3333333, 0.0833333]
  ],
  "relaxed_energy": -226.63735624,
  "relaxed_magmom": 18.0016,
  "relaxed_mag_basis": [
    0.013,
    0.02,
    0.02,
    0.013,
    0.012,
    0.012,
    3.772,
    3.46,
    3.772,
    3.461,
    1.704,
    1.704,
    -0.021,
    -0.018,
    -0.022,
    -0.022,
    -0.018,
    -0.021,
    -0.026,
    -0.054,
    -0.026,
    -0.013,
    0.041,
    -0.013,
    -0.011,
    -0.029,
    -0.055,
    -0.029,
    -0.011,
    0.042
  ]
}