{
  "atom_type": [
    "La",
    "Mn",
    "Ni",
    "O"
  ],
  "atoms_per_type": [
    6,
    2,
    4,
    18
  ],
  "coord_mode": "direct",
  "relaxed_forces": [
    [0.0, -0.0, -0.05438036],
    [0.0, -0.0, 0.0],
    [0.0, -0.0, 0.05438036],
    [0.0, 0.0, -0.05258157],
    [0.0, -0.0, 0.0],
    [-0.0, -0.0, 0.05258157],
    [0.0, 0.0, -0.01404359],
    [0.0, -0.0, 0.01404359],
    [0.0, -0.0, -0.01527938],
    [0.0, 0.0, 0.00357094],
    [0.0, -0.0, 0.01527938],
    [0.0, -0.0, -0.00357094],
    [0.0, 0.0, 0.0],
    [0.0, -0.0, -0.04158664],
    [0.0, 0.0, -0.03391363],
    [0.0, 0.0, 0.0],
    [0.0, -0.0, 0.03391363],
    [0.0, -0.0, 0.04158664],
    [0.0, -0.0, -0.00620537],
    [0.0, -0.0, 0.00620537],
    [0.0, -0.0, 0.01814167],
    [-0.0, 0.0, -0.07205873],
    [0.0, -0.0, 0.07205873],
    [0.0, -0.0, -0.01814167],
    [0.0, -0.0, -0.00620537],
    [0.0, 0.0, 0.00620537],
    [0.0, 0.0, 0.01814167],
    [0.0, -0.0, -0.07205873],
    [-0.0, 0.0, 0.07205873],
    [0.0, 0.0, -0.01814167]
  ],
  "relaxed_lattice": [
    [3.86454357, 0.0, 0.0],
    [0.0, 3.86454357, 0.0],
    [0.0, 0.0, 23.38634311]
  ],
  "relaxed_basis": [
    [0.0, 0.0, 0.17232286],
    [0.0, 0.0, 0.3333333],
    [0.0, 0.0, 0.49434384],
    [0.0, 0.0, 0.65637193],
    [0.0, 0.0, 0.8333333],
    [0.0, 0.0, 0.01029477],
    [0.5, 0.5, 0.74921522],
    [0.5, 0.5, 0.91745148],
    [0.5, 0.5, 0.41591337],
    [0.5, 0.5, 0.58159047],
    [0.5, 0.5, 0.25075333],
    [0.5, 0.5, 0.08507613],
    [0.5, 0.5, 0.8333333],
    [0.5, 0.5, 0.66905927],
    [0.5, 0.5, 0.49843463],
    [0.5, 0.5, 0.3333333],
    [0.5, 0.5, 0.16823207],
    [0.5, 0.5, 0.99760743],
    [0.5, 0.0, 0.91349533],
    [0.5, 0.0, 0.75317137],
    [0.5, 0.0, 0.58524218],
    [0.5, 0.0, 0.41680725],
    [0.5, 0.0, 0.24985945],
    [0.5, 0.0, 0.08142442],
    [0.0, 0.5, 0.91349533],
    [0.0, 0.5, 0.75317137],
    [0.0, 0.5, 0.58524218],
    [0.0, 0.5, 0.41680725],
    [0.0, 0.5, 0.24985945],
    [0.0, 0.5, 0.08142442]
  ],
  "relaxed_energy": -213.37040965,
  "relaxed_magmom": 12.0279,
  "relaxed_mag_basis": [
    0.007,
    0.008,
    0.007,
    0.014,
    0.024,
    0.014,
    3.503,
    3.503,
    1.411,
    1.537,
    1.411,
    1.537,
    -0.035,
    -0.042,
    -0.066,
    -0.086,
    -0.066,
    -0.042,
    -0.068,
    -0.068,
    -0.028,
    -0.039,
    -0.039,
    -0.028,
    -0.044,
    -0.044,
    -0.066,
    -0.104,
    -0.104,
    -0.066
  ]
}