{
  "atom_type": [
    "La",
    "Mn",
    "Ni",
    "O"
  ],
  "atoms_per_type": [
    6,
    4,
    2,
    18
  ],
  "coord_mode": "direct",
  "relaxed_forces": [
    [0.0, 0.0, 0.0],
    [0.0, 0.06349178, -0.06349178],
    [0.0, 0.14893447, -0.14893447],
    [0.0, 0.0, 0.0],
    [0.0, -0.14893447, 0.14893447],
    [0.0, -0.06349178, 0.06349178],
    [0.0, 0.0, 0.0],
    [0.0, -0.02720608, 0.02720608],
    [0.0, 0.02720608, -0.02720608],
    [0.0, 0.0, 0.0],
    [0.0, 0.04478901, -0.04478901],
    [0.0, -0.04478901, 0.04478901],
    [0.0, 0.03271441, -0.06283845],
    [0.0, -0.03271441, 0.06283845],
    [0.0, -0.00810431, 0.0305958],
    [0.0, -0.01159096, 0.05781431],
    [0.0, 0.01159096, -0.05781431],
    [0.0, 0.00810431, -0.0305958],
    [0.0, 0.0305958, -0.00810431],
    [0.0, 0.06283845, -0.03271441],
    [0.0, -0.06283845, 0.03271441],
    [0.0, -0.0305958, 0.00810431],
    [0.0, -0.05781431, 0.01159096],
    [0.0, 0.05781431, -0.01159096],
    [0.0, -0.03908279, 0.03908279],
    [0.0, 0.0, 0.0],
    [0.0, 0.03908279, -0.03908279],
    [0.0, -0.04481516, 0.04481516],
    [0.0, 0.0, 0.0],
    [0.0, 0.04481516, -0.04481516]
  ],
  "relaxed_lattice": [
    [3.89748152, 0.0, 0.0],
    [0.0, 3.90405589, 3.90405589],
    [0.0, -11.71121281, 11.71121281]
  ],
  "relaxed_basis": [
    [0.0, 0.5, 0.1666667],
    [0.0, 0.0, 0.33143457],
    [0.0, 0.5, 0.49086432],
    [0.0, 0.0, 0.6666667],
    [0.0, 0.5, 0.84246898],
    [0.0, 0.0, 0.00189873],
    [0.5, 0.5, 0.6666667],
    [0.5, 0.0, 0.83334992],
    [0.5, 0.0, 0.49998338],
    [0.5, 0.0, 0.1666667],
    [0.5, 0.5, 0.33233061],
    [0.5, 0.5, 0.00100269],
    [0.5, 0.7562113, 0.75070246],
    [0.5, 0.2437887, 0.58263084],
    [0.5, 0.75379666, 0.41888456],
    [0.5, 0.24296292, 0.24784499],
    [0.5, 0.75703708, 0.08548831],
    [0.5, 0.24620334, 0.91444884],
    [0.5, 0.75379666, 0.91444884],
    [0.5, 0.2437887, 0.75070246],
    [0.5, 0.7562113, 0.58263084],
    [0.5, 0.24620334, 0.41888456],
    [0.5, 0.75703708, 0.24784499],
    [0.5, 0.24296292, 0.08548831],
    [0.0, 0.0, 0.83240922],
    [0.0, 0.5, 0.6666667],
    [0.0, 0.0, 0.50092408],
    [0.0, 0.5, 0.33462524],
    [0.0, 0.0, 0.1666667],
    [0.0, 0.5, 0.99870806]
  ],
  "relaxed_energy": -226.65183251,
  "relaxed_magmom": 18.0191,
  "relaxed_mag_basis": [
    0.014,
    0.013,
    0.016,
    0.023,
    0.016,
    0.013,
    3.891,
    3.539,
    3.539,
    3.434,
    1.72,
    1.72,
    -0.028,
    -0.028,
    -0.008,
    -0.001,
    -0.001,
    -0.008,
    -0.008,
    -0.028,
    -0.028,
    -0.008,
    -0.001,
    -0.001,
    -0.047,
    -0.05,
    -0.047,
    0.028,
    -0.055,
    0.027
  ]
}