{
  "atom_type": [
    "La",
    "Mn",
    "Ni",
    "O"
  ],
  "atoms_per_type": [
    6,
    3,
    3,
    18
  ],
  "coord_mode": "direct",
  "relaxed_forces": [
    [0.0, 0.04234513, 0.07248294],
    [0.0, -0.05006171, 0.03944553],
    [0.0, -0.05331059, -0.08366298],
    [0.0, -0.0435404, 0.07464221],
    [0.0, 0.05033076, 0.0403964],
    [0.0, 0.05262782, -0.07670013],
    [0.0, -0.00043171, 0.06101696],
    [0.0, 0.00090415, -0.06817763],
    [0.0, -0.0008514, -0.05490722],
    [0.0, -0.00089968, -0.01602051],
    [0.0, -0.0001381, 0.01356746],
    [0.0, 0.00067088, 0.02920674],
    [0.0, 0.00037027, 0.06258235],
    [0.0, -0.0005723, -0.00814086],
    [0.0, -0.00100221, 0.0687245],
    [0.0, 0.00040368, -0.06281654],
    [0.0, -9.75e-05, -0.07844122],
    [0.0, 0.00085496, 0.05707322],
    [0.0, -0.02354189, -0.0353812],
    [0.0, 0.03778153, -0.00680893],
    [0.0, 0.0225579, 0.0118657],
    [0.0, 0.02385069, -0.03554845],
    [0.0, -0.03649845, -0.00735933],
    [0.0, -0.02226228, 0.01008913],
    [0.0, -0.00057097, -0.05154636],
    [0.0, 3.001e-05, 0.04842621],
    [0.0, 9.056e-05, 0.04700213],
    [0.0, 0.00076954, -0.02351787],
    [0.0, -6.501e-05, -0.00237484],
    [0.0, 0.00025633, -0.0251174]
  ],
  "relaxed_lattice": [
    [3.87786792, 0.0, 0.0],
    [0.0, 7.77131675, 3.58e-06],
    [0.0, 5.37e-06, 11.6651973]
  ],
  "relaxed_basis": [
    [0.0, 0.50862276, 0.32791993],
    [0.0, 0.99394012, 0.66019597],
    [0.0, 0.49942116, 0.01212814],
    [0.0, 0.9913723, 0.32791752],
    [0.0, 0.50606501, 0.66019255],
    [0.0, 0.00057937, 0.01215591],
    [0.5, 0.2499995, 0.49895277],
    [0.5, 0.74999809, 0.83435287],
    [0.5, 0.25000045, 0.83369166],
    [0.5, 0.75000269, 0.16600558],
    [0.5, 0.75000209, 0.49997925],
    [0.5, 0.24999913, 0.1676075],
    [0.5, 0.74999281, 0.67011751],
    [0.5, 0.24999873, 0.33845113],
    [0.5, 0.74999901, 0.99590194],
    [0.5, 0.24999941, 0.66720901],
    [0.5, 0.75000921, 0.3337206],
    [0.5, 0.25000092, 0.99454283],
    [0.5, 0.49996652, 0.83172751],
    [0.5, 0.00634785, 0.50300575],
    [0.5, 0.49903675, 0.1649055],
    [0.5, 3.311e-05, 0.83172731],
    [0.5, 0.4936488, 0.50299603],
    [0.5, 0.00096465, 0.16490489],
    [0.0, 0.75000123, 0.83168551],
    [0.0, 0.25000119, 0.50340109],
    [0.0, 0.74999916, 0.16538473],
    [0.0, 0.24999895, 0.83172609],
    [0.0, 0.74999933, 0.50296584],
    [0.0, 0.24999966, 0.16452707]
  ],
  "relaxed_energy": -220.35065081,
  "relaxed_magmom": 14.9926,
  "relaxed_mag_basis": [
    0.006,
    0.017,
    0.012,
    0.006,
    0.017,
    0.012,
    3.388,
    3.497,
    3.491,
    1.598,
    1.643,
    1.606,
    -0.02,
    -0.026,
    -0.015,
    -0.018,
    -0.014,
    -0.036,
    -0.053,
    -0.002,
    -0.021,
    -0.053,
    -0.002,
    -0.021,
    -0.055,
    -0.056,
    -0.009,
    -0.054,
    -0.008,
    -0.018
  ]
}