{
  "atom_type": [
    "La",
    "Mn",
    "Ni",
    "O"
  ],
  "atoms_per_type": [
    5,
    3,
    2,
    15
  ],
  "coord_mode": "direct",
  "relaxed_forces": [
    [0.0, -0.07191003, 0.0415812],
    [0.0, 0.00040397, 0.04006904],
    [-0.0, -0.00040397, -0.04006904],
    [-0.0, 0.07191003, -0.0415812],
    [-0.0, -0.0, 0.0],
    [-0.0, -0.0, 0.0],
    [-0.0, 0.0281944, 0.00988774],
    [-0.0, -0.0281944, -0.00988774],
    [-0.0, 0.02335303, 0.03371633],
    [-0.0, -0.02335303, -0.03371633],
    [-0.0, 0.00852698, -0.03204807],
    [-0.0, -0.00960347, -0.0034955],
    [-0.0, -0.0, 0.0],
    [-0.0, 0.00960347, 0.0034955],
    [-0.0, -0.00852698, 0.03204807],
    [-0.0, -0.1565677, 0.01579973],
    [-0.0, 0.1565677, -0.01579973],
    [-0.0, 0.04924422, -0.02213795],
    [-0.0, -0.0, 0.0],
    [-0.0, -0.04924422, 0.02213795],
    [-0.0, 0.05040953, 0.01833536],
    [-0.0, -0.0, 0.0],
    [-0.0, -0.05040953, -0.01833536],
    [-0.0, 0.00982222, -0.00740926],
    [0.0, -0.00982222, 0.00740926]
  ],
  "relaxed_lattice": [
    [-3.89470368, 0.0, 0.0],
    [0.0, 7.80147807, 3.88370783],
    [0.0, 3.90008337, -7.76609171]
  ],
  "relaxed_basis": [
    [0.0, 0.40647631, 0.1866119],
    [0.0, 0.79537232, 0.39059482],
    [0.0, 0.20462768, 0.60940518],
    [0.0, 0.59352369, 0.8133881],
    [0.0, 0.0, 0.0],
    [0.5, 0.5, 0.5],
    [0.5, 0.89928111, 0.69934589],
    [0.5, 0.10071889, 0.30065411],
    [0.5, 0.70166597, 0.10010522],
    [0.5, 0.29833403, 0.89989478],
    [0.5, 0.80396362, 0.89452572],
    [0.5, 0.40075408, 0.69414064],
    [0.5, 0.0, 0.5],
    [0.5, 0.59924592, 0.30585936],
    [0.5, 0.19603638, 0.10547428],
    [0.5, 0.7024039, 0.59968836],
    [0.5, 0.2975961, 0.40031164],
    [0.5, 0.90360697, 0.2029698],
    [0.5, 0.5, 0.0],
    [0.5, 0.09639303, 0.7970302],
    [0.0, 0.90217531, 0.69940794],
    [0.0, 0.5, 0.5],
    [0.0, 0.09782469, 0.30059206],
    [0.0, 0.70125309, 0.10115996],
    [0.0, 0.29874691, 0.89884004]
  ],
  "relaxed_energy": -186.84080097,
  "relaxed_magmom": 14.0001,
  "relaxed_mag_basis": [
    0.009,
    0.016,
    0.016,
    0.009,
    0.014,
    3.577,
    3.512,
    3.512,
    1.686,
    1.686,
    -0.029,
    -0.003,
    -0.015,
    -0.003,
    -0.029,
    -0.031,
    -0.031,
    -0.029,
    0.034,
    -0.029,
    -0.051,
    -0.039,
    -0.051,
    0.018,
    0.018
  ]
}