{
  "atom_type": [
    "La",
    "Mn",
    "Ni",
    "O"
  ],
  "atoms_per_type": [
    6,
    5,
    1,
    18
  ],
  "coord_mode": "direct",
  "relaxed_forces": [
    [0.09372068, -0.09372068, -0.00572237],
    [-0.0, 0.0, -0.0],
    [-0.09372068, 0.09372068, 0.00572237],
    [0.00124154, -0.00124154, -0.07051696],
    [-0.0, 0.0, -0.0],
    [-0.00124154, 0.00124154, 0.07051696],
    [-0.00367292, 0.00367292, 0.00295826],
    [-0.02192816, 0.02192816, -0.00208857],
    [-0.0, 0.0, -0.0],
    [0.00367292, -0.00367292, -0.00295826],
    [0.02192816, -0.02192816, 0.00208857],
    [-0.0, 0.0, -0.0],
    [-0.0, 0.0, -0.0],
    [-0.00506527, 0.00506527, 0.10821101],
    [-0.02885015, 0.02885015, 0.05510394],
    [-0.0, 0.0, -0.0],
    [0.02885015, -0.02885015, -0.05510394],
    [0.00506527, -0.00506527, -0.10821101],
    [-0.02948418, -0.02379596, 0.00043831],
    [-0.00523389, -0.03053853, -0.01028818],
    [0.00523389, 0.03053853, 0.01028818],
    [0.02948418, 0.02379596, -0.00043831],
    [0.02742462, 0.0070145, -0.00563738],
    [-0.02742462, -0.0070145, 0.00563738],
    [0.0070145, 0.02742462, 0.00563738],
    [0.02379596, 0.02948418, 0.00043831],
    [0.03053853, 0.00523389, -0.01028818],
    [-0.03053853, -0.00523389, 0.01028818],
    [-0.02379596, -0.02948418, -0.00043831],
    [-0.0070145, -0.02742462, -0.00563738]
  ],
  "relaxed_lattice": [
    [3.91560425, 3.91560425, 0.0],
    [-3.91364328, 3.91364328, 3.92465057],
    [3.9130863, -3.9130863, 7.84818273]
  ],
  "relaxed_basis": [
    [0.5, 0.32871132, 0.8391323],
    [0.0, 0.6666667, 0.6666667],
    [0.5, 0.00462198, 0.494201],
    [0.0, 0.32865481, 0.32796197],
    [0.5, 0.6666667, 0.1666667],
    [0.0, 0.00467849, 0.00537133],
    [0.5, 0.50014826, 0.50002337],
    [0.0, 0.83370584, 0.3333444],
    [0.0, 0.1666667, 0.6666667],
    [0.5, 0.83318504, 0.83330993],
    [0.0, 0.49962746, 0.9999889],
    [0.5, 0.1666667, 0.1666667],
    [0.0, 0.6666667, 0.1666667],
    [0.5, 0.33353056, 0.33431861],
    [0.0, 0.00089913, 0.5008758],
    [0.5, 0.6666667, 0.6666667],
    [0.0, 0.33243417, 0.8324575],
    [0.5, 0.99980274, 0.99901469],
    [0.75327508, 0.67022851, 0.41597598],
    [0.24807471, 0.33260015, 0.58427935],
    [0.75192529, 0.00073315, 0.74905395],
    [0.24672492, 0.66310489, 0.91735742],
    [0.75334778, 0.33479237, 0.08197816],
    [0.24665222, 0.99854093, 0.25135514],
    [0.75334778, 0.99854093, 0.25135514],
    [0.24672492, 0.67022851, 0.41597598],
    [0.75192529, 0.33260015, 0.58427935],
    [0.24807471, 0.00073315, 0.74905395],
    [0.75327508, 0.66310489, 0.91735742],
    [0.24665222, 0.33479237, 0.08197816]
  ],
  "relaxed_energy": -232.33829795,
  "relaxed_magmom": 21.0022,
  "relaxed_mag_basis": [
    0.019,
    0.022,
    0.019,
    0.017,
    0.017,
    0.017,
    3.93,
    3.71,
    3.763,
    3.93,
    3.71,
    1.706,
    -0.041,
    0.002,
    -0.03,
    -0.041,
    -0.03,
    0.002,
    -0.026,
    -0.024,
    -0.024,
    -0.026,
    0.004,
    0.004,
    -0.003,
    -0.031,
    -0.036,
    -0.036,
    -0.031,
    -0.003
  ]
}