{
  "atom_type": [
    "La",
    "Mn",
    "Ni",
    "O"
  ],
  "atoms_per_type": [
    5,
    2,
    3,
    15
  ],
  "coord_mode": "direct",
  "relaxed_forces": [
    [0.0, 0.0550584, 0.0550584],
    [0.0, -0.0550584, -0.0550584],
    [0.0, 0.03377008, 0.03377008],
    [0.0, 0.0, 0.0],
    [0.0, -0.03377008, -0.03377008],
    [0.0, -0.01604328, -0.01604328],
    [0.0, 0.01604328, 0.01604328],
    [0.0, 0.0, 0.0],
    [0.0, -0.04929069, -0.04929069],
    [0.0, 0.04929069, 0.04929069],
    [0.0, 0.00370962, 0.09027607],
    [0.0, -0.00370962, -0.09027607],
    [0.0, 0.00996711, 0.06946411],
    [0.0, 0.0, 0.0],
    [0.0, -0.00996711, -0.06946411],
    [0.0, 0.09027607, 0.00370962],
    [0.0, -0.09027607, -0.00370962],
    [0.0, 0.06946411, 0.00996711],
    [0.0, 0.0, 0.0],
    [0.0, -0.06946411, -0.00996711],
    [0.0, -0.01366489, -0.01366489],
    [0.0, 0.0, 0.0],
    [0.0, 0.01366489, 0.01366489],
    [0.0, -0.03683679, -0.03683679],
    [0.0, 0.03683679, 0.03683679]
  ],
  "relaxed_lattice": [
    [3.87102, 0.0, 0.0],
    [0.0, 3.86979592, -3.86979592],
    [0.0, 7.76602825, 11.63582417]
  ],
  "relaxed_basis": [
    [0.0, 0.60374195, 0.2074839],
    [0.0, 0.19625805, 0.3925161],
    [0.0, 0.79957034, 0.59914067],
    [0.0, 0.4, 0.8],
    [0.0, 0.00042966, 0.00085933],
    [0.5, 0.50033554, 0.00067108],
    [0.5, 0.29966446, 0.59932892],
    [0.5, 0.9, 0.8],
    [0.5, 0.70068376, 0.40136753],
    [0.5, 0.09931624, 0.19863247],
    [0.5, 0.69558928, 0.90219867],
    [0.5, 0.10441072, 0.69780133],
    [0.5, 0.49914958, 0.50251659],
    [0.5, 0.9, 0.3],
    [0.5, 0.30085042, 0.09748341],
    [0.5, 0.20660939, 0.90219867],
    [0.5, 0.59339061, 0.69780133],
    [0.5, 0.00336701, 0.50251659],
    [0.5, 0.4, 0.3],
    [0.5, 0.79663299, 0.09748341],
    [0.0, 0.49961811, 0.99923621],
    [0.0, 0.9, 0.8],
    [0.0, 0.30038189, 0.60076379],
    [0.0, 0.69967632, 0.39935263],
    [0.0, 0.10032368, 0.20064737]
  ],
  "relaxed_energy": -180.44477044,
  "relaxed_magmom": 11.0065,
  "relaxed_mag_basis": [
    0.009,
    0.009,
    0.014,
    0.014,
    0.014,
    3.349,
    3.348,
    1.626,
    1.525,
    1.525,
    -0.019,
    -0.019,
    -0.014,
    -0.073,
    -0.014,
    -0.02,
    -0.02,
    -0.016,
    -0.069,
    -0.017,
    -0.058,
    -0.025,
    -0.058,
    -0.051,
    -0.051
  ]
}