{
  "atom_type": [
    "La",
    "Mn",
    "Ni",
    "O"
  ],
  "atoms_per_type": [
    6,
    4,
    2,
    18
  ],
  "coord_mode": "direct",
  "relaxed_forces": [
    [0.05836823, 0.05836823, 0.05836823],
    [0.09362477, 0.09362477, 0.09362477],
    [-0.09362477, -0.09362477, -0.09362477],
    [-0.05836823, -0.05836823, -0.05836823],
    [0.01248754, 0.01248754, 0.01248754],
    [-0.01248754, -0.01248754, -0.01248754],
    [-0.0, -0.0, -0.0],
    [-0.03115313, -0.03115313, -0.03115313],
    [0.03115313, 0.03115313, 0.03115313],
    [-0.0, -0.0, -0.0],
    [0.02227542, 0.02227542, 0.02227542],
    [-0.02227542, -0.02227542, -0.02227542],
    [-0.03160627, -0.03160627, 0.00431782],
    [-0.03299023, -0.03299023, 0.01287568],
    [0.03299023, 0.03299023, -0.01287568],
    [0.03160627, 0.03160627, -0.00431782],
    [0.00456179, 0.00456179, 0.00834551],
    [-0.00456179, -0.00456179, -0.00834551],
    [-0.03160627, 0.00431782, -0.03160627],
    [-0.03299023, 0.01287568, -0.03299023],
    [0.03299023, -0.01287568, 0.03299023],
    [0.03160627, -0.00431782, 0.03160627],
    [0.00456179, 0.00834551, 0.00456179],
    [-0.00456179, -0.00834551, -0.00456179],
    [0.00431782, -0.03160627, -0.03160627],
    [0.01287568, -0.03299023, -0.03299023],
    [-0.01287568, 0.03299023, 0.03299023],
    [-0.00431782, 0.03160627, 0.03160627],
    [0.00834551, 0.00456179, 0.00456179],
    [-0.00834551, -0.00456179, -0.00456179]
  ],
  "relaxed_lattice": [
    [3.90233841, 0.0, -3.90233841],
    [-3.90233841, 3.90233841, 0.0],
    [7.80530744, 7.80530744, 7.80530744]
  ],
  "relaxed_basis": [
    [0.6666667, 0.3333333, 0.83736803],
    [0.3333333, 0.6666667, 0.67092885],
    [0.0, 0.0, 0.49573785],
    [0.6666667, 0.3333333, 0.32929857],
    [0.3333333, 0.6666667, 0.166404],
    [0.0, 0.0, 0.0002627],
    [0.6666667, 0.3333333, 0.5833333],
    [0.3333333, 0.6666667, 0.41582515],
    [0.0, 0.0, 0.75084155],
    [0.6666667, 0.3333333, 0.0833333],
    [0.3333333, 0.6666667, 0.91710325],
    [0.0, 0.0, 0.24956345],
    [0.66418757, 0.83209374, 0.33446744],
    [0.00655059, 0.5032753, 0.49861355],
    [0.32678271, 0.1633914, 0.66805315],
    [0.66914583, 0.83457286, 0.83219916],
    [0.99271819, 0.4963591, 0.00185402],
    [0.34061511, 0.1703076, 0.16481268],
    [0.16790626, 0.33581243, 0.33446744],
    [0.4967247, 0.99344941, 0.49861355],
    [0.8366086, 0.67321729, 0.66805315],
    [0.16542714, 0.33085417, 0.83219916],
    [0.5036409, 0.00728181, 0.00185402],
    [0.8296924, 0.65938489, 0.16481268],
    [0.16790626, 0.83209374, 0.33446744],
    [0.4967247, 0.5032753, 0.49861355],
    [0.8366086, 0.1633914, 0.66805315],
    [0.16542714, 0.83457286, 0.83219916],
    [0.5036409, 0.4963591, 0.00185402],
    [0.8296924, 0.1703076, 0.16481268]
  ],
  "relaxed_energy": -226.87963285,
  "relaxed_magmom": 18.005,
  "relaxed_mag_basis": [
    0.015,
    0.019,
    0.019,
    0.015,
    0.014,
    0.014,
    4.083,
    3.504,
    3.504,
    3.254,
    1.704,
    1.704,
    0.012,
    -0.031,
    -0.031,
    0.012,
    0.0,
    0.0,
    0.003,
    -0.032,
    -0.032,
    0.003,
    -0.006,
    -0.006,
    -0.005,
    -0.034,
    -0.034,
    -0.005,
    -0.012,
    -0.012
  ]
}