{
  "atom_type": [
    "La",
    "Mn",
    "Ni",
    "O"
  ],
  "atoms_per_type": [
    6,
    3,
    3,
    18
  ],
  "coord_mode": "direct",
  "relaxed_forces": [
    [-0.0, -0.0, -0.01751304],
    [-0.0, -0.0, 0.03168963],
    [-0.0, -0.0, -0.02183813],
    [-0.0, -0.0, -0.01751304],
    [-0.0, -0.0, 0.03168963],
    [-0.0, -0.0, -0.02183813],
    [-0.0, -0.0, -0.00957119],
    [-0.0, -0.0, -0.01176689],
    [-0.0, -0.0, -0.01295682],
    [-0.0, -0.0, 0.00428073],
    [-0.0, -0.0, -0.01397373],
    [-0.0, -0.0, 0.00228833],
    [-0.0, -0.0, 0.04651287],
    [-0.0, -0.0, 0.00716855],
    [-0.0, -0.0, -0.00062059],
    [-0.0, -0.0, -0.00603771],
    [-0.0, -0.0, -0.00496705],
    [-0.0, -0.0, -0.00150539],
    [-0.0, 0.01215244, 0.03443227],
    [-0.0, 0.00986503, -0.04311983],
    [-0.0, 0.02112974, 0.01280555],
    [-0.0, -0.01215244, 0.03443227],
    [-0.0, -0.00986503, -0.04311983],
    [-0.0, -0.02112974, 0.01280555],
    [0.01215244, -0.0, 0.03443227],
    [0.00986503, -0.0, -0.04311983],
    [0.02112974, -0.0, 0.01280555],
    [-0.01215244, -0.0, 0.03443227],
    [-0.00986503, -0.0, -0.04311983],
    [-0.02112974, -0.0, 0.01280555]
  ],
  "relaxed_lattice": [
    [3.8789757, 3.8789757, 0.0],
    [3.8789757, -3.8789757, 0.0],
    [0.0, 0.0, -11.66906556]
  ],
  "relaxed_basis": [
    [0.5, 0.5, 0.32772194],
    [0.0, 0.0, 0.6776145],
    [0.5, 0.5, 0.99486341],
    [0.0, 0.0, 0.32772194],
    [0.5, 0.5, 0.6776145],
    [0.0, 0.0, 0.99486341],
    [0.5, 0.0, 0.1661672],
    [0.0, 0.5, 0.50023191],
    [0.5, 0.0, 0.50097847],
    [0.0, 0.5, 0.83381285],
    [0.0, 0.5, 0.16605275],
    [0.5, 0.0, 0.83303034],
    [0.0, 0.5, 0.66346738],
    [0.5, 0.0, 0.33429333],
    [0.0, 0.5, 0.99995493],
    [0.5, 0.0, 0.66115331],
    [0.0, 0.5, 0.33625754],
    [0.5, 0.0, 0.00501834],
    [0.7502115, 0.7497885, 0.49852132],
    [0.25565944, 0.24434056, 0.16954126],
    [0.74737847, 0.75262153, 0.83173291],
    [0.2497885, 0.2502115, 0.49852132],
    [0.74434056, 0.75565944, 0.16954126],
    [0.25262153, 0.24737847, 0.83173291],
    [0.7502115, 0.2502115, 0.49852132],
    [0.25565944, 0.75565944, 0.16954126],
    [0.74737847, 0.24737847, 0.83173291],
    [0.2497885, 0.7497885, 0.49852132],
    [0.74434056, 0.24434056, 0.16954126],
    [0.25262153, 0.75262153, 0.83173291]
  ],
  "relaxed_energy": -220.46464862,
  "relaxed_magmom": 14.9929,
  "relaxed_mag_basis": [
    0.017,
    0.012,
    0.006,
    0.017,
    0.012,
    0.006,
    3.25,
    3.494,
    3.517,
    1.618,
    1.692,
    1.539,
    -0.024,
    -0.013,
    0.012,
    -0.033,
    -0.016,
    -0.029,
    -0.036,
    -0.003,
    -0.033,
    -0.036,
    -0.003,
    -0.033,
    -0.048,
    -0.002,
    -0.015,
    -0.048,
    -0.002,
    -0.015
  ]
}