{
  "atom_type": [
    "La",
    "Mn",
    "Ni",
    "O"
  ],
  "atoms_per_type": [
    5,
    3,
    2,
    15
  ],
  "coord_mode": "direct",
  "relaxed_forces": [
    [-0.03668295, 0.03668295, 0.03668295],
    [-0.0, 0.0, 0.0],
    [0.03668295, -0.03668295, -0.03668295],
    [-0.02248357, 0.02248357, 0.02248357],
    [0.02248357, -0.02248357, -0.02248357],
    [0.01888964, -0.01888964, -0.01888964],
    [-0.01888964, 0.01888964, 0.01888964],
    [-0.0, 0.0, 0.0],
    [-0.00905342, 0.00905342, 0.00905342],
    [0.00905342, -0.00905342, -0.00905342],
    [0.03320073, -0.03320073, 0.0010597],
    [0.03160337, -0.03160337, -0.00944272],
    [-0.0, 0.0, 0.0],
    [-0.03160337, 0.03160337, 0.00944272],
    [-0.03320073, 0.03320073, -0.0010597],
    [0.03320073, 0.0010597, -0.03320073],
    [0.03160337, -0.00944272, -0.03160337],
    [-0.0, 0.0, 0.0],
    [-0.03160337, 0.00944272, 0.03160337],
    [-0.03320073, -0.0010597, 0.03320073],
    [-0.00944272, 0.03160337, 0.03160337],
    [0.0010597, 0.03320073, 0.03320073],
    [-0.0010597, -0.03320073, -0.03320073],
    [0.00944272, -0.03160337, -0.03160337],
    [-0.0, 0.0, 0.0]
  ],
  "relaxed_lattice": [
    [3.89032189, 0.0, 3.89032189],
    [3.89032189, 3.89032189, 0.0],
    [-3.8980158, 7.78833768, 7.78833768]
  ],
  "relaxed_basis": [
    [0.80262216, 0.80262216, 0.59213352],
    [0.6, 0.6, 0.2],
    [0.39737784, 0.39737784, 0.80786648],
    [0.20635391, 0.20635391, 0.38093827],
    [0.99364609, 0.99364609, 0.01906173],
    [0.70025064, 0.70025064, 0.89924809],
    [0.49974936, 0.49974936, 0.50075191],
    [0.1, 0.1, 0.7],
    [0.89946018, 0.89946018, 0.30161945],
    [0.30053982, 0.30053982, 0.09838055],
    [0.20284791, 0.6967719, 0.40360829],
    [0.40339221, 0.89869201, 0.79922376],
    [0.6, 0.1, 0.2],
    [0.79660779, 0.30130799, 0.60077624],
    [0.99715209, 0.5032281, 0.99639171],
    [0.6967719, 0.20284791, 0.40360829],
    [0.89869201, 0.40339221, 0.79922376],
    [0.1, 0.6, 0.2],
    [0.30130799, 0.79660779, 0.60077624],
    [0.5032281, 0.99715209, 0.99639171],
    [0.30130799, 0.30130799, 0.60077624],
    [0.5032281, 0.5032281, 0.99639171],
    [0.6967719, 0.6967719, 0.40360829],
    [0.89869201, 0.89869201, 0.79922376],
    [0.1, 0.1, 0.2]
  ],
  "relaxed_energy": -186.7136327,
  "relaxed_magmom": 13.994,
  "relaxed_mag_basis": [
    0.02,
    0.005,
    0.02,
    0.009,
    0.009,
    3.471,
    3.471,
    3.74,
    1.667,
    1.667,
    -0.029,
    -0.038,
    0.036,
    -0.038,
    -0.029,
    -0.037,
    -0.039,
    0.021,
    -0.039,
    -0.037,
    -0.036,
    -0.022,
    -0.022,
    -0.036,
    0.034
  ]
}