{
  "atom_type": [
    "La",
    "Mn",
    "Ni",
    "O"
  ],
  "atoms_per_type": [
    4,
    3,
    1,
    12
  ],
  "coord_mode": "direct",
  "relaxed_forces": [
    [-0.0, 0.0, 0.0],
    [-0.0, 0.0, 0.0],
    [-0.0, 0.0, 0.0],
    [-0.0, 0.0, 0.0],
    [-0.0, 0.0, 0.0],
    [-0.0, 0.0, 0.0],
    [-0.0, 0.0, 0.0],
    [-0.0, 0.0, 0.0],
    [-0.0, 0.0, 0.04136256],
    [-0.0, 0.0, -0.0],
    [-0.0, 0.0, 0.0],
    [-0.0, 0.0, -0.04136256],
    [-0.0, 0.0, 0.0],
    [-0.0, 0.0, -0.0],
    [-0.0, 0.04136256, 0.0],
    [-0.0, -0.04136256, 0.0],
    [-0.0, 0.0, -0.0],
    [0.04136256, 0.0, 0.0],
    [-0.0, 0.0, -0.0],
    [-0.04136256, 0.0, 0.0]
  ],
  "relaxed_lattice": [
    [-3.9068981, 3.9068981, 3.9068981],
    [3.9068981, -3.9068981, 3.9068981],
    [3.9068981, 3.9068981, -3.9068981]
  ],
  "relaxed_basis": [
    [0.5, 0.0, 0.5],
    [0.0, 0.5, 0.5],
    [0.5, 0.5, 0.0],
    [0.0, 0.0, 0.0],
    [0.0, 0.5, 0.0],
    [0.5, 0.0, 0.0],
    [0.0, 0.0, 0.5],
    [0.5, 0.5, 0.5],
    [0.75453035, 0.75453035, 0.5],
    [0.25, 0.75, 0.0],
    [0.75, 0.25, 0.0],
    [0.24546965, 0.24546965, 0.5],
    [0.75, 0.0, 0.25],
    [0.25, 0.0, 0.75],
    [0.75453035, 0.5, 0.75453035],
    [0.24546965, 0.5, 0.24546965],
    [0.0, 0.75, 0.25],
    [0.5, 0.75453035, 0.75453035],
    [0.0, 0.25, 0.75],
    [0.5, 0.24546965, 0.24546965]
  ],
  "relaxed_energy": -153.10417698,
  "relaxed_magmom": 13.0,
  "relaxed_mag_basis": [
    0.016,
    0.017,
    0.014,
    0.018,
    3.684,
    3.681,
    3.738,
    1.708,
    0.0,
    -0.038,
    -0.039,
    0.0,
    -0.019,
    -0.019,
    -0.001,
    -0.001,
    -0.017,
    -0.002,
    -0.02,
    -0.002
  ]
}