{
  "atom_type": [
    "La",
    "Mn",
    "Ni",
    "O"
  ],
  "atoms_per_type": [
    6,
    2,
    4,
    18
  ],
  "coord_mode": "direct",
  "relaxed_forces": [
    [0.0, 0.00719288, 0.0],
    [0.02606179, -0.0040254, -0.02606179],
    [-0.02606179, 0.0040254, 0.02606179],
    [0.0, -0.00719288, 0.0],
    [0.02606179, 0.0040254, -0.02606179],
    [-0.02606179, -0.0040254, 0.02606179],
    [-0.0217949, -0.0, 0.0217949],
    [0.0217949, -0.0, -0.0217949],
    [0.0, -0.0, 0.0],
    [-0.01168117, -0.0, 0.01168117],
    [0.0, -0.0, 0.0],
    [0.01168117, -0.0, -0.01168117],
    [-0.01342719, -0.0, -0.0089361],
    [-0.01238812, -0.0, -0.07279425],
    [0.0, -0.0, 0.0],
    [0.01238812, -0.0, 0.07279425],
    [0.01342719, -0.0, 0.0089361],
    [0.0, -0.0, 0.0],
    [-0.0064696, 0.00100123, 0.0064696],
    [0.0, 0.00321758, 0.0],
    [0.0064696, 0.00100123, -0.0064696],
    [-0.0064696, -0.00100123, 0.0064696],
    [0.0, -0.00321758, 0.0],
    [0.0064696, -0.00100123, -0.0064696],
    [0.0, -0.0, 0.0],
    [-0.07279425, -0.0, -0.01238812],
    [-0.0089361, -0.0, -0.01342719],
    [0.0, -0.0, 0.0],
    [0.0089361, -0.0, 0.01342719],
    [0.07279425, -0.0, 0.01238812]
  ],
  "relaxed_lattice": [
    [3.85583353, 0.0, 3.85583353],
    [0.0, -7.76954496, 0.0],
    [3.85800588, 0.0, -7.7138394]
  ],
  "relaxed_basis": [
    [0.3333333, 0.50623043, 0.6666667],
    [0.66826591, 0.99177851, 0.33653171],
    [0.99840079, 0.50822149, 0.99680159],
    [0.3333333, 0.99376957, 0.6666667],
    [0.66826591, 0.50822149, 0.33653171],
    [0.99840079, 0.99177851, 0.99680159],
    [0.16731424, 0.25, 0.33462837],
    [0.49935246, 0.25, 0.99870493],
    [0.8333333, 0.75, 0.6666667],
    [0.16629023, 0.75, 0.33258037],
    [0.8333333, 0.25, 0.6666667],
    [0.50037647, 0.75, 0.00075293],
    [0.00296239, 0.25, 0.49599004],
    [0.66610856, 0.75, 0.8341182],
    [0.3333333, 0.25, 0.1666667],
    [0.00055814, 0.75, 0.4992151],
    [0.66370431, 0.25, 0.83734326],
    [0.3333333, 0.75, 0.1666667],
    [0.1665165, 0.49429927, 0.3330329],
    [0.8333333, 0.99739081, 0.6666667],
    [0.5001502, 0.49429927, 0.0003004],
    [0.1665165, 0.00570073, 0.3330329],
    [0.8333333, 0.50260919, 0.6666667],
    [0.5001502, 0.00570073, 0.0003004],
    [0.8333333, 0.25, 0.1666667],
    [0.49865696, 0.75, 0.4992151],
    [0.17363904, 0.25, 0.83734326],
    [0.8333333, 0.75, 0.1666667],
    [0.49302766, 0.25, 0.49599004],
    [0.16800974, 0.75, 0.8341182]
  ],
  "relaxed_energy": -213.95058979,
  "relaxed_magmom": 12.0001,
  "relaxed_mag_basis": [
    0.01,
    0.011,
    0.011,
    0.01,
    0.011,
    0.011,
    3.243,
    3.243,
    1.41,
    1.506,
    1.625,
    1.506,
    -0.035,
    -0.06,
    -0.011,
    -0.06,
    -0.035,
    -0.037,
    -0.007,
    -0.054,
    -0.007,
    -0.007,
    -0.054,
    -0.007,
    -0.01,
    -0.062,
    -0.04,
    -0.065,
    -0.04,
    -0.062
  ]
}