{
  "atom_type": [
    "La",
    "Mn",
    "Ni",
    "O"
  ],
  "atoms_per_type": [
    6,
    1,
    5,
    18
  ],
  "coord_mode": "direct",
  "relaxed_forces": [
    [0.0, -0.0, 0.15795086],
    [-0.0, -0.0, 0.00191808],
    [0.0, -0.0, -0.00191808],
    [-0.0, -0.0, -0.15795086],
    [-0.0, -0.0, 0.02200291],
    [-0.0, -0.0, -0.02200291],
    [-0.0, 0.0, -0.0],
    [-0.0, 0.0, 0.00105962],
    [-0.0, -0.0, 0.01596737],
    [-0.0, -0.0, -0.0],
    [-0.0, 0.0, -0.01596737],
    [-0.0, -0.0, -0.00105962],
    [-0.0, -0.0, -0.13936462],
    [-0.0, 0.0, -0.08847207],
    [-0.0, -0.0, 0.01582398],
    [-0.0, 0.0, -0.01582398],
    [-0.0, 0.0, 0.08847207],
    [-0.0, 0.0, 0.13936462],
    [-0.0, -0.0, -0.0],
    [-0.0, -0.0, -0.06211857],
    [-0.0, -0.0, -0.01832866],
    [-0.0, -0.0, -0.0],
    [-0.0, -0.0, 0.01832866],
    [-0.0, -0.0, 0.06211857],
    [-0.0, 0.0, -0.0],
    [-0.0, 0.0, -0.06211857],
    [-0.0, -0.0, -0.01832866],
    [-0.0, -0.0, -0.0],
    [-0.0, -0.0, 0.01832866],
    [-0.0, -0.0, 0.06211857]
  ],
  "relaxed_lattice": [
    [3.85013473, 0.0, 0.0],
    [0.0, 3.85013473, 0.0],
    [0.0, 0.0, 23.15097456]
  ],
  "relaxed_basis": [
    [0.0, 0.0, 0.16814663],
    [0.0, 0.0, 0.33362028],
    [0.0, 0.0, 0.49971302],
    [0.0, 0.0, 0.66518677],
    [0.0, 0.0, 0.82830543],
    [0.0, 0.0, 0.00502787],
    [0.5, 0.5, 0.9166667],
    [0.5, 0.5, 0.74945169],
    [0.5, 0.5, 0.58314432],
    [0.5, 0.5, 0.4166667],
    [0.5, 0.5, 0.25018898],
    [0.5, 0.5, 0.08388161],
    [0.5, 0.5, 0.83473719],
    [0.5, 0.5, 0.66590565],
    [0.5, 0.5, 0.50048741],
    [0.5, 0.5, 0.33284589],
    [0.5, 0.5, 0.16742775],
    [0.5, 0.5, 0.99859611],
    [0.5, 0.0, 0.9166667],
    [0.5, 0.0, 0.75106084],
    [0.5, 0.0, 0.58353215],
    [0.5, 0.0, 0.4166667],
    [0.5, 0.0, 0.24980115],
    [0.5, 0.0, 0.08227246],
    [0.0, 0.5, 0.9166667],
    [0.0, 0.5, 0.75106084],
    [0.0, 0.5, 0.58353215],
    [0.0, 0.5, 0.4166667],
    [0.0, 0.5, 0.24980115],
    [0.0, 0.5, 0.08227246]
  ],
  "relaxed_energy": -206.65619703,
  "relaxed_magmom": 9.3703,
  "relaxed_mag_basis": [
    0.009,
    0.008,
    0.008,
    0.009,
    0.018,
    0.018,
    3.438,
    1.449,
    1.344,
    1.406,
    1.344,
    1.449,
    -0.034,
    -0.097,
    -0.098,
    -0.098,
    -0.097,
    -0.034,
    -0.07,
    -0.047,
    -0.061,
    -0.067,
    -0.061,
    -0.047,
    -0.043,
    -0.104,
    -0.126,
    -0.131,
    -0.126,
    -0.104
  ]
}