{
  "atom_type": [
    "La",
    "Mn",
    "Ni",
    "O"
  ],
  "atoms_per_type": [
    6,
    4,
    2,
    18
  ],
  "coord_mode": "direct",
  "relaxed_forces": [
    [0.0, 0.0, -0.0],
    [0.0, 0.0, -0.01030632],
    [0.0, 0.0, 0.01030632],
    [0.0, 0.0, -0.0],
    [0.0, 0.0, -0.01030632],
    [0.0, 0.0, 0.01030632],
    [0.0, 0.0, -0.0343424],
    [0.0, 0.0, -0.06429705],
    [0.0, 0.0, 0.0343424],
    [0.0, 0.0, 0.06429705],
    [0.0, 0.0, -0.02571227],
    [0.0, 0.0, 0.02571227],
    [0.0, 0.0, 0.0862053],
    [0.0, 0.0, -0.0],
    [0.0, 0.0, -0.0862053],
    [0.0, 0.0, 0.04654521],
    [0.0, 0.0, -0.0],
    [0.0, 0.0, -0.04654521],
    [0.0, 0.0, -0.0],
    [0.0, 0.08824966, 0.02631051],
    [0.0, 0.08824966, -0.02631051],
    [0.0, 0.0, -0.0],
    [0.0, -0.08824966, 0.02631051],
    [0.0, -0.08824966, -0.02631051],
    [0.0, 0.0, -0.0],
    [0.08824966, 0.0, 0.02631051],
    [0.08824966, 0.0, -0.02631051],
    [0.0, 0.0, -0.0],
    [-0.08824966, 0.0, 0.02631051],
    [-0.08824966, 0.0, -0.02631051]
  ],
  "relaxed_lattice": [
    [3.89200535, -3.89200535, 0.0],
    [3.89200535, 3.89200535, 0.0],
    [-3.89200535, 0.0, 11.71846134]
  ],
  "relaxed_basis": [
    [0.1666667, 0.1666667, 0.3333333],
    [0.33082911, 0.33082911, 0.66165831],
    [0.50250419, 0.50250419, 0.00500839],
    [0.6666667, 0.6666667, 0.3333333],
    [0.83082911, 0.83082911, 0.66165831],
    [0.00250419, 0.00250419, 0.00500839],
    [0.75038583, 0.25038583, 0.50077166],
    [0.91754287, 0.41754287, 0.83508564],
    [0.58294747, 0.08294747, 0.16589504],
    [0.41579053, 0.91579053, 0.83158096],
    [0.24973029, 0.74973029, 0.49946057],
    [0.08360301, 0.58360301, 0.16720613],
    [0.83511357, 0.33511357, 0.67022723],
    [0.6666667, 0.1666667, 0.3333333],
    [0.49821973, 0.99821973, 0.99643947],
    [0.33423511, 0.83423511, 0.66847033],
    [0.1666667, 0.6666667, 0.3333333],
    [0.99909819, 0.49909819, 0.99819637],
    [0.1666667, 0.1666667, 0.8333333],
    [0.9959963, 0.00584752, 0.50184381],
    [0.82748578, 0.837337, 0.16482289],
    [0.6666667, 0.6666667, 0.8333333],
    [0.50584752, 0.4959963, 0.50184381],
    [0.337337, 0.32748578, 0.16482289],
    [0.6666667, 0.1666667, 0.8333333],
    [0.50584752, 0.00584752, 0.50184381],
    [0.337337, 0.837337, 0.16482289],
    [0.1666667, 0.6666667, 0.8333333],
    [0.9959963, 0.4959963, 0.50184381],
    [0.82748578, 0.32748578, 0.16482289]
  ],
  "relaxed_energy": -226.83185915,
  "relaxed_magmom": 18.0016,
  "relaxed_mag_basis": [
    0.011,
    0.017,
    0.018,
    0.011,
    0.018,
    0.018,
    3.539,
    3.654,
    3.539,
    3.654,
    1.712,
    1.712,
    -0.027,
    -0.067,
    -0.027,
    -0.012,
    0.046,
    -0.012,
    -0.03,
    -0.002,
    0.001,
    -0.036,
    0.001,
    -0.002,
    -0.043,
    0.001,
    -0.004,
    -0.033,
    -0.004,
    0.001
  ]
}