{
  "atom_type": [
    "La",
    "Mn",
    "Ni",
    "O"
  ],
  "atoms_per_type": [
    5,
    4,
    1,
    15
  ],
  "coord_mode": "direct",
  "relaxed_forces": [
    [0.0, 0.0, -0.0],
    [0.0, -0.06960716, -0.06960716],
    [0.0, 0.02199685, 0.02199685],
    [0.0, -0.02199685, -0.02199685],
    [0.0, 0.06960716, 0.06960716],
    [0.0, -0.00373685, -0.00373685],
    [0.0, -0.06483021, -0.06483021],
    [0.0, 0.00373685, 0.00373685],
    [0.0, 0.06483021, 0.06483021],
    [0.0, 0.0, -0.0],
    [0.0, -0.00968996, 0.0559681],
    [0.0, 0.0, -0.0],
    [0.0, 0.00968996, -0.0559681],
    [0.0, -0.01918495, -0.01089906],
    [0.0, 0.01918495, 0.01089906],
    [0.0, 0.0559681, -0.00968996],
    [0.0, 0.0, -0.0],
    [0.0, -0.0559681, 0.00968996],
    [0.0, -0.01089906, -0.01918495],
    [0.0, 0.01089906, 0.01918495],
    [0.0, 0.07736002, 0.07736002],
    [0.0, -0.0221127, -0.0221127],
    [0.0, 0.0221127, 0.0221127],
    [0.0, -0.07736002, -0.07736002],
    [0.0, 0.0, -0.0]
  ],
  "relaxed_lattice": [
    [3.93623704, 0.0, 0.0],
    [0.0, 3.9137398, -3.9137398],
    [0.0, 7.828853, 11.7425928]
  ],
  "relaxed_basis": [
    [0.0, 0.6, 0.2],
    [0.0, 0.1944261, 0.3888522],
    [0.0, 0.79899919, 0.59799839],
    [0.0, 0.40100081, 0.80200161],
    [0.0, 0.0055739, 0.0111478],
    [0.5, 0.90030282, 0.80060565],
    [0.5, 0.49994717, 0.99989435],
    [0.5, 0.29969718, 0.59939435],
    [0.5, 0.70005283, 0.40010565],
    [0.5, 0.1, 0.2],
    [0.5, 0.69450537, 0.90017562],
    [0.5, 0.1, 0.7],
    [0.5, 0.50549463, 0.49982438],
    [0.5, 0.89851039, 0.30245035],
    [0.5, 0.30148961, 0.09754965],
    [0.5, 0.20567024, 0.90017562],
    [0.5, 0.6, 0.7],
    [0.5, 0.99432976, 0.49982438],
    [0.5, 0.40393996, 0.30245035],
    [0.5, 0.79606004, 0.09754965],
    [0.0, 0.49957969, 0.99915938],
    [0.0, 0.89939437, 0.79878875],
    [0.0, 0.30060563, 0.60121125],
    [0.0, 0.70042031, 0.40084062],
    [0.0, 0.1, 0.2]
  ],
  "relaxed_energy": -192.65689336,
  "relaxed_magmom": 16.9986,
  "relaxed_mag_basis": [
    0.011,
    0.015,
    0.022,
    0.022,
    0.015,
    3.893,
    3.665,
    3.894,
    3.665,
    1.733,
    -0.027,
    -0.051,
    -0.027,
    -0.001,
    -0.001,
    -0.028,
    -0.053,
    -0.028,
    -0.001,
    -0.001,
    -0.033,
    -0.041,
    -0.04,
    -0.033,
    0.04
  ]
}