{
  "atom_type": [
    "La",
    "Mn",
    "Ni",
    "O"
  ],
  "atoms_per_type": [
    6,
    3,
    3,
    18
  ],
  "coord_mode": "direct",
  "relaxed_forces": [
    [0.00793682, -0.00793682, -0.02257298],
    [0.03279892, -0.03279892, -0.02006351],
    [-0.06473391, 0.06473391, -0.02079101],
    [-0.02482133, 0.02482133, -0.01628059],
    [0.05569376, -0.05569376, -0.0618201],
    [0.00027652, -0.00027652, 0.07509666],
    [0.01121652, -0.01121652, 0.01147799],
    [0.01663733, -0.01663733, 0.01227559],
    [-0.01740004, 0.01740004, -0.0029632],
    [0.01385316, -0.01385316, 0.02138402],
    [-0.01411979, 0.01411979, 0.00478154],
    [-0.0012601, 0.0012601, -0.01893365],
    [0.01803352, -0.01803352, -0.03216957],
    [-0.01504513, 0.01504513, 0.00295647],
    [-0.02847005, 0.02847005, 0.01878573],
    [0.01093803, -0.01093803, 0.02025088],
    [0.01007863, -0.01007863, -0.01236379],
    [-0.00390817, 0.00390817, 0.0004794],
    [0.01670711, 0.00577992, -0.00411565],
    [0.00188406, -0.00333713, 0.02176088],
    [-0.02086398, 0.00677917, 0.01108907],
    [0.01882338, 0.00355205, -0.0447574],
    [0.00655431, -0.00233314, 0.00116963],
    [-0.01363353, 0.0067352, 0.03508852],
    [-0.00677917, 0.02086398, 0.01108907],
    [-0.00355205, -0.01882338, -0.0447574],
    [0.00233314, -0.00655431, 0.00116963],
    [-0.0067352, 0.01363353, 0.03508852],
    [-0.00577992, -0.01670711, -0.00411565],
    [0.00333713, -0.00188406, 0.02176088]
  ],
  "relaxed_lattice": [
    [3.88149504, 3.88149504, -0.0],
    [-3.88113698, 7.76263201, 0.00312279],
    [-0.00196309, 3.88345812, 7.76278551]
  ],
  "relaxed_basis": [
    [0.83439077, 0.82371663, 0.50750172],
    [0.67206688, 0.66621112, 0.98965521],
    [0.48994783, 0.51068939, 0.50941495],
    [0.33449696, 0.34180056, 0.98920543],
    [0.16916825, 0.15926806, 0.50239554],
    [0.00055728, 0.99874291, 0.00014252],
    [0.75095636, 0.24896108, 0.2491262],
    [0.58238816, 0.08384633, 0.75137726],
    [0.0831677, 0.58396449, 0.2497],
    [0.91814299, 0.41431892, 0.7493952],
    [0.24922107, 0.75139159, 0.75016627],
    [0.41685756, 0.91793562, 0.24834937],
    [0.66634645, 0.16656361, 0.50074359],
    [0.83110215, 0.33052435, 0.00727125],
    [0.00296723, 0.50061793, 0.49344761],
    [0.16432041, 0.66527756, 0.00608173],
    [0.33334681, 0.83642701, 0.49687927],
    [0.50145376, 0.00195176, 0.99514073],
    [0.41939674, 0.92121445, 0.75085553],
    [0.58729109, 0.08824365, 0.24961945],
    [0.74720959, 0.24576431, 0.75039506],
    [0.91754426, 0.41591685, 0.24938341],
    [0.08256969, 0.58149643, 0.75225968],
    [0.24576945, 0.74625985, 0.24948993],
    [0.25663104, 0.24576431, 0.75039506],
    [0.41715558, 0.41591685, 0.24938341],
    [0.5836741, 0.58149643, 0.75225968],
    [0.75848077, 0.74625985, 0.24948993],
    [0.90853338, 0.92121445, 0.75085553],
    [0.07484571, 0.08824365, 0.24961945]
  ],
  "relaxed_energy": -220.79609796,
  "relaxed_magmom": 15.0009,
  "relaxed_mag_basis": [
    0.008,
    0.012,
    0.009,
    0.012,
    0.014,
    0.017,
    3.282,
    3.251,
    3.275,
    1.7,
    1.721,
    1.662,
    -0.01,
    -0.044,
    -0.0,
    -0.003,
    0.02,
    -0.032,
    -0.005,
    -0.036,
    -0.005,
    -0.009,
    0.046,
    -0.037,
    -0.005,
    -0.009,
    0.046,
    -0.037,
    -0.005,
    -0.037
  ]
}