{
  "atom_type": [
    "La",
    "Mn",
    "Ni",
    "O"
  ],
  "atoms_per_type": [
    6,
    5,
    1,
    18
  ],
  "coord_mode": "direct",
  "relaxed_forces": [
    [0.0, -0.02201129, -0.06825795],
    [0.0, -0.08432905, -0.0],
    [0.0, -0.02201129, 0.06825795],
    [0.0, 0.02201129, -0.06825795],
    [0.0, 0.08432905, -0.0],
    [-0.0, 0.02201129, 0.06825795],
    [0.0, 0.0, 0.02574126],
    [-0.0, 0.0, 0.05075499],
    [0.0, 0.0, -0.0],
    [0.0, 0.0, -0.02574126],
    [-0.0, 0.0, -0.05075499],
    [0.0, 0.0, -0.0],
    [0.0, 0.0, -0.0],
    [0.0, 0.0, 0.06378704],
    [0.0, 0.0, -0.07429139],
    [0.0, 0.0, -0.0],
    [0.0, 0.0, 0.07429139],
    [0.0, 0.0, -0.06378704],
    [-0.0, 0.03254768, -0.02392886],
    [0.0, -0.03254768, 0.02392886],
    [0.0, -0.06987542, -0.0],
    [0.0, -0.03254768, -0.02392886],
    [-0.0, 0.03254768, 0.02392886],
    [0.0, 0.06987542, -0.0],
    [0.0, 0.0, -0.08840355],
    [0.0, 0.0, -0.02387545],
    [0.0, 0.0, -0.0],
    [0.0, 0.0, 0.02387545],
    [0.0, 0.0, 0.08840355],
    [0.0, 0.0, -0.0]
  ],
  "relaxed_lattice": [
    [3.92264666, 0.0, 0.0],
    [0.0, 7.84099158, 0.0],
    [0.0, 0.0, 11.76473718]
  ],
  "relaxed_basis": [
    [0.0, 0.49309143, 0.32852333],
    [0.0, 0.9988736, 0.6666667],
    [0.0, 0.49309143, 0.00480997],
    [0.0, 0.00690857, 0.32852333],
    [0.0, 0.5011264, 0.6666667],
    [0.0, 0.00690857, 0.00480997],
    [0.5, 0.25, 0.50003435],
    [0.5, 0.75, 0.8341969],
    [0.5, 0.75, 0.1666667],
    [0.5, 0.25, 0.83329895],
    [0.5, 0.75, 0.4991364],
    [0.5, 0.25, 0.1666667],
    [0.5, 0.75, 0.6666667],
    [0.5, 0.25, 0.3349487],
    [0.5, 0.75, 0.00101513],
    [0.5, 0.25, 0.6666667],
    [0.5, 0.75, 0.33231817],
    [0.5, 0.25, 0.9983846],
    [0.5, 0.49891526, 0.8322482],
    [0.5, 0.00108474, 0.5010851],
    [0.5, 0.50636123, 0.1666667],
    [0.5, 0.00108474, 0.8322482],
    [0.5, 0.49891526, 0.5010851],
    [0.5, 0.99363877, 0.1666667],
    [0.0, 0.75, 0.83194633],
    [0.0, 0.25, 0.50094394],
    [0.0, 0.75, 0.1666667],
    [0.0, 0.25, 0.83238936],
    [0.0, 0.75, 0.50138697],
    [0.0, 0.25, 0.1666667]
  ],
  "relaxed_energy": -232.27504068,
  "relaxed_magmom": 20.9992,
  "relaxed_mag_basis": [
    0.016,
    0.022,
    0.016,
    0.016,
    0.021,
    0.016,
    3.804,
    3.886,
    3.668,
    3.804,
    3.887,
    1.722,
    -0.038,
    -0.004,
    -0.027,
    -0.036,
    -0.026,
    -0.004,
    -0.027,
    -0.027,
    -0.004,
    -0.027,
    -0.026,
    -0.004,
    -0.037,
    -0.033,
    -0.028,
    -0.032,
    -0.036,
    0.034
  ]
}